item_id,urid,department,discipline,category,item,common_name,kind,unit_basis,grade,description,specification,xyz,xyz_basis,default_phase,tier,unit_cost_usd,cost_low_usd,cost_high_usd,lead_time_hrs,crew,unspsc,purchase_account,sales_account,account_type,default_cost_center,price_evidence,source,mapping_confidence,lifecycle_state,external_ref
0000.51.01-XOS-004,0000.51.01,0000 Executive,0000.51 Commercial and Finance,Financial control,Lease Security Deposit,,asset,each,Standard,Refundable deposit held by the landlord.,,X,kind asset,Scope,04 Physical,,,,,,,1500,,Asset,CC-CORP,,XOS 4.0 GL coverage,Representative,Proposed,0000.51.01-XOS-1600-1472
0000.51.01-XOS-005,0000.51.01,0000 Executive,0000.51 Commercial and Finance,Financial control,Vendor Deposit,,asset,each,Standard,Refundable deposit held by a vendor.,,X,kind asset,Scope,04 Physical,,,,,,,1500,,Asset,CC-CORP,,XOS 4.0 GL coverage,Representative,Proposed,0000.51.01-XOS-1600-1473
0000.51.01-XOS-001,0000.51.01,0000 Executive,0000.51 Commercial and Finance,Financial control,Accrued Event Cost,,liability,each,Standard,Cost incurred and not yet invoiced.,,X,default: a nameable resource,Scope,04 Physical,,,,,,,2200,,Liability,CC-CORP,,XOS 4.0 GL coverage,Representative,Proposed,0000.51.01-XOS-2200-1474
0000.51.01-XOS-002,0000.51.01,0000 Executive,0000.51 Commercial and Finance,Financial control,Deferred Hire Revenue,,liability,each,Standard,Hire revenue received before the event.,,X,default: a nameable resource,Scope,04 Physical,,,,,,,2300,,Liability,CC-CORP,,XOS 4.0 GL coverage,Representative,Proposed,0000.51.01-XOS-2300-1476
0000.51.01-XOS-003,0000.51.01,0000 Executive,0000.51 Commercial and Finance,Financial control,Deferred Sponsorship Revenue,,liability,each,Standard,Sponsor revenue received before the event.,,X,default: a nameable resource,Scope,04 Physical,,,,,,,2300,,Liability,CC-CORP,,XOS 4.0 GL coverage,Representative,Proposed,0000.51.01-XOS-2300-1475
0000.01.01-XOS-001,0000.01.01,0000 Executive,0000.01 Executive Leadership & Strategy,Production Leadership,Private Hire · Full Venue,,revenue,day,Standard,"Full venue hire for a private event, per day.",,Y,kind revenue,Scope,04 Physical,,,,,,,,4000,Revenue,CC-CORP,,XOS 4.0 GL coverage,Representative,Proposed,0000.01.01-XOS-4100-1443
0000.01.01-XOS-002,0000.01.01,0000 Executive,0000.01 Executive Leadership & Strategy,Production Leadership,Private Hire · Single Zone,,revenue,day,Standard,"Single zone hire, per day.",,Y,kind revenue,Scope,04 Physical,,,,,,,,4000,Revenue,CC-CORP,,XOS 4.0 GL coverage,Representative,Proposed,0000.01.01-XOS-4100-1444
0000.01.01-XOS-003,0000.01.01,0000 Executive,0000.01 Executive Leadership & Strategy,Production Leadership,Production Fee,,revenue,event,Standard,"Production management fee invoiced to the brand house, per event.",,Y,kind revenue,Scope,04 Physical,,,,,,,,4000,Revenue,CC-CORP,,XOS 4.0 GL coverage,Representative,Proposed,0000.01.01-XOS-4100-1445
0000.01.01-XOS-004,0000.01.01,0000 Executive,0000.01 Executive Leadership & Strategy,Production Leadership,Sponsorship · Presenting,,revenue,package,Standard,Presenting sponsorship package.,,Y,kind revenue,Scope,04 Physical,,,,,,,,4000,Revenue,CC-CORP,,XOS 4.0 GL coverage,Representative,Proposed,0000.01.01-XOS-4300-1451
0000.01.01-XOS-005,0000.01.01,0000 Executive,0000.01 Executive Leadership & Strategy,Production Leadership,Sponsorship · Title,,revenue,package,Standard,Title sponsorship package against evidenced deliverables.,,Y,kind revenue,Scope,04 Physical,,,,,,,,4000,Revenue,CC-CORP,,XOS 4.0 GL coverage,Representative,Proposed,0000.01.01-XOS-4300-1450
0000.01.01-XOS-006,0000.01.01,0000 Executive,0000.01 Executive Leadership & Strategy,Production Leadership,Ticket · General Admission,,revenue,each,Standard,General admission ticket.,,Y,kind revenue,Scope,04 Physical,,,,,,,,4000,Revenue,CC-CORP,,XOS 4.0 GL coverage,Representative,Proposed,0000.01.01-XOS-4100-1446
0000.01.01-XOS-007,0000.01.01,0000 Executive,0000.01 Executive Leadership & Strategy,Production Leadership,Ticket · VIP,,revenue,each,Standard,VIP ticket with premium access.,,Y,kind revenue,Scope,04 Physical,,,,,,,,4000,Revenue,CC-CORP,,XOS 4.0 GL coverage,Representative,Proposed,0000.01.01-XOS-4100-1447
0000.01.01-XOS-008,0000.01.01,0000 Executive,0000.01 Executive Leadership & Strategy,Production Leadership,Value in Kind,,revenue,each,Standard,Sponsor-provided goods or services at agreed value.,,Y,kind revenue,Scope,04 Physical,,,,,,,,4000,Revenue,CC-CORP,,XOS 4.0 GL coverage,Representative,Proposed,0000.01.01-XOS-4300-1452
7000.01.01-XOS-022,7000.01.01,7000 Experience,7000.01 Guest Experience & Journey,Guest Experience & Journey,Coat Check Fee,,revenue,each,Standard,"Coat and bag check, per item.",,Y,kind revenue,Scope,04 Physical,,,,,,,,4700,Revenue,CC-VENUE,,XOS 4.0 GL coverage,Representative,Proposed,7000.01.01-XOS-4400-1454
7000.01.01-XOS-023,7000.01.01,7000 Experience,7000.01 Guest Experience & Journey,Guest Experience & Journey,Merchandise Sales,,revenue,each,Standard,Merchandise at the point of sale.,,Y,kind revenue,Scope,04 Physical,,,,,,,,4700,Revenue,CC-VENUE,,XOS 4.0 GL coverage,Representative,Proposed,7000.01.01-XOS-4400-1453
7000.01.01-XOS-024,7000.01.01,7000 Experience,7000.01 Guest Experience & Journey,Guest Experience & Journey,Parking and Valet Fee,,revenue,each,Standard,"Parking or valet, per vehicle.",,Y,kind revenue,Scope,04 Physical,,,,,,,,4700,Revenue,CC-VENUE,,XOS 4.0 GL coverage,Representative,Proposed,7000.01.01-XOS-4400-1455
8000.01.01-XOS-031,8000.01.01,8000 Hospitality,8000.01 Catering & Culinary,Guest & VIP Catering,Bar Sales,,revenue,each,Standard,Bar revenue at the point of sale.,,Y,kind revenue,Scope,04 Physical,,,,,,,,4800,Revenue,CC-VENUE,,XOS 4.0 GL coverage,Representative,Proposed,8000.01.01-XOS-4200-1448
8000.01.01-XOS-032,8000.01.01,8000 Hospitality,8000.01 Catering & Culinary,Guest & VIP Catering,Catering Sales,,revenue,cover,Standard,Food revenue at the point of sale or per cover.,,Y,kind revenue,Scope,04 Physical,,,,,,,,4800,Revenue,CC-VENUE,,XOS 4.0 GL coverage,Representative,Proposed,8000.01.01-XOS-4200-1449
0000.01.01-XPMS-011,0000.01.01,0000 Executive,0000.01 Executive Leadership & Strategy,Production Leadership,Budget Envelope Development,Budget Envelope Development,service,each,Standard,"Order-of-magnitude cost model built from comparable engagements, establishing the envelope a design is constrained by. Carries its own confidence and is superseded by the gate 3 baseline, never merged into it.",,Y,kind service,Scope,05 Experiential,,,,,,,5000,,Expense,CC-CORP,,XPMS 3.0 canon,Exact,Proposed,
0000.01.01-XPMS-001,0000.01.01,0000 Executive,0000.01 Executive Leadership & Strategy,Production Leadership,Executive Producer or Project Lead,,service,each,Standard,Senior producer accountable for the engagement.,,Y,kind service,Operate,05 Experiential,,,,,,,5000,,Expense,CC-CORP,,XPMS 3.0 canon,Exact,Active,
0000.01.01-XPMS-009,0000.01.01,0000 Executive,0000.01 Executive Leadership & Strategy,Production Leadership,Feasibility Study,Feasibility Study,service,each,Standard,"Structured assessment of whether a proposed event can be delivered at the stated scope, budget and date in a named jurisdiction. Covers venue capacity, code constraints, labour availability, seasonality and permit lead times. Produces a go / no-go recommendation with the constraints that drove it.",,Y,kind service,Scope,05 Experiential,,,,,,,5000,,Expense,CC-CORP,,XPMS 3.0 canon,Exact,Proposed,
0000.01.01-XPMS-008,0000.01.01,0000 Executive,0000.01 Executive Leadership & Strategy,Production Leadership,Insurance or Permits,Insurance / permits,package,each,Standard,Executive · Insurance / permits.,,Y,name signals process or service,Operate,04 Physical,,,,,,,5000,,Expense,CC-CORP,,XPMS 3.0 canon,Exact,Proposed,
0000.01.01-XPMS-006,0000.01.01,0000 Executive,0000.01 Executive Leadership & Strategy,Production Leadership,"Insurance · GL, Property, Liquor",Insurance,opex,each,Standard,"Executive · Insurance; GL, Property, Liquor.",,Y,name signals process or service,Operate,04 Physical,,,,,,,5000,,Expense,CC-CORP,,XPMS 3.0 canon,Exact,Proposed,
0000.01.01-XPMS-005,0000.01.01,0000 Executive,0000.01 Executive Leadership & Strategy,Production Leadership,Legal & Compliance,Legal & Compliance,opex,each,Standard,Executive · Legal and Compliance.,,X,default: a nameable resource,Operate,04 Physical,,,,,,,5000,,Expense,CC-CORP,,XPMS 3.0 canon,Exact,Proposed,
0000.01.01-XPMS-004,0000.01.01,0000 Executive,0000.01 Executive Leadership & Strategy,Production Leadership,Management Retainer,Management Retainer,opex,each,Standard,Executive · Management Retainer.,,Y,name signals process or service,Operate,04 Physical,,,,,,,5000,,Expense,CC-CORP,,XPMS 3.0 canon,Exact,Proposed,
0000.01.01-XPMS-007,0000.01.01,0000 Executive,0000.01 Executive Leadership & Strategy,Production Leadership,Permits & Licenses (amortized),Permits & Licenses,opex,each,Standard,Executive · Permits and Licenses (amortized).,,Y,name signals process or service,Operate,04 Physical,,,,,,,5000,,Expense,CC-CORP,,XPMS 3.0 canon,Exact,Proposed,
0000.01.01-XPMS-010,0000.01.01,0000 Executive,0000.01 Executive Leadership & Strategy,Production Leadership,Project Charter & Objectives Definition,Project Charter & Objectives Definition,service,each,Standard,"Facilitated definition of measurable objectives, success criteria, scope boundaries and named decision authority. Gate 8 measures against these, so a project without them can report activity but not success.",,Y,kind service,Scope,05 Experiential,,,,,,,5000,,Expense,CC-CORP,,XPMS 3.0 canon,Exact,Proposed,
0000.01.01-XPMS-002,0000.01.01,0000 Executive,0000.01 Executive Leadership & Strategy,Production Leadership,Project Controls or ATLVS Instance,Project Controls / ATLVS Instance,service,each,Standard,"Controls, reporting, software setup.",,Y,kind service,Build,04 Physical,,,,,,,5000,,Expense,CC-CORP,,XPMS 3.0 canon,Exact,Proposed,
0000.01.01-XPMS-003,0000.01.01,0000 Executive,0000.01 Executive Leadership & Strategy,Production Leadership,Waste Diversion + Sustainable Materials,Waste Diversion + Sustainable Materials,service,each,Standard,Diversion plan + materials premium.,,Y,kind service,Build,04 Physical,,,,,,,5000,,Expense,CC-CORP,,XPMS 3.0 canon,Exact,Proposed,
0000.02.01-XPMS-003,0000.02.01,0000 Executive,0000.02 Finance & Accounting,Production Accounting,Bookkeeping & Job-Costing,Bookkeeping & Job-Costing,opex,each,Standard,Dedicated job-cost ledger.,,X,default: a nameable resource,Operate,04 Physical,,,,,,,5000,,Expense,CC-VENUE,,XPMS 3.0 canon,Exact,Proposed,
0000.02.01-XPMS-004,0000.02.01,0000 Executive,0000.02 Finance & Accounting,Production Accounting,Pro Forma & Scenario Modelling,Pro Forma & Scenario Modelling,service,each,Standard,"Revenue and cost scenarios across attendance, pricing and scope variants, showing where the engagement breaks even and where it fails. Scenario modelling, not a forecast.",,Y,kind service,Scope,05 Experiential,,,,,,,5000,,Expense,CC-VENUE,,XPMS 3.0 canon,Exact,Proposed,
0000.02.01-XPMS-001,0000.02.01,0000 Executive,0000.02 Finance & Accounting,Production Accounting,Production Accounting & Budget Management,,service,each,Standard,"Budgeting, cost tracking, reconciliation.",,Y,kind service,Operate,05 Experiential,,,,,,,5000,,Expense,CC-VENUE,,XPMS 3.0 canon,Exact,Active,
0000.02.01-XPMS-002,0000.02.01,0000 Executive,0000.02 Finance & Accounting,Production Accounting,Project Bookkeeping & Job-Costing,Project Bookkeeping & Job-Costing,service,each,Standard,Dedicated job-cost ledger.,,Y,kind service,Build,04 Physical,,,,,,,5000,,Expense,CC-VENUE,,XPMS 3.0 canon,Exact,Proposed,
0000.03.01-XPMS-001,0000.03.01,0000 Executive,0000.03 Legal & Risk,Legal Services,Contract & Legal Review,,service,each,Standard,"Contracts, releases, risk review.",,Y,kind service,Operate,05 Experiential,,,,,,,5000,,Expense,CC-VENUE,,XPMS 3.0 canon,Exact,Active,
0000.03.01-XPMS-002,0000.03.01,0000 Executive,0000.03 Legal & Risk,Legal Services,Legal or Vendor Contracting,Legal / Vendor Contracting,service,each,Standard,"MSAs, SOWs, vendor agreements.",,Y,kind service,Build,04 Physical,,,,,,,5000,,Expense,CC-VENUE,,XPMS 3.0 canon,Exact,Proposed,
0000.03.01-XPMS-003,0000.03.01,0000 Executive,0000.03 Legal & Risk,Legal Services,Risk Register Development,Risk Register Development,service,each,Standard,"Initial identification, likelihood and impact scoring of project risks, with named owners. Maintained through the lifecycle; the register, not the memory of it, is the deliverable.",,Y,kind service,Scope,05 Experiential,,,,,,,5000,,Expense,CC-VENUE,,XPMS 3.0 canon,Exact,Proposed,
0000.04.01-XPMS-001,0000.04.01,0000 Executive,0000.04 Human Resources & People,People Operations,Staffing & HR Coordination,,service,each,Standard,"Crew HR, onboarding, labor coordination.",,Y,kind service,Operate,05 Experiential,,,,,,,5000,,Expense,CC-VENUE,,XPMS 3.0 canon,Exact,Active,
0000.05.01-XPMS-001,0000.05.01,0000 Executive,0000.05 Business Development & Partnerships,Business Development,Partnership Development,,service,each,Standard,Partner sourcing and deal development.,,Y,kind service,Operate,05 Experiential,,,,,,,5000,,Expense,CC-VENUE,,XPMS 3.0 canon,Exact,Active,
0000.05.01-XPMS-002,0000.05.01,0000 Executive,0000.05 Business Development & Partnerships,Business Development,Sponsorship Prospecting & Valuation,Sponsorship Prospecting & Valuation,service,each,Standard,"Identification of sponsorship prospects and valuation of available inventory against comparable engagements. Establishes what may be contracted, which gate 8 must later evidence.",,Y,kind service,Scope,05 Experiential,,,,,,,5000,,Expense,CC-VENUE,,XPMS 3.0 canon,Exact,Proposed,
0000.06.01-XPMS-001,0000.06.01,0000 Executive,0000.06 Insurance & Permitting,Insurance,General Liability & Builders-Risk Insurance,,service,each,Standard,Event GL and builders-risk coverage.,,Y,kind service,Operate,05 Experiential,,,,,,,5000,,Expense,CC-VENUE,,XPMS 3.0 canon,Exact,Active,
0000.06.01-XPMS-003,0000.06.01,0000 Executive,0000.06 Insurance & Permitting,Insurance,Jurisdiction & Permit Feasibility Review,Jurisdiction & Permit Feasibility Review,service,each,Standard,"Determination of which authority has jurisdiction, which permits the concept triggers, and what the lead times are. Where the jurisdiction carries no loaded rule set, this review states that no answer is available rather than applying another jurisdiction's code.",,Y,kind service,Scope,05 Experiential,,,,,,,5000,,Expense,CC-VENUE,,XPMS 3.0 canon,Exact,Proposed,
0000.06.01-XPMS-002,0000.06.01,0000 Executive,0000.06 Insurance & Permitting,Insurance,Permit Coordination Liaison,Permit Coordination Liaison,service,each,Standard,Liaison; permitting led by Spotify.,,Y,kind service,Build,04 Physical,,,,,,,5000,,Expense,CC-VENUE,,XPMS 3.0 canon,Exact,Proposed,
0000.06.02-XPMS-001,0000.06.02,0000 Executive,0000.06 Insurance & Permitting,Permitting,Event Permits & Licensing,,service,each,Standard,"Permit filing, licensing, expediting.",,Y,kind service,Operate,05 Experiential,,,,,,,5000,,Expense,CC-VENUE,,XPMS 3.0 canon,Exact,Active,
0000.50.01-XOS-001,0000.50.01,0000 Executive,0000.50 Governance and Client Relations,Client sponsorship,Client Sponsorship,,service,lump sum,Standard,Representative line for client sponsorship so the category can carry cost. Replace with the specific item on award.,,Y,kind service,Procure,04 Physical,,,,,,,5000,,Expense,CC-VENUE,,XOS 4.0 gap fill,Representative,Proposed,0000.50.01-XOS-001
0000.50.02-XOS-001,0000.50.02,0000 Executive,0000.50 Governance and Client Relations,Operator leadership,Operator Leadership,,service,lump sum,Standard,Representative line for operator leadership so the category can carry cost. Replace with the specific item on award.,,Y,kind service,Procure,04 Physical,,,,,,,5000,,Expense,CC-VENUE,,XOS 4.0 gap fill,Representative,Proposed,0000.50.02-XOS-001
0000.50.03-XOS-001,0000.50.03,0000 Executive,0000.50 Governance and Client Relations,Approval authority,Approval Authority,,service,lump sum,Standard,Representative line for approval authority so the category can carry cost. Replace with the specific item on award.,,Y,kind service,Procure,04 Physical,,,,,,,5000,,Expense,CC-VENUE,,XOS 4.0 gap fill,Representative,Proposed,0000.50.03-XOS-001
0000.51.01-XOS-006,0000.51.01,0000 Executive,0000.51 Commercial and Finance,Financial control,Financial Control,,service,lump sum,Standard,Representative line for financial control so the category can carry cost. Replace with the specific item on award.,,Y,kind service,Procure,04 Physical,,,,,,,5000,,Expense,CC-CORP,,XOS 4.0 gap fill,Representative,Proposed,0000.51.01-XOS-001
0000.51.02-XOS-001,0000.51.02,0000 Executive,0000.51 Commercial and Finance,Insurance and risk,General Liability Policy,,insurance,year,Standard,Annual general liability policy.,,Y,kind insurance,Procure,04 Physical,,,,,,,5000,,Expense,CC-CORP,,XOS 4.0 GL coverage,Representative,Proposed,0000.51.02-XOS-6020-1456
0000.51.02-XOS-005,0000.51.02,0000 Executive,0000.51 Commercial and Finance,Insurance and risk,Insurance and Risk,,service,lump sum,Standard,Representative line for insurance and risk so the category can carry cost. Replace with the specific item on award.,,Y,kind service,Procure,04 Physical,,,,,,,5000,,Expense,CC-CORP,,XOS 4.0 gap fill,Representative,Proposed,0000.51.02-XOS-001
0000.51.02-XOS-002,0000.51.02,0000 Executive,0000.51 Commercial and Finance,Insurance and risk,Liquor Liability Policy,,insurance,year,Standard,Annual liquor liability policy.,,Y,kind insurance,Procure,04 Physical,,,,,,,5000,,Expense,CC-CORP,,XOS 4.0 GL coverage,Representative,Proposed,0000.51.02-XOS-6020-1457
0000.51.02-XOS-003,0000.51.02,0000 Executive,0000.51 Commercial and Finance,Insurance and risk,Property Policy,,insurance,year,Standard,Annual property and contents policy.,,Y,kind insurance,Procure,04 Physical,,,,,,,5000,,Expense,CC-CORP,,XOS 4.0 GL coverage,Representative,Proposed,0000.51.02-XOS-6020-1459
0000.51.02-XOS-004,0000.51.02,0000 Executive,0000.51 Commercial and Finance,Insurance and risk,Umbrella Policy,,insurance,year,Standard,Annual umbrella policy.,,Y,kind insurance,Procure,04 Physical,,,,,,,5000,,Expense,CC-CORP,,XOS 4.0 GL coverage,Representative,Proposed,0000.51.02-XOS-6020-1458
0000.51.03-XOS-001,0000.51.03,0000 Executive,0000.51 Commercial and Finance,Legal counsel,Business Tax Receipt,,license,year,Standard,City and county business license.,,Y,kind license,Procure,04 Physical,,,,,,,5000,,Expense,CC-CORP,,XOS 4.0 GL coverage,Representative,Proposed,0000.51.03-XOS-6030-1464
0000.51.03-XOS-007,0000.51.03,0000 Executive,0000.51 Commercial and Finance,Legal counsel,Legal Counsel,,service,lump sum,Standard,Representative line for legal counsel so the category can carry cost. Replace with the specific item on award.,,Y,kind service,Procure,04 Physical,,,,,,,5000,,Expense,CC-CORP,,XOS 4.0 gap fill,Representative,Proposed,0000.51.03-XOS-001
0000.51.03-XOS-002,0000.51.03,0000 Executive,0000.51 Commercial and Finance,Legal counsel,Performance Rights License · ASCAP,,license,year,Standard,Annual public performance license.,,Y,kind license,Procure,04 Physical,,,,,,,5000,,Expense,CC-CORP,,XOS 4.0 GL coverage,Representative,Proposed,0000.51.03-XOS-6030-1460
0000.51.03-XOS-003,0000.51.03,0000 Executive,0000.51 Commercial and Finance,Legal counsel,Performance Rights License · BMI,,license,year,Standard,Annual public performance license.,,Y,kind license,Procure,04 Physical,,,,,,,5000,,Expense,CC-CORP,,XOS 4.0 GL coverage,Representative,Proposed,0000.51.03-XOS-6030-1461
0000.51.03-XOS-004,0000.51.03,0000 Executive,0000.51 Commercial and Finance,Legal counsel,Performance Rights License · GMR,,license,year,Standard,Annual public performance license.,,Y,kind license,Procure,04 Physical,,,,,,,5000,,Expense,CC-CORP,,XOS 4.0 GL coverage,Representative,Proposed,0000.51.03-XOS-6030-1463
0000.51.03-XOS-005,0000.51.03,0000 Executive,0000.51 Commercial and Finance,Legal counsel,Performance Rights License · SESAC,,license,year,Standard,Annual public performance license.,,Y,kind license,Procure,04 Physical,,,,,,,5000,,Expense,CC-CORP,,XOS 4.0 GL coverage,Representative,Proposed,0000.51.03-XOS-6030-1462
0000.51.03-XOS-006,0000.51.03,0000 Executive,0000.51 Commercial and Finance,Legal counsel,Special Event Permit,,license,event,Standard,"Per-event permit where triggered by occupancy, hours or street use.",,Y,kind license,Procure,04 Physical,,,,,,,5000,,Expense,CC-CORP,,XOS 4.0 GL coverage,Representative,Proposed,0000.51.03-XOS-6030-1465
0000.60.01-XOS-001,0000.60.01,0000 Executive,0000.60 Executive Ramp-Up Program,Scope activities,Scope Activities · Executive,,service,lump sum,Standard,Representative line for scope activities so the category can carry cost. Replace with the specific item on award.,,Y,kind service,Scope,04 Physical,,,,,,,5000,,Expense,CC-E00,,XOS 4.0 gap fill,Representative,Proposed,0000.60.01-XOS-001
0000.60.02-XOS-001,0000.60.02,0000 Executive,0000.60 Executive Ramp-Up Program,Engage activities,Engage Activities · Executive,,service,lump sum,Standard,Representative line for engage activities so the category can carry cost. Replace with the specific item on award.,,Y,kind service,Engage,04 Physical,,,,,,,5000,,Expense,CC-E00,,XOS 4.0 gap fill,Representative,Proposed,0000.60.02-XOS-001
0000.60.03-XOS-001,0000.60.03,0000 Executive,0000.60 Executive Ramp-Up Program,Advance activities,Advance Activities · Executive,,service,lump sum,Standard,Representative line for advance activities so the category can carry cost. Replace with the specific item on award.,,Y,kind service,Advance,04 Physical,,,,,,,5000,,Expense,CC-E00,,XOS 4.0 gap fill,Representative,Proposed,0000.60.03-XOS-001
0000.60.04-XOS-001,0000.60.04,0000 Executive,0000.60 Executive Ramp-Up Program,Procure activities,Procure Activities · Executive,,service,lump sum,Standard,Representative line for procure activities so the category can carry cost. Replace with the specific item on award.,,Y,kind service,Procure,04 Physical,,,,,,,5000,,Expense,CC-E00,,XOS 4.0 gap fill,Representative,Proposed,0000.60.04-XOS-001
0000.60.05-XOS-001,0000.60.05,0000 Executive,0000.60 Executive Ramp-Up Program,Build activities,Build Activities · Executive,,service,lump sum,Standard,Representative line for build activities so the category can carry cost. Replace with the specific item on award.,,Y,kind service,Build,04 Physical,,,,,,,5000,,Expense,CC-E00,,XOS 4.0 gap fill,Representative,Proposed,0000.60.05-XOS-001
0000.60.06-XOS-001,0000.60.06,0000 Executive,0000.60 Executive Ramp-Up Program,Install activities,Install Activities · Executive,,service,lump sum,Standard,Representative line for install activities so the category can carry cost. Replace with the specific item on award.,,Y,kind service,Install,04 Physical,,,,,,,5000,,Expense,CC-E00,,XOS 4.0 gap fill,Representative,Proposed,0000.60.06-XOS-001
0000.60.07-XOS-001,0000.60.07,0000 Executive,0000.60 Executive Ramp-Up Program,Operate activities,Operate Activities · Executive,,service,lump sum,Standard,Representative line for operate activities so the category can carry cost. Replace with the specific item on award.,,Y,kind service,Operate,04 Physical,,,,,,,5000,,Expense,CC-E00,,XOS 4.0 gap fill,Representative,Proposed,0000.60.07-XOS-001
0000.60.08-XOS-001,0000.60.08,0000 Executive,0000.60 Executive Ramp-Up Program,Amplify activities,Amplify Activities · Executive,,service,lump sum,Standard,Representative line for amplify activities so the category can carry cost. Replace with the specific item on award.,,Y,kind service,Amplify,04 Physical,,,,,,,5000,,Expense,CC-E00,,XOS 4.0 gap fill,Representative,Proposed,0000.60.08-XOS-001
0000.60.09-XOS-001,0000.60.09,0000 Executive,0000.60 Executive Ramp-Up Program,Close activities,Close Activities · Executive,,service,lump sum,Standard,Representative line for close activities so the category can carry cost. Replace with the specific item on award.,,Y,kind service,Close,04 Physical,,,,,,,5000,,Expense,CC-E00,,XOS 4.0 gap fill,Representative,Proposed,0000.60.09-XOS-001
1000.01.01-XPMS-002,1000.01.01,1000 Creative,1000.01 Creative Direction,Creative Direction,3D Renderings · 5 Key Spaces,3D Renderings,service,each,Standard,Photoreal renderings.,,Y,kind service,Build,04 Physical,,,,,,,5100,,Expense,CC-VENUE,,XPMS 3.0 canon,Exact,Proposed,
1000.01.01-XOS-031,1000.01.01,1000 Creative,1000.01 Creative Direction,Creative Direction,Arrival or Ambient Soundscape · Base,Catch Phrases,experience,each,Base,Background playlist at arrival and lounge zones.,Zone: Entrance / Lobby. Tier fit: T1; T4. Upgrades: Custom-composed ambient score. Add-ons: Spatial zone audio. Substitutions: Standard playlist only.,Y,kind experience,Scope,05 Experiential,,,,,,,5100,,Expense,CC-VENUE,,Catalog Framework · Artistry (Sound),Department fallback,Proposed,SND-03
1000.01.01-XOS-032,1000.01.01,1000 Creative,1000.01 Creative Direction,Creative Direction,Arrival or Ambient Soundscape · Elevated,Catch Phrases,experience,each,Elevated,Designed arrival soundscape with zone-specific moods.,Zone: Entrance / Lobby. Tier fit: T1; T4. Upgrades: Custom-composed ambient score. Add-ons: Spatial zone audio. Substitutions: Standard playlist only.,Y,kind experience,Scope,05 Experiential,,,,,,,5100,,Expense,CC-VENUE,,Catalog Framework · Artistry (Sound),Department fallback,Proposed,SND-03
1000.01.01-XOS-033,1000.01.01,1000 Creative,1000.01 Creative Direction,Creative Direction,Arrival or Ambient Soundscape · Premium,Catch Phrases,experience,each,Premium,Composed ambient score that evolves across the guest journey and zones.,Zone: Entrance / Lobby. Tier fit: T1; T4. Upgrades: Custom-composed ambient score. Add-ons: Spatial zone audio. Substitutions: Standard playlist only.,Y,kind experience,Scope,05 Experiential,,,,,,,5100,,Expense,CC-VENUE,,Catalog Framework · Artistry (Sound),Department fallback,Proposed,SND-03
1000.01.01-XOS-001,1000.01.01,1000 Creative,1000.01 Creative Direction,Creative Direction,Bar & Menu Boards · Base,Venue Signage,experience,each,Base,Printed bar menu cards at each station.,Zone: Main Stage and Bar. Tier fit: T1; T4. Upgrades: Backlit menu wall; chalk mural. Add-ons: Digital menu screen. Substitutions: Tabletop menu cards only.,Y,kind experience,Build,04 Physical,,,,,,,5100,,Expense,CC-VENUE,,Catalog Framework · Architecture (Sight),Department fallback,Proposed,SGT-19
1000.01.01-XOS-002,1000.01.01,1000 Creative,1000.01 Creative Direction,Creative Direction,Bar & Menu Boards · Elevated,Venue Signage,experience,each,Elevated,A-frame or easel menu boards with branded layout.,Zone: Main Stage and Bar. Tier fit: T1; T4. Upgrades: Backlit menu wall; chalk mural. Add-ons: Digital menu screen. Substitutions: Tabletop menu cards only.,Y,kind experience,Build,04 Physical,,,,,,,5100,,Expense,CC-VENUE,,Catalog Framework · Architecture (Sight),Department fallback,Proposed,SGT-19
1000.01.01-XOS-003,1000.01.01,1000 Creative,1000.01 Creative Direction,Creative Direction,Bar & Menu Boards · Premium,Venue Signage,experience,each,Premium,Backlit menu walls or chalk-art murals matched to the F&B story.,Zone: Main Stage and Bar. Tier fit: T1; T4. Upgrades: Backlit menu wall; chalk mural. Add-ons: Digital menu screen. Substitutions: Tabletop menu cards only.,Y,kind experience,Build,04 Physical,,,,,,,5100,,Expense,CC-VENUE,,Catalog Framework · Architecture (Sight),Department fallback,Proposed,SGT-19
1000.01.01-XOS-004,1000.01.01,1000 Creative,1000.01 Creative Direction,Creative Direction,Bar or Zone Neon · Base,Neon Sign Messaging,experience,each,Base,"Small neon zone label (e.g., bar name) per station.",Zone: Main Stage and Bar. Tier fit: T1; T4. Upgrades: Multi-zone neon set. Add-ons: Spanish-language variant. Substitutions: Printed zone signage.,Y,kind experience,Build,04 Physical,,,,,,,5100,,Expense,CC-VENUE,,Catalog Framework · Architecture (Sight),Department fallback,Proposed,SGT-50
1000.01.01-XOS-005,1000.01.01,1000 Creative,1000.01 Creative Direction,Creative Direction,Bar or Zone Neon · Elevated,Neon Sign Messaging,experience,each,Elevated,Set of zone-name neons matched to sub-branding.,Zone: Main Stage and Bar. Tier fit: T1; T4. Upgrades: Multi-zone neon set. Add-ons: Spanish-language variant. Substitutions: Printed zone signage.,Y,kind experience,Build,04 Physical,,,,,,,5100,,Expense,CC-VENUE,,Catalog Framework · Architecture (Sight),Department fallback,Proposed,SGT-50
1000.01.01-XOS-006,1000.01.01,1000 Creative,1000.01 Creative Direction,Creative Direction,Bar or Zone Neon · Premium,Neon Sign Messaging,experience,each,Premium,Custom illuminated zone identities with layered lighting.,Zone: Main Stage and Bar. Tier fit: T1; T4. Upgrades: Multi-zone neon set. Add-ons: Spanish-language variant. Substitutions: Printed zone signage.,Y,kind experience,Build,04 Physical,,,,,,,5100,,Expense,CC-VENUE,,Catalog Framework · Architecture (Sight),Department fallback,Proposed,SGT-50
1000.01.01-XOS-007,1000.01.01,1000 Creative,1000.01 Creative Direction,Creative Direction,Catchphrase Neon (Custom) · Base,Neon Sign Messaging,experience,each,Base,"Single-color LED-neon phrase, up to 3ft, on a painted backer.",Zone: Exhibition Room. Tier fit: T1; T4. Upgrades: Glass-neon upgrade; oversized. Add-ons: Animated / sequenced neon. Substitutions: Backlit acrylic sign.,Y,kind experience,Build,04 Physical,,,,,,,5100,,Expense,CC-VENUE,,Catalog Framework · Architecture (Sight),Department fallback,Proposed,SGT-48
1000.01.01-XOS-008,1000.01.01,1000 Creative,1000.01 Creative Direction,Creative Direction,Catchphrase Neon (Custom) · Elevated,Neon Sign Messaging,experience,each,Elevated,Two-tone LED-neon phrase on a finished backer with mounting.,Zone: Exhibition Room. Tier fit: T1; T4. Upgrades: Glass-neon upgrade; oversized. Add-ons: Animated / sequenced neon. Substitutions: Backlit acrylic sign.,Y,kind experience,Build,04 Physical,,,,,,,5100,,Expense,CC-VENUE,,Catalog Framework · Architecture (Sight),Department fallback,Proposed,SGT-48
1000.01.01-XOS-009,1000.01.01,1000 Creative,1000.01 Creative Direction,Creative Direction,Catchphrase Neon (Custom) · Premium,Neon Sign Messaging,experience,each,Premium,Large custom glass-neon or premium LED phrase as a hero sign.,Zone: Exhibition Room. Tier fit: T1; T4. Upgrades: Glass-neon upgrade; oversized. Add-ons: Animated / sequenced neon. Substitutions: Backlit acrylic sign.,Y,kind experience,Build,04 Physical,,,,,,,5100,,Expense,CC-VENUE,,Catalog Framework · Architecture (Sight),Department fallback,Proposed,SGT-48
1000.01.01-XPMS-008,1000.01.01,1000 Creative,1000.01 Creative Direction,Creative Direction,Concept Development & Creative Direction,Concept Development & Creative Direction,service,each,Standard,"Development of the creative concept from brief to approved direction: narrative, visual language and experiential intent, with the reference material that justifies it.",,Y,kind service,Scope,05 Experiential,,,,,,,5100,,Expense,CC-VENUE,,XPMS 3.0 canon,Exact,Proposed,
1000.01.01-XPMS-001,1000.01.01,1000 Creative,1000.01 Creative Direction,Creative Direction,Creative Direction,,service,each,Standard,Overall creative vision and art direction.,,Y,kind service,Operate,05 Experiential,,,,,,,5100,,Expense,CC-VENUE,,XPMS 3.0 canon,Exact,Active,
1000.01.01-XOS-019,1000.01.01,1000 Creative,1000.01 Creative Direction,Creative Direction,Custom Packaging · Base,Merch + Gifts/Swag + (Party Props),experience,each,Base,Branded bag or tissue for merch/gifts.,Zone: Entrance / Lobby. Tier fit: T2; T4. Upgrades: Rigid box; foil; insert tray. Add-ons: Reusable / keepsake packaging. Substitutions: Plain bag only.,Y,kind experience,Advance,04 Physical,,,,,,,5100,,Expense,CC-VENUE,,Catalog Framework · Artifacts (Touch),Department fallback,Proposed,TCH-12
1000.01.01-XOS-020,1000.01.01,1000 Creative,1000.01 Creative Direction,Creative Direction,Custom Packaging · Elevated,Merch + Gifts/Swag + (Party Props),experience,each,Elevated,Custom-printed boxes and bags with tissue and sticker seal.,Zone: Entrance / Lobby. Tier fit: T2; T4. Upgrades: Rigid box; foil; insert tray. Add-ons: Reusable / keepsake packaging. Substitutions: Plain bag only.,Y,kind experience,Advance,04 Physical,,,,,,,5100,,Expense,CC-VENUE,,Catalog Framework · Artifacts (Touch),Department fallback,Proposed,TCH-12
1000.01.01-XOS-021,1000.01.01,1000 Creative,1000.01 Creative Direction,Creative Direction,Custom Packaging · Premium,Merch + Gifts/Swag + (Party Props),experience,each,Premium,"Bespoke rigid packaging with magnetic closure, foil, and insert tray.",Zone: Entrance / Lobby. Tier fit: T2; T4. Upgrades: Rigid box; foil; insert tray. Add-ons: Reusable / keepsake packaging. Substitutions: Plain bag only.,Y,kind experience,Advance,04 Physical,,,,,,,5100,,Expense,CC-VENUE,,Catalog Framework · Artifacts (Touch),Department fallback,Proposed,TCH-12
1000.01.01-XPMS-004,1000.01.01,1000 Creative,1000.01 Creative Direction,Creative Direction,Décor or Theming or Scenic Dressing,Décor / theming / scenic dressing,package,each,Standard,Creative · Décor / theming / scenic dressing.,,X,default: a nameable resource,Operate,04 Physical,,,,,,,5100,,Expense,CC-VENUE,,XPMS 3.0 canon,Exact,Proposed,
1000.01.01-XPMS-005,1000.01.01,1000 Creative,1000.01 Creative Direction,Creative Direction,Environmental Graphics & Branding,Environmental graphics & branding,service,each,Standard,Creative · Environmental graphics and branding.,,Y,kind service,Operate,04 Physical,,,,,,,5100,,Expense,CC-VENUE,,XPMS 3.0 canon,Exact,Proposed,
1000.01.01-XPMS-003,1000.01.01,1000 Creative,1000.01 Creative Direction,Creative Direction,Exhibition Content Curation & Layout,Exhibition Content Curation & Layout,service,each,Standard,Rotating artist content.,,Y,kind service,Build,04 Physical,,,,,,,5100,,Expense,CC-VENUE,,XPMS 3.0 canon,Exact,Proposed,
1000.01.01-XOS-022,1000.01.01,1000 Creative,1000.01 Creative Direction,Creative Direction,Invitations · Base,Stationary,experience,each,Base,Digital invite with branded template.,Zone: Back of House. Tier fit: T1; T4. Upgrades: Letterpress / foil; wax seal. Add-ons: Bilingual invite suite. Substitutions: Digital invite only.,Y,kind experience,Advance,04 Physical,,,,,,,5100,,Expense,CC-VENUE,,Catalog Framework · Artifacts (Touch),Department fallback,Proposed,TCH-07
1000.01.01-XOS-023,1000.01.01,1000 Creative,1000.01 Creative Direction,Creative Direction,Invitations · Elevated,Stationary,experience,each,Elevated,Printed invite on quality stock with envelope.,Zone: Back of House. Tier fit: T1; T4. Upgrades: Letterpress / foil; wax seal. Add-ons: Bilingual invite suite. Substitutions: Digital invite only.,Y,kind experience,Advance,04 Physical,,,,,,,5100,,Expense,CC-VENUE,,Catalog Framework · Artifacts (Touch),Department fallback,Proposed,TCH-07
1000.01.01-XOS-024,1000.01.01,1000 Creative,1000.01 Creative Direction,Creative Direction,Invitations · Premium,Stationary,experience,each,Premium,Letterpress or foil invitation suite with special finishes and wax seal.,Zone: Back of House. Tier fit: T1; T4. Upgrades: Letterpress / foil; wax seal. Add-ons: Bilingual invite suite. Substitutions: Digital invite only.,Y,kind experience,Advance,04 Physical,,,,,,,5100,,Expense,CC-VENUE,,Catalog Framework · Artifacts (Touch),Department fallback,Proposed,TCH-07
1000.01.01-XPMS-007,1000.01.01,1000 Creative,1000.01 Creative Direction,Creative Direction,Local Artist or Muralist Collaboration,Local artist / muralist collaboration,service,each,Standard,Creative · Local artist / muralist collaboration.,,Y,kind service,Operate,04 Physical,,,,,,,5100,,Expense,CC-VENUE,,XPMS 3.0 canon,Exact,Proposed,
1000.01.01-XOS-025,1000.01.01,1000 Creative,1000.01 Creative Direction,Creative Direction,Menus & Place Cards (Printed) · Base,Stationary,experience,each,Base,Printed menu card per table.,Zone: El Patio. Tier fit: T1; T4. Upgrades: Foil / edge-paint finishes. Add-ons: Calligraphy place cards. Substitutions: Digital / chalkboard menu.,Y,kind experience,Advance,04 Physical,,,,,,,5100,,Expense,CC-VENUE,,Catalog Framework · Artifacts (Touch),Department fallback,Proposed,TCH-08
1000.01.01-XOS-026,1000.01.01,1000 Creative,1000.01 Creative Direction,Creative Direction,Menus & Place Cards (Printed) · Elevated,Stationary,experience,each,Elevated,Designed menu and place-card set on quality stock.,Zone: El Patio. Tier fit: T1; T4. Upgrades: Foil / edge-paint finishes. Add-ons: Calligraphy place cards. Substitutions: Digital / chalkboard menu.,Y,kind experience,Advance,04 Physical,,,,,,,5100,,Expense,CC-VENUE,,Catalog Framework · Artifacts (Touch),Department fallback,Proposed,TCH-08
1000.01.01-XOS-027,1000.01.01,1000 Creative,1000.01 Creative Direction,Creative Direction,Menus & Place Cards (Printed) · Premium,Stationary,experience,each,Premium,"Specialty-finish menus, place cards, and table numbers as a styled suite.",Zone: El Patio. Tier fit: T1; T4. Upgrades: Foil / edge-paint finishes. Add-ons: Calligraphy place cards. Substitutions: Digital / chalkboard menu.,Y,kind experience,Advance,04 Physical,,,,,,,5100,,Expense,CC-VENUE,,Catalog Framework · Artifacts (Touch),Department fallback,Proposed,TCH-08
1000.01.01-XOS-010,1000.01.01,1000 Creative,1000.01 Creative Direction,Creative Direction,Mural or Wall Art · Base,Art Installations,experience,each,Base,Vinyl-applied graphic mural in palette.,Zone: All Zones. Tier fit: T1; T4. Upgrades: Live-painting activation. Add-ons: Bilingual artist statement card. Substitutions: Printed backdrop instead.,Y,kind experience,Build,04 Physical,,,,,,,5100,,Expense,CC-VENUE,,Catalog Framework · Architecture (Sight),Department fallback,Proposed,SGT-33
1000.01.01-XOS-011,1000.01.01,1000 Creative,1000.01 Creative Direction,Creative Direction,Mural or Wall Art · Elevated,Art Installations,experience,each,Elevated,Hand-painted live or pre-painted mural by a local artist.,Zone: All Zones. Tier fit: T1; T4. Upgrades: Live-painting activation. Add-ons: Bilingual artist statement card. Substitutions: Printed backdrop instead.,Y,kind experience,Build,04 Physical,,,,,,,5100,,Expense,CC-VENUE,,Catalog Framework · Architecture (Sight),Department fallback,Proposed,SGT-33
1000.01.01-XOS-012,1000.01.01,1000 Creative,1000.01 Creative Direction,Creative Direction,Mural or Wall Art · Premium,Art Installations,experience,each,Premium,Commissioned signature mural with dimensional or mixed-media elements.,Zone: All Zones. Tier fit: T1; T4. Upgrades: Live-painting activation. Add-ons: Bilingual artist statement card. Substitutions: Printed backdrop instead.,Y,kind experience,Build,04 Physical,,,,,,,5100,,Expense,CC-VENUE,,Catalog Framework · Architecture (Sight),Department fallback,Proposed,SGT-33
1000.01.01-XPMS-006,1000.01.01,1000 Creative,1000.01 Creative Direction,Creative Direction,OOH or Experiential Installations,OOH / experiential installations,package,each,Standard,Creative · OOH / experiential installations.,,Y,name signals process or service,Operate,04 Physical,,,,,,,5100,,Expense,CC-VENUE,,XPMS 3.0 canon,Exact,Proposed,
1000.01.01-XOS-028,1000.01.01,1000 Creative,1000.01 Creative Direction,Creative Direction,Programs & Run Cards · Base,Stationary,experience,each,Base,Printed one-page program or set times card.,Zone: Entrance / Lobby. Tier fit: T1; T4. Upgrades: Saddle-stitch / bound booklet. Add-ons: QR to digital program. Substitutions: Digital program only.,Y,kind experience,Advance,04 Physical,,,,,,,5100,,Expense,CC-VENUE,,Catalog Framework · Artifacts (Touch),Department fallback,Proposed,TCH-09
1000.01.01-XOS-029,1000.01.01,1000 Creative,1000.01 Creative Direction,Creative Direction,Programs & Run Cards · Elevated,Stationary,experience,each,Elevated,"Folded program with lineup, map, and brand story.",Zone: Entrance / Lobby. Tier fit: T1; T4. Upgrades: Saddle-stitch / bound booklet. Add-ons: QR to digital program. Substitutions: Digital program only.,Y,kind experience,Advance,04 Physical,,,,,,,5100,,Expense,CC-VENUE,,Catalog Framework · Artifacts (Touch),Department fallback,Proposed,TCH-09
1000.01.01-XOS-030,1000.01.01,1000 Creative,1000.01 Creative Direction,Creative Direction,Programs & Run Cards · Premium,Stationary,experience,each,Premium,Keepsake program booklet with artist content and special binding.,Zone: Entrance / Lobby. Tier fit: T1; T4. Upgrades: Saddle-stitch / bound booklet. Add-ons: QR to digital program. Substitutions: Digital program only.,Y,kind experience,Advance,04 Physical,,,,,,,5100,,Expense,CC-VENUE,,Catalog Framework · Artifacts (Touch),Department fallback,Proposed,TCH-09
1000.01.01-XOS-013,1000.01.01,1000 Creative,1000.01 Creative Direction,Creative Direction,Wayfinding & Directional · Base,Venue Signage,experience,each,Base,Foamcore directional signs on easels at decision points.,Zone: All Zones. Tier fit: T1; T4. Upgrades: Backlit / halo-lit lettering. Add-ons: Floor vinyl footpath. Substitutions: Digital wayfinding screen.,Y,kind experience,Build,04 Physical,,,,,,,5100,,Expense,CC-VENUE,,Catalog Framework · Architecture (Sight),Department fallback,Proposed,SGT-16
1000.01.01-XOS-014,1000.01.01,1000 Creative,1000.01 Creative Direction,Creative Direction,Wayfinding & Directional · Elevated,Venue Signage,experience,each,Elevated,Printed rigid signs on branded stanchions with arrows and zone names.,Zone: All Zones. Tier fit: T1; T4. Upgrades: Backlit / halo-lit lettering. Add-ons: Floor vinyl footpath. Substitutions: Digital wayfinding screen.,Y,kind experience,Build,04 Physical,,,,,,,5100,,Expense,CC-VENUE,,Catalog Framework · Architecture (Sight),Department fallback,Proposed,SGT-16
1000.01.01-XOS-015,1000.01.01,1000 Creative,1000.01 Creative Direction,Creative Direction,Wayfinding & Directional · Premium,Venue Signage,experience,each,Premium,Dimensional routed wayfinding with standoff lettering and integrated lighting.,Zone: All Zones. Tier fit: T1; T4. Upgrades: Backlit / halo-lit lettering. Add-ons: Floor vinyl footpath. Substitutions: Digital wayfinding screen.,Y,kind experience,Build,04 Physical,,,,,,,5100,,Expense,CC-VENUE,,Catalog Framework · Architecture (Sight),Department fallback,Proposed,SGT-16
1000.01.01-XOS-016,1000.01.01,1000 Creative,1000.01 Creative Direction,Creative Direction,Welcome or Entry Identification · Base,Venue Signage,experience,each,Base,Printed welcome banner at the entrance.,Zone: Entrance / Lobby. Tier fit: T1; T4. Upgrades: Lit entry portal; archway. Add-ons: Misting / red-carpet runner. Substitutions: Projection welcome gobo.,Y,kind experience,Build,04 Physical,,,,,,,5100,,Expense,CC-VENUE,,Catalog Framework · Architecture (Sight),Department fallback,Proposed,SGT-17
1000.01.01-XOS-017,1000.01.01,1000 Creative,1000.01 Creative Direction,Creative Direction,Welcome or Entry Identification · Elevated,Venue Signage,experience,each,Elevated,Branded entry header with tensioned fabric and a freestanding ID monument.,Zone: Entrance / Lobby. Tier fit: T1; T4. Upgrades: Lit entry portal; archway. Add-ons: Misting / red-carpet runner. Substitutions: Projection welcome gobo.,Y,kind experience,Build,04 Physical,,,,,,,5100,,Expense,CC-VENUE,,Catalog Framework · Architecture (Sight),Department fallback,Proposed,SGT-17
1000.01.01-XOS-018,1000.01.01,1000 Creative,1000.01 Creative Direction,Creative Direction,Welcome or Entry Identification · Premium,Venue Signage,experience,each,Premium,Sculptural entry portal with dimensional brand lockup and integrated lighting.,Zone: Entrance / Lobby. Tier fit: T1; T4. Upgrades: Lit entry portal; archway. Add-ons: Misting / red-carpet runner. Substitutions: Projection welcome gobo.,Y,kind experience,Build,04 Physical,,,,,,,5100,,Expense,CC-VENUE,,Catalog Framework · Architecture (Sight),Department fallback,Proposed,SGT-17
1000.02.01-XPMS-005,1000.02.01,1000 Creative,1000.02 Experiential & Environment Design,Environment Design,Design Development & Specification Package,Design Development & Specification Package,service,each,Standard,"Resolution of schematic design into specified assemblies, materials, finishes and interfaces, sufficient to procure against. The document a bid is evaluated on.",,Y,kind service,Scope,05 Experiential,,,,,,,5100,,Expense,CC-VENUE,,XPMS 3.0 canon,Exact,Proposed,
1000.02.01-XPMS-001,1000.02.01,1000 Creative,1000.02 Experiential & Environment Design,Environment Design,Environment & Scenic Design,,service,each,Standard,"Spatial, scenic, and set design.",,Y,kind service,Operate,05 Experiential,,,,,,,5100,,Expense,CC-VENUE,,XPMS 3.0 canon,Exact,Active,
1000.02.01-XPMS-003,1000.02.01,1000 Creative,1000.02 Experiential & Environment Design,Environment Design,FF&E Specification & Sourcing,FF&E Specification & Sourcing,service,each,Standard,Spec + sourcing fee.,,Y,kind service,Build,04 Physical,,,,,,,5100,,Expense,CC-VENUE,,XPMS 3.0 canon,Exact,Proposed,
1000.02.01-XPMS-002,1000.02.01,1000 Creative,1000.02 Experiential & Environment Design,Environment Design,Schematic + Design Development,Schematic + Design Development,service,each,Standard,Full-house schematic and DD.,,Y,kind service,Build,04 Physical,,,,,,,5100,,Expense,CC-VENUE,,XPMS 3.0 canon,Exact,Proposed,
1000.02.01-XPMS-004,1000.02.01,1000 Creative,1000.02 Experiential & Environment Design,Environment Design,Schematic Design Package,Schematic Design Package,service,each,Standard,"Plans, elevations and sections establishing spatial arrangement and scale, sufficient for order-of-magnitude costing and stakeholder approval. Precedes any fabrication drawing.",,Y,kind service,Scope,05 Experiential,,,,,,,5100,,Expense,CC-VENUE,,XPMS 3.0 canon,Exact,Proposed,
1000.03.01-XOS-001,1000.03.01,1000 Creative,1000.03 Brand & Identity Design,Brand Design,Bar Sub-Brand Identity · Base,Space Sub-branding,experience,each,Base,Bar named with a printed header card.,Zone: Main Stage and Bar. Tier fit: T2; T4. Upgrades: Branded glassware + staff styling. Add-ons: Pop-up partner bar concept. Substitutions: House bar (no sub-brand).,Y,kind experience,Scope,04 Physical,,,,,,,5100,,Expense,CC-VENUE,,Catalog Framework · Architecture (Sight),Keyword,Proposed,SGT-52
1000.03.01-XOS-002,1000.03.01,1000 Creative,1000.03 Brand & Identity Design,Brand Design,Bar Sub-Brand Identity · Elevated,Space Sub-branding,experience,each,Elevated,"Named bar with logo, menu, and matching signage.",Zone: Main Stage and Bar. Tier fit: T2; T4. Upgrades: Branded glassware + staff styling. Add-ons: Pop-up partner bar concept. Substitutions: House bar (no sub-brand).,Y,kind experience,Scope,04 Physical,,,,,,,5100,,Expense,CC-VENUE,,Catalog Framework · Architecture (Sight),Keyword,Proposed,SGT-52
1000.03.01-XOS-003,1000.03.01,1000 Creative,1000.03 Brand & Identity Design,Brand Design,Bar Sub-Brand Identity · Premium,Space Sub-branding,experience,each,Premium,"Fully art-directed bar concept: identity, menu, glassware, and staff styling.",Zone: Main Stage and Bar. Tier fit: T2; T4. Upgrades: Branded glassware + staff styling. Add-ons: Pop-up partner bar concept. Substitutions: House bar (no sub-brand).,Y,kind experience,Scope,04 Physical,,,,,,,5100,,Expense,CC-VENUE,,Catalog Framework · Architecture (Sight),Keyword,Proposed,SGT-52
1000.03.01-XPMS-001,1000.03.01,1000 Creative,1000.03 Brand & Identity Design,Brand Design,Brand & Identity System,,service,each,Standard,"Identity system, sub-brands, guidelines.",,Y,kind service,Operate,05 Experiential,,,,,,,5100,,Expense,CC-VENUE,,XPMS 3.0 canon,Exact,Active,
1000.03.01-XOS-004,1000.03.01,1000 Creative,1000.03 Brand & Identity Design,Brand Design,Brand Lockup Neon · Base,Neon Sign Messaging,experience,each,Base,Single-color brand wordmark in LED-neon.,Zone: Entrance / Lobby. Tier fit: T1; T4. Upgrades: Scenic-integrated install. Add-ons: Color-changing control. Substitutions: Lit acrylic lockup.,Y,kind experience,Build,04 Physical,,,,,,,5100,,Expense,CC-VENUE,,Catalog Framework · Architecture (Sight),Keyword,Proposed,SGT-49
1000.03.01-XOS-005,1000.03.01,1000 Creative,1000.03 Brand & Identity Design,Brand Design,Brand Lockup Neon · Elevated,Neon Sign Messaging,experience,each,Elevated,Brand lockup neon with finished backer and dimmer.,Zone: Entrance / Lobby. Tier fit: T1; T4. Upgrades: Scenic-integrated install. Add-ons: Color-changing control. Substitutions: Lit acrylic lockup.,Y,kind experience,Build,04 Physical,,,,,,,5100,,Expense,CC-VENUE,,Catalog Framework · Architecture (Sight),Keyword,Proposed,SGT-49
1000.03.01-XOS-006,1000.03.01,1000 Creative,1000.03 Brand & Identity Design,Brand Design,Brand Lockup Neon · Premium,Neon Sign Messaging,experience,each,Premium,Dimensional brand neon integrated into a scenic feature.,Zone: Entrance / Lobby. Tier fit: T1; T4. Upgrades: Scenic-integrated install. Add-ons: Color-changing control. Substitutions: Lit acrylic lockup.,Y,kind experience,Build,04 Physical,,,,,,,5100,,Expense,CC-VENUE,,Catalog Framework · Architecture (Sight),Keyword,Proposed,SGT-49
1000.03.01-XPMS-002,1000.03.01,1000 Creative,1000.03 Brand & Identity Design,Brand Design,Brand Toolkit Application,Brand Toolkit Application,service,each,Standard,Spotify toolkit + env graphics design.,,Y,kind service,Build,04 Physical,,,,,,,5100,,Expense,CC-VENUE,,XPMS 3.0 canon,Exact,Proposed,
1000.03.01-XOS-007,1000.03.01,1000 Creative,1000.03 Brand & Identity Design,Brand Design,Lounge or Activation Sub-Brand · Base,Space Sub-branding,experience,each,Base,Lounge labeled with a simple name sign.,Zone: Exhibition Room. Tier fit: T2; T4. Upgrades: Content hook + hashtag system. Add-ons: Sponsor co-brand layer. Substitutions: Unbranded lounge.,Y,kind experience,Scope,04 Physical,,,,,,,5100,,Expense,CC-VENUE,,Catalog Framework · Architecture (Sight),Keyword,Proposed,SGT-53
1000.03.01-XOS-008,1000.03.01,1000 Creative,1000.03 Brand & Identity Design,Brand Design,Lounge or Activation Sub-Brand · Elevated,Space Sub-branding,experience,each,Elevated,"Lounge concept with name, palette, and applied graphics.",Zone: Exhibition Room. Tier fit: T2; T4. Upgrades: Content hook + hashtag system. Add-ons: Sponsor co-brand layer. Substitutions: Unbranded lounge.,Y,kind experience,Scope,04 Physical,,,,,,,5100,,Expense,CC-VENUE,,Catalog Framework · Architecture (Sight),Keyword,Proposed,SGT-53
1000.03.01-XOS-009,1000.03.01,1000 Creative,1000.03 Brand & Identity Design,Brand Design,Lounge or Activation Sub-Brand · Premium,Space Sub-branding,experience,each,Premium,"Signature activation sub-brand with identity, set, and content hook.",Zone: Exhibition Room. Tier fit: T2; T4. Upgrades: Content hook + hashtag system. Add-ons: Sponsor co-brand layer. Substitutions: Unbranded lounge.,Y,kind experience,Scope,04 Physical,,,,,,,5100,,Expense,CC-VENUE,,Catalog Framework · Architecture (Sight),Keyword,Proposed,SGT-53
1000.03.01-XOS-010,1000.03.01,1000 Creative,1000.03 Brand & Identity Design,Brand Design,Sponsor or Brand Lockups · Base,Venue Signage,experience,each,Base,Single printed sponsor banner.,Zone: All Zones. Tier fit: T1; T4. Upgrades: Dimensional lit lockup. Add-ons: Co-brand partner panel. Substitutions: Digital lockup on screens.,Y,kind experience,Build,04 Physical,,,,,,,5100,,Expense,CC-VENUE,,Catalog Framework · Architecture (Sight),Keyword,Proposed,SGT-20
1000.03.01-XOS-011,1000.03.01,1000 Creative,1000.03 Brand & Identity Design,Brand Design,Sponsor or Brand Lockups · Elevated,Venue Signage,experience,each,Elevated,Tensioned-fabric brand lockups at key sightlines and the stage.,Zone: All Zones. Tier fit: T1; T4. Upgrades: Dimensional lit lockup. Add-ons: Co-brand partner panel. Substitutions: Digital lockup on screens.,Y,kind experience,Build,04 Physical,,,,,,,5100,,Expense,CC-VENUE,,Catalog Framework · Architecture (Sight),Keyword,Proposed,SGT-20
1000.03.01-XOS-012,1000.03.01,1000 Creative,1000.03 Brand & Identity Design,Brand Design,Sponsor or Brand Lockups · Premium,Venue Signage,experience,each,Premium,Dimensional brand walls and lit lockups integrated into scenic.,Zone: All Zones. Tier fit: T1; T4. Upgrades: Dimensional lit lockup. Add-ons: Co-brand partner panel. Substitutions: Digital lockup on screens.,Y,kind experience,Build,04 Physical,,,,,,,5100,,Expense,CC-VENUE,,Catalog Framework · Architecture (Sight),Keyword,Proposed,SGT-20
1000.03.01-XOS-013,1000.03.01,1000 Creative,1000.03 Brand & Identity Design,Brand Design,Zone Naming System · Base,Space Sub-branding,experience,each,Base,"Functional zone names (Bar, Lounge, Stage) on signage.",Zone: All Zones. Tier fit: T1; T4. Upgrades: Per-zone identity system. Add-ons: Bilingual naming (EN/ES). Substitutions: Generic functional naming.,Y,kind experience,Scope,04 Physical,,,,,,,5100,,Expense,CC-VENUE,,Catalog Framework · Architecture (Sight),Keyword,Proposed,SGT-51
1000.03.01-XOS-014,1000.03.01,1000 Creative,1000.03 Brand & Identity Design,Brand Design,Zone Naming System · Elevated,Space Sub-branding,experience,each,Elevated,Themed zone names tied to the artist story across signage and menus.,Zone: All Zones. Tier fit: T1; T4. Upgrades: Per-zone identity system. Add-ons: Bilingual naming (EN/ES). Substitutions: Generic functional naming.,Y,kind experience,Scope,04 Physical,,,,,,,5100,,Expense,CC-VENUE,,Catalog Framework · Architecture (Sight),Keyword,Proposed,SGT-51
1000.03.01-XOS-015,1000.03.01,1000 Creative,1000.03 Brand & Identity Design,Brand Design,Zone Naming System · Premium,Space Sub-branding,experience,each,Premium,"Full sub-brand identity per zone: name, mark, copy, and applied graphics.",Zone: All Zones. Tier fit: T1; T4. Upgrades: Per-zone identity system. Add-ons: Bilingual naming (EN/ES). Substitutions: Generic functional naming.,Y,kind experience,Scope,04 Physical,,,,,,,5100,,Expense,CC-VENUE,,Catalog Framework · Architecture (Sight),Keyword,Proposed,SGT-51
1000.04.01-XPMS-001,1000.04.01,1000 Creative,1000.04 Graphic & 2D Design,Graphic Design,Graphic & Signage Design,,service,each,Standard,"Graphics, signage, and print design.",,Y,kind service,Operate,05 Experiential,,,,,,,5100,,Expense,CC-VENUE,,XPMS 3.0 canon,Exact,Active,
1000.04.01-XPMS-002,1000.04.01,1000 Creative,1000.04 Graphic & 2D Design,Graphic Design,Wayfinding & Signage Design,Wayfinding & Signage Design,service,each,Standard,"Signage schedule, hierarchy, placement and specification, including regulatory and accessibility signage required by the jurisdiction.",,Y,kind service,Scope,05 Experiential,,,,,,,5100,,Expense,CC-VENUE,,XPMS 3.0 canon,Exact,Proposed,
1000.04.02-XPMS-001,1000.04.02,1000 Creative,1000.04 Graphic & 2D Design,Print Collateral,Stationery & Print Collateral Design,,service,each,Standard,"Menus, stationery, invitations, collateral.",,Y,kind service,Operate,05 Experiential,,,,,,,5100,,Expense,CC-VENUE,,XPMS 3.0 canon,Exact,Active,
1000.04.02-XOS-001,1000.04.02,1000 Creative,1000.04 Graphic & 2D Design,Print Collateral,Thank-You & Collateral · Base,Stationary,experience,each,Base,Printed thank-you card at exit.,Zone: Entrance / Lobby. Tier fit: T1; T4. Upgrades: Personalized / hand-signed. Add-ons: Follow-up digital recap link. Substitutions: Digital thank-you only.,Y,kind experience,Advance,04 Physical,,,,,,,5100,,Expense,CC-VENUE,,Catalog Framework · Artifacts (Touch),Keyword,Proposed,TCH-10
1000.04.02-XOS-002,1000.04.02,1000 Creative,1000.04 Graphic & 2D Design,Print Collateral,Thank-You & Collateral · Elevated,Stationary,experience,each,Elevated,"Thank-you note plus a branded collateral piece (sticker, card).",Zone: Entrance / Lobby. Tier fit: T1; T4. Upgrades: Personalized / hand-signed. Add-ons: Follow-up digital recap link. Substitutions: Digital thank-you only.,Y,kind experience,Advance,04 Physical,,,,,,,5100,,Expense,CC-VENUE,,Catalog Framework · Artifacts (Touch),Keyword,Proposed,TCH-10
1000.04.02-XOS-003,1000.04.02,1000 Creative,1000.04 Graphic & 2D Design,Print Collateral,Thank-You & Collateral · Premium,Stationary,experience,each,Premium,Personalized thank-you suite with follow-up gift card and packaging.,Zone: Entrance / Lobby. Tier fit: T1; T4. Upgrades: Personalized / hand-signed. Add-ons: Follow-up digital recap link. Substitutions: Digital thank-you only.,Y,kind experience,Advance,04 Physical,,,,,,,5100,,Expense,CC-VENUE,,Catalog Framework · Artifacts (Touch),Keyword,Proposed,TCH-10
1000.05.01-XPMS-004,1000.05.01,1000 Creative,1000.05 Content Production,Content Production,Content Editing & Post-Production,Content Editing & Post-Production,service,each,Standard,"Editorial, colour, sound and finishing of captured material into delivered assets. Priced by the edit day rather than the deliverable, since scope is set by footage volume rather than output count.",,Y,kind service,Amplify,05 Experiential,,,,,,,5100,,Expense,CC-VENUE,,XPMS 3.0 canon,Exact,Proposed,
1000.05.01-XPMS-001,1000.05.01,1000 Creative,1000.05 Content Production,Content Production,Content Production (Photo or Video),,service,each,Standard,"Photo, video, and motion content.",,Y,kind service,Operate,05 Experiential,,,,,,,5100,,Expense,CC-VENUE,,XPMS 3.0 canon,Exact,Active,
1000.05.01-XPMS-005,1000.05.01,1000 Creative,1000.05 Content Production,Content Production,Photo Editing & Asset Delivery,Photo Editing & Asset Delivery,service,each,Standard,"Selection, retouching, captioning and delivery of event photography to a named asset library with usage terms attached.",,Y,kind service,Amplify,05 Experiential,,,,,,,5100,,Expense,CC-VENUE,,XPMS 3.0 canon,Exact,Proposed,
1000.05.01-XPMS-003,1000.05.01,1000 Creative,1000.05 Content Production,Content Production,Post-Event Highlight Film,Post-Event Highlight Film,service,each,Standard,"Edited highlight film cut from event capture and delivered to specified formats and durations. Requires cleared rights for every asset, person and track appearing in it.",,Y,kind service,Amplify,05 Experiential,,,,,,,5100,,Expense,CC-VENUE,,XPMS 3.0 canon,Exact,Proposed,
1000.05.01-XPMS-002,1000.05.01,1000 Creative,1000.05 Content Production,Content Production,Same-Day Social Edit Package,Same-Day Social Edit Package,service,each,Standard,Shooter-editor delivering cut-down social content during the event day.,,Y,kind service,Amplify,01 Social,,,,,,,5100,,Expense,CC-VENUE,,XPMS 3.0 canon,Exact,Proposed,
1000.05.02-XPMS-001,1000.05.02,1000 Creative,1000.05 Content Production,Sonic Branding,Sonic Branding & Audio Identity,,service,each,Standard,"Sonic logo, audio identity package.",,Y,kind service,Operate,05 Experiential,,,,,,,5100,,Expense,CC-VENUE,,XPMS 3.0 canon,Exact,Active,
1000.05.02-XOS-001,1000.05.02,1000 Creative,1000.05 Content Production,Sonic Branding,Sonic Branding or Stings & IDs · Base,Catch Phrases,experience,each,Base,Brand audio sting at key moments.,Zone: All Zones. Tier fit: T2; T4. Upgrades: Bespoke sonic identity suite. Add-ons: Spanish-language VO ID. Substitutions: No sonic branding.,Y,kind experience,Scope,02 Digital,,,,,,,5100,,Expense,CC-VENUE,,Catalog Framework · Artistry (Sound),Keyword,Proposed,SND-04
1000.05.02-XOS-002,1000.05.02,1000 Creative,1000.05 Content Production,Sonic Branding,Sonic Branding or Stings & IDs · Elevated,Catch Phrases,experience,each,Elevated,"Set of sonic IDs for arrival, peak, and reveal moments.",Zone: All Zones. Tier fit: T2; T4. Upgrades: Bespoke sonic identity suite. Add-ons: Spanish-language VO ID. Substitutions: No sonic branding.,Y,kind experience,Scope,02 Digital,,,,,,,5100,,Expense,CC-VENUE,,Catalog Framework · Artistry (Sound),Keyword,Proposed,SND-04
1000.05.02-XOS-003,1000.05.02,1000 Creative,1000.05 Content Production,Sonic Branding,Sonic Branding or Stings & IDs · Premium,Catch Phrases,experience,each,Premium,Bespoke sonic identity system woven through the night and content.,Zone: All Zones. Tier fit: T2; T4. Upgrades: Bespoke sonic identity suite. Add-ons: Spanish-language VO ID. Substitutions: No sonic branding.,Y,kind experience,Scope,02 Digital,,,,,,,5100,,Expense,CC-VENUE,,Catalog Framework · Artistry (Sound),Keyword,Proposed,SND-04
1000.06.01-XOS-001,1000.06.01,1000 Creative,1000.06 Copywriting & Verbal Identity,Verbal Identity,Catchphrase or Copy System · Base,Catch Phrases,experience,each,Base,"One hero catchphrase applied to a sign (e.g., 'Press Play').",Zone: All Zones. Tier fit: T1; T4. Upgrades: Bilingual (EN/ES) line system. Add-ons: Per-zone copy variants. Substitutions: Single hero line only.,Y,kind experience,Scope,01 Social,,,,,,,5100,,Expense,CC-VENUE,,Catalog Framework · Artifacts (Touch),Keyword,Proposed,TCH-11
1000.06.01-XOS-002,1000.06.01,1000 Creative,1000.06 Copywriting & Verbal Identity,Verbal Identity,Catchphrase or Copy System · Elevated,Catch Phrases,experience,each,Elevated,"Catchphrase set across signage, menus, and merch ('Made for Listening', 'The Sound Lives Here').",Zone: All Zones. Tier fit: T1; T4. Upgrades: Bilingual (EN/ES) line system. Add-ons: Per-zone copy variants. Substitutions: Single hero line only.,Y,kind experience,Scope,01 Social,,,,,,,5100,,Expense,CC-VENUE,,Catalog Framework · Artifacts (Touch),Keyword,Proposed,TCH-11
1000.06.01-XOS-003,1000.06.01,1000 Creative,1000.06 Copywriting & Verbal Identity,Verbal Identity,Catchphrase or Copy System · Premium,Catch Phrases,experience,each,Premium,"Full verbal-identity system: hero line, zone lines, and bilingual variants ('Donde Suena Todo').",Zone: All Zones. Tier fit: T1; T4. Upgrades: Bilingual (EN/ES) line system. Add-ons: Per-zone copy variants. Substitutions: Single hero line only.,Y,kind experience,Scope,01 Social,,,,,,,5100,,Expense,CC-VENUE,,Catalog Framework · Artifacts (Touch),Keyword,Proposed,TCH-11
1000.06.01-XPMS-001,1000.06.01,1000 Creative,1000.06 Copywriting & Verbal Identity,Verbal Identity,Copywriting & Verbal Identity,,service,each,Standard,"Copy, naming, scripts, tone of voice.",,Y,kind service,Operate,05 Experiential,,,,,,,5100,,Expense,CC-VENUE,,XPMS 3.0 canon,Exact,Active,
1000.07.01-XPMS-001,1000.07.01,1000 Creative,1000.07 Digital & Interactive Design,Digital Design,Digital & Interactive Design,,service,each,Standard,"Web, app, and interactive design.",,Y,kind service,Operate,05 Experiential,,,,,,,5100,,Expense,CC-VENUE,,XPMS 3.0 canon,Exact,Active,
1000.07.01-XPMS-002,1000.07.01,1000 Creative,1000.07 Digital & Interactive Design,Digital Design,Event Microsite Design & Build,Event Microsite Design & Build,service,each,Standard,"Branded event microsite with RSVP, schedule, and content modules.",,Y,kind service,Scope,02 Digital,,,,,,,5100,,Expense,CC-VENUE,,XPMS 3.0 canon,Exact,Proposed,
1000.07.01-XPMS-003,1000.07.01,1000 Creative,1000.07 Digital & Interactive Design,Digital Design,Experience & Interaction Design,Experience & Interaction Design,service,each,Standard,"Design of guest interaction: journey, decision points, dwell, throughput and the behaviour of any interactive element. Distinct from visual design; this is what the guest does, not what they see.",,Y,kind service,Scope,05 Experiential,,,,,,,5100,,Expense,CC-VENUE,,XPMS 3.0 canon,Exact,Proposed,
1000.08.01-XPMS-002,1000.08.01,1000 Creative,1000.08 Intellectual Property & Licensing,Intellectual Property & Licensing,Brand IP Clearance & Trademark Review,Brand IP Clearance & Trademark Review,service,each,Standard,"Legal clearance of event marks, activation names, and brand assets against existing registrations.",,Y,kind service,Scope,02 Digital,,,,,,,5100,,Expense,CC-VENUE,,XPMS 3.0 canon,Exact,Proposed,
1000.08.01-XPMS-001,1000.08.01,1000 Creative,1000.08 Intellectual Property & Licensing,Intellectual Property & Licensing,Music Licensing - PRO Event License,Music Licensing,service,each,Standard,ASCAP/BMI/SESAC public-performance license for live and recorded music at a ticketed or brand event.,,Y,kind service,Advance,02 Digital,,,,,,,5100,,Expense,CC-VENUE,,XPMS 3.0 canon,Exact,Proposed,
1000.08.01-XPMS-003,1000.08.01,1000 Creative,1000.08 Intellectual Property & Licensing,Intellectual Property & Licensing,Photo or Film Location Release Package,Photo / Film Location Release Package,service,each,Standard,"Drafted and executed location, appearance, and capture releases for venue and talent.",,Y,kind service,Advance,04 Physical,,,,,,,5100,,Expense,CC-VENUE,,XPMS 3.0 canon,Exact,Proposed,
1000.08.01-XPMS-005,1000.08.01,1000 Creative,1000.08 Intellectual Property & Licensing,Intellectual Property & Licensing,Rights Clearance & Usage Licensing,Rights Clearance & Usage Licensing,service,each,Standard,"Clearance of talent, music, venue and third-party marks for each intended usage and territory. An asset with unknown clearance is a blocker rather than a risk to accept, because publishing is irreversible.",,Y,kind service,Amplify,05 Experiential,,,,,,,5100,,Expense,CC-VENUE,,XPMS 3.0 canon,Exact,Proposed,
1000.08.01-XPMS-004,1000.08.01,1000 Creative,1000.08 Intellectual Property & Licensing,Intellectual Property & Licensing,Stock Content & Footage Clearance,Stock Content & Footage Clearance,service,each,Standard,"Rights clearance and licensing of third-party stock imagery, footage, and music beds for event content.",,Y,kind service,Scope,02 Digital,,,,,,,5100,,Expense,CC-VENUE,,XPMS 3.0 canon,Exact,Proposed,
1000.50.02-XOS-001,1000.50.02,1000 Creative,1000.50 Programming and Creative Direction,Programming lead,Programming Lead,,service,lump sum,Standard,Representative line for programming lead so the category can carry cost. Replace with the specific item on award.,,Y,kind service,Procure,04 Physical,,,,,,,5100,,Expense,CC-VENUE,,XOS 4.0 gap fill,Representative,Proposed,1000.50.02-XOS-001
1000.51.01-XOS-001,1000.51.01,1000 Creative,1000.51 Scenic and Graphics Production,Signage fabrication,Signage Fabrication,,service,lump sum,Standard,Representative line for signage fabrication so the category can carry cost. Replace with the specific item on award.,,Y,kind service,Procure,04 Physical,,,,,,,5100,,Expense,CC-VENUE,,XOS 4.0 gap fill,Representative,Proposed,1000.51.01-XOS-001
1000.51.02-XOS-001,1000.51.02,1000 Creative,1000.51 Scenic and Graphics Production,Scenic fabrication,Scenic Fabrication,,service,lump sum,Standard,Representative line for scenic fabrication so the category can carry cost. Replace with the specific item on award.,,Y,kind service,Procure,04 Physical,,,,,,,5100,,Expense,CC-VENUE,,XOS 4.0 gap fill,Representative,Proposed,1000.51.02-XOS-001
1000.60.01-XOS-001,1000.60.01,1000 Creative,1000.60 Creative Ramp-Up Program,Scope activities,Scope Activities · Creative,,service,lump sum,Standard,Representative line for scope activities so the category can carry cost. Replace with the specific item on award.,,Y,kind service,Scope,04 Physical,,,,,,,5100,,Expense,CC-E00,,XOS 4.0 gap fill,Representative,Proposed,1000.60.01-XOS-001
1000.60.02-XOS-001,1000.60.02,1000 Creative,1000.60 Creative Ramp-Up Program,Engage activities,Engage Activities · Creative,,service,lump sum,Standard,Representative line for engage activities so the category can carry cost. Replace with the specific item on award.,,Y,kind service,Engage,04 Physical,,,,,,,5100,,Expense,CC-E00,,XOS 4.0 gap fill,Representative,Proposed,1000.60.02-XOS-001
1000.60.03-XOS-001,1000.60.03,1000 Creative,1000.60 Creative Ramp-Up Program,Advance activities,Advance Activities · Creative,,service,lump sum,Standard,Representative line for advance activities so the category can carry cost. Replace with the specific item on award.,,Y,kind service,Advance,04 Physical,,,,,,,5100,,Expense,CC-E00,,XOS 4.0 gap fill,Representative,Proposed,1000.60.03-XOS-001
1000.60.04-XOS-001,1000.60.04,1000 Creative,1000.60 Creative Ramp-Up Program,Procure activities,Procure Activities · Creative,,service,lump sum,Standard,Representative line for procure activities so the category can carry cost. Replace with the specific item on award.,,Y,kind service,Procure,04 Physical,,,,,,,5100,,Expense,CC-E00,,XOS 4.0 gap fill,Representative,Proposed,1000.60.04-XOS-001
1000.60.05-XOS-001,1000.60.05,1000 Creative,1000.60 Creative Ramp-Up Program,Build activities,Build Activities · Creative,,service,lump sum,Standard,Representative line for build activities so the category can carry cost. Replace with the specific item on award.,,Y,kind service,Build,04 Physical,,,,,,,5100,,Expense,CC-E00,,XOS 4.0 gap fill,Representative,Proposed,1000.60.05-XOS-001
1000.60.06-XOS-001,1000.60.06,1000 Creative,1000.60 Creative Ramp-Up Program,Install activities,Install Activities · Creative,,service,lump sum,Standard,Representative line for install activities so the category can carry cost. Replace with the specific item on award.,,Y,kind service,Install,04 Physical,,,,,,,5100,,Expense,CC-E00,,XOS 4.0 gap fill,Representative,Proposed,1000.60.06-XOS-001
1000.60.07-XOS-001,1000.60.07,1000 Creative,1000.60 Creative Ramp-Up Program,Operate activities,Operate Activities · Creative,,service,lump sum,Standard,Representative line for operate activities so the category can carry cost. Replace with the specific item on award.,,Y,kind service,Operate,04 Physical,,,,,,,5100,,Expense,CC-E00,,XOS 4.0 gap fill,Representative,Proposed,1000.60.07-XOS-001
1000.60.08-XOS-001,1000.60.08,1000 Creative,1000.60 Creative Ramp-Up Program,Amplify activities,Amplify Activities · Creative,,service,lump sum,Standard,Representative line for amplify activities so the category can carry cost. Replace with the specific item on award.,,Y,kind service,Amplify,04 Physical,,,,,,,5100,,Expense,CC-E00,,XOS 4.0 gap fill,Representative,Proposed,1000.60.08-XOS-001
1000.60.09-XOS-001,1000.60.09,1000 Creative,1000.60 Creative Ramp-Up Program,Close activities,Close Activities · Creative,,service,lump sum,Standard,Representative line for close activities so the category can carry cost. Replace with the specific item on award.,,Y,kind service,Close,04 Physical,,,,,,,5100,,Expense,CC-E00,,XOS 4.0 gap fill,Representative,Proposed,1000.60.09-XOS-001
2000.01.01-XPMS-001,2000.01.01,2000 Talent,2000.01 Artist Booking & Programming,Booking,Artist Booking & Programming,,service,each,Standard,Headliner and support booking.,,Y,kind service,Operate,05 Experiential,,,,,,,5200,,Expense,CC-VENUE,,XPMS 3.0 canon,Exact,Active,
2000.01.01-XOS-001,2000.01.01,2000 Talent,2000.01 Artist Booking & Programming,Booking,Listening Session · Base,Catch Phrases,experience,each,Base,Casual playback listening moment in a lounge.,Zone: Exhibition Room. Tier fit: T1; T3. Upgrades: Hi-fi / vinyl playback salon. Add-ons: Artist Q&A integration. Substitutions: Standard lounge playback.,Y,kind experience,Show,05 Experiential,,,,,,,5200,,Expense,CC-VENUE,,Catalog Framework · Artistry (Sound),Department fallback,Proposed,SND-07
2000.01.01-XOS-002,2000.01.01,2000 Talent,2000.01 Artist Booking & Programming,Booking,Listening Session · Elevated,Catch Phrases,experience,each,Elevated,Hosted album / catalog listening session with the artist's curation.,Zone: Exhibition Room. Tier fit: T1; T3. Upgrades: Hi-fi / vinyl playback salon. Add-ons: Artist Q&A integration. Substitutions: Standard lounge playback.,Y,kind experience,Show,05 Experiential,,,,,,,5200,,Expense,CC-VENUE,,Catalog Framework · Artistry (Sound),Department fallback,Proposed,SND-07
2000.01.01-XOS-003,2000.01.01,2000 Talent,2000.01 Artist Booking & Programming,Booking,Listening Session · Premium,Catch Phrases,experience,each,Premium,"Premium hi-fi listening salon with vinyl, host, and spatial playback.",Zone: Exhibition Room. Tier fit: T1; T3. Upgrades: Hi-fi / vinyl playback salon. Add-ons: Artist Q&A integration. Substitutions: Standard lounge playback.,Y,kind experience,Show,05 Experiential,,,,,,,5200,,Expense,CC-VENUE,,Catalog Framework · Artistry (Sound),Department fallback,Proposed,SND-07
2000.01.01-XOS-004,2000.01.01,2000 Talent,2000.01 Artist Booking & Programming,Booking,Silent Disco · Base,Catch Phrases,experience,each,Base,Single-channel silent-disco headphone set for an after-room.,Zone: Exhibition Room. Tier fit: T1; T3. Upgrades: LED headphones; channel battle host. Add-ons: Branded headphone keepsake. Substitutions: No silent disco.,Y,kind experience,Show,05 Experiential,,,,,,,5200,,Expense,CC-VENUE,,Catalog Framework · Artistry (Sound),Department fallback,Proposed,SND-06
2000.01.01-XOS-005,2000.01.01,2000 Talent,2000.01 Artist Booking & Programming,Booking,Silent Disco · Elevated,Catch Phrases,experience,each,Elevated,Three-channel silent disco with branded headphones.,Zone: Exhibition Room. Tier fit: T1; T3. Upgrades: LED headphones; channel battle host. Add-ons: Branded headphone keepsake. Substitutions: No silent disco.,Y,kind experience,Show,05 Experiential,,,,,,,5200,,Expense,CC-VENUE,,Catalog Framework · Artistry (Sound),Department fallback,Proposed,SND-06
2000.01.01-XOS-006,2000.01.01,2000 Talent,2000.01 Artist Booking & Programming,Booking,Silent Disco · Premium,Catch Phrases,experience,each,Premium,Premium silent-disco production with LED headphones and a hosted channel battle.,Zone: Exhibition Room. Tier fit: T1; T3. Upgrades: LED headphones; channel battle host. Add-ons: Branded headphone keepsake. Substitutions: No silent disco.,Y,kind experience,Show,05 Experiential,,,,,,,5200,,Expense,CC-VENUE,,Catalog Framework · Artistry (Sound),Department fallback,Proposed,SND-06
2000.02.01-XPMS-002,2000.02.01,2000 Talent,2000.02 Music Programming & Curation,Curation,Event Performing Talent (Placeholder),Event Performing Talent,service,each,Standard,Phase 2 event-driven.,,Y,kind service,Build,04 Physical,,,,,,,5200,,Expense,CC-VENUE,,XPMS 3.0 canon,Exact,Proposed,
2000.02.01-XPMS-001,2000.02.01,2000 Talent,2000.02 Music Programming & Curation,Curation,Music Programming & Curation,,service,each,Standard,Lineup curation and set design.,,Y,kind service,Operate,05 Experiential,,,,,,,5200,,Expense,CC-VENUE,,XPMS 3.0 canon,Exact,Active,
2000.02.02-XPMS-001,2000.02.02,2000 Talent,2000.02 Music Programming & Curation,Set Programming,DJ or Live Set Programming,,service,each,Standard,Set programming and music direction.,,Y,kind service,Operate,05 Experiential,,,,,,,5200,,Expense,CC-VENUE,,XPMS 3.0 canon,Exact,Active,
2000.02.02-XOS-001,2000.02.02,2000 Talent,2000.02 Music Programming & Curation,Set Programming,DJ or Selector Format · Base,Catch Phrases,experience,each,Base,House or local DJ on a single deck for ambiance and transitions.,Zone: Main Stage and Bar. Tier fit: T1; T4. Upgrades: Headline talent; b2b set. Add-ons: Vinyl-only / open-format set. Substitutions: Playlist playback only.,Y,kind experience,Show,06 Theatrical,,,,,,,5200,,Expense,CC-VENUE,,Catalog Framework · Artistry (Sound),Keyword,Proposed,SND-01
2000.02.02-XOS-002,2000.02.02,2000 Talent,2000.02 Music Programming & Curation,Set Programming,DJ or Selector Format · Elevated,Catch Phrases,experience,each,Elevated,Curated DJ with a programmed arc and a featured guest selector.,Zone: Main Stage and Bar. Tier fit: T1; T4. Upgrades: Headline talent; b2b set. Add-ons: Vinyl-only / open-format set. Substitutions: Playlist playback only.,Y,kind experience,Show,06 Theatrical,,,,,,,5200,,Expense,CC-VENUE,,Catalog Framework · Artistry (Sound),Keyword,Proposed,SND-01
2000.02.02-XOS-003,2000.02.02,2000 Talent,2000.02 Music Programming & Curation,Set Programming,DJ or Selector Format · Premium,Catch Phrases,experience,each,Premium,"Headline DJ (e.g., DJ SWVNLVKE) with a full programmed journey and support sets.",Zone: Main Stage and Bar. Tier fit: T1; T4. Upgrades: Headline talent; b2b set. Add-ons: Vinyl-only / open-format set. Substitutions: Playlist playback only.,Y,kind experience,Show,06 Theatrical,,,,,,,5200,,Expense,CC-VENUE,,Catalog Framework · Artistry (Sound),Keyword,Proposed,SND-01
2000.02.02-XOS-004,2000.02.02,2000 Talent,2000.02 Music Programming & Curation,Set Programming,Live Performance Format · Base,Catch Phrases,experience,each,Base,Solo acoustic or single artist short set.,Zone: Main Stage and Bar. Tier fit: T2; T4. Upgrades: Multi-act bill; surprise guest. Add-ons: Acoustic / stripped session. Substitutions: DJ-only programming.,Y,kind experience,Show,06 Theatrical,,,,,,,5200,,Expense,CC-VENUE,,Catalog Framework · Artistry (Sound),Keyword,Proposed,SND-02
2000.02.02-XOS-005,2000.02.02,2000 Talent,2000.02 Music Programming & Curation,Set Programming,Live Performance Format · Elevated,Catch Phrases,experience,each,Elevated,Full band or featured artist set with proper backline.,Zone: Main Stage and Bar. Tier fit: T2; T4. Upgrades: Multi-act bill; surprise guest. Add-ons: Acoustic / stripped session. Substitutions: DJ-only programming.,Y,kind experience,Show,06 Theatrical,,,,,,,5200,,Expense,CC-VENUE,,Catalog Framework · Artistry (Sound),Keyword,Proposed,SND-02
2000.02.02-XOS-006,2000.02.02,2000 Talent,2000.02 Music Programming & Curation,Set Programming,Live Performance Format · Premium,Catch Phrases,experience,each,Premium,Multi-act bill with a headline performance and curated support.,Zone: Main Stage and Bar. Tier fit: T2; T4. Upgrades: Multi-act bill; surprise guest. Add-ons: Acoustic / stripped session. Substitutions: DJ-only programming.,Y,kind experience,Show,06 Theatrical,,,,,,,5200,,Expense,CC-VENUE,,Catalog Framework · Artistry (Sound),Keyword,Proposed,SND-02
2000.03.01-XPMS-003,2000.03.01,2000 Talent,2000.03 Talent Advancing & Riders,Advancing,Artist Hospitality,Artist hospitality,service,each,Standard,Talent · Artist hospitality.,,Y,kind service,Operate,04 Physical,,,,,,,5200,,Expense,CC-VENUE,,XPMS 3.0 canon,Exact,Proposed,
2000.03.01-XPMS-002,2000.03.01,2000 Talent,2000.03 Talent Advancing & Riders,Advancing,Artist Performance Fees,Artist performance fees,service,each,Standard,Talent · Artist performance fees.,,Y,kind service,Operate,04 Physical,,,,,,,5200,,Expense,CC-VENUE,,XPMS 3.0 canon,Exact,Proposed,
2000.03.01-XPMS-004,2000.03.01,2000 Talent,2000.03 Talent Advancing & Riders,Advancing,Backline & Instruments,Backline & instruments,service,each,Standard,Talent · Backline and instruments.,,Y,kind service,Operate,04 Physical,,,,,,,5200,,Expense,CC-VENUE,,XPMS 3.0 canon,Exact,Proposed,
2000.03.01-XPMS-001,2000.03.01,2000 Talent,2000.03 Talent Advancing & Riders,Advancing,Talent Advancing & Riders,,service,each,Standard,Technical and hospitality rider advance.,,Y,kind service,Operate,05 Experiential,,,,,,,5200,,Expense,CC-VENUE,,XPMS 3.0 canon,Exact,Active,
2000.04.01-XPMS-001,2000.04.01,2000 Talent,2000.04 Casting (Performers & Ambassadors),Casting,Performer & Ambassador Casting,,service,each,Standard,Casting of performers and ambassadors.,,Y,kind service,Operate,05 Experiential,,,,,,,5200,,Expense,CC-VENUE,,XPMS 3.0 canon,Exact,Active,
2000.05.01-XPMS-001,2000.05.01,2000 Talent,"2000.05 Speakers, Hosts & MC",Hosts,Host or MC Services,,service,each,Standard,"Emcee, host, moderator.",,Y,kind service,Operate,05 Experiential,,,,,,,5200,,Expense,CC-VENUE,,XPMS 3.0 canon,Exact,Active,
2000.06.01-XPMS-001,2000.06.01,2000 Talent,2000.06 Talent Settlement & Payments,Settlement,Talent Settlement & Payments,,service,each,Standard,"Guarantees, per-diems, settlement.",,Y,kind service,Operate,05 Experiential,,,,,,,5200,,Expense,CC-VENUE,,XPMS 3.0 canon,Exact,Active,
2000.06.01-XPMS-002,2000.06.01,2000 Talent,2000.06 Talent Settlement & Payments,Settlement,Talent Usage Settlement,Talent Usage Settlement,service,each,Standard,"Reconciliation and payment of usage, residual and buyout obligations arising from published content, distinct from performance fees settled at Close.",,Y,kind service,Amplify,05 Experiential,,,,,,,5200,,Expense,CC-VENUE,,XPMS 3.0 canon,Exact,Proposed,
2000.07.01-XPMS-002,2000.07.01,2000 Talent,2000.07 Talent Travel & Hospitality Coordination,Talent Travel & Hospitality Coordination,Artist Ground Transport Package - SUV & Driver,Artist Ground Transport Package,travel,each,Standard,"Black SUV with vetted driver on artist call, airport-to-venue-to-hotel loop, 10-hr day.",,Z,kind travel,Operate,05 Experiential,,,,,,,5200,,Expense,CC-VENUE,,XPMS 3.0 canon,Exact,Proposed,
2000.07.01-XPMS-004,2000.07.01,2000 Talent,2000.07 Talent Travel & Hospitality Coordination,Talent Travel & Hospitality Coordination,Artist Hotel Block Management,Artist Hotel Block Management,service,each,Standard,"Management of artist and crew hotel blocks, rooming lists, and billing reconciliation.",,Y,kind service,Advance,05 Experiential,,,,,,,5200,,Expense,CC-VENUE,,XPMS 3.0 canon,Exact,Proposed,
2000.07.01-XPMS-001,2000.07.01,2000 Talent,2000.07 Talent Travel & Hospitality Coordination,Talent Travel & Hospitality Coordination,Artist Travel Coordinator,Artist Travel Coordinator,labor,each,Standard,"Dedicated coordinator managing artist flights, ground, lodging, and rider logistics through show day.",,Y,kind labor,Advance,05 Experiential,,,,,,,5200,,Expense,CC-VENUE,,XPMS 3.0 canon,Exact,Proposed,
2000.07.01-XPMS-003,2000.07.01,2000 Talent,2000.07 Talent Travel & Hospitality Coordination,Talent Travel & Hospitality Coordination,VIP Airport Meet & Greet Service,VIP Airport Meet & Greet Service,travel,each,Standard,"Airside or curbside meet, luggage assist, and escort for arriving talent or executives.",,Z,kind travel,Operate,05 Experiential,,,,,,,5200,,Expense,CC-VENUE,,XPMS 3.0 canon,Exact,Proposed,
2000.50.01-XOS-001,2000.50.01,2000 Talent,2000.50 Talent Operations,Backline technical,Backline Technical,,service,lump sum,Standard,Representative line for backline technical so the category can carry cost. Replace with the specific item on award.,,Y,kind service,Procure,04 Physical,,,,,,,5200,,Expense,CC-VENUE,,XOS 4.0 gap fill,Representative,Proposed,2000.50.01-XOS-001
2000.60.01-XOS-001,2000.60.01,2000 Talent,2000.60 Talent Ramp-Up Program,Scope activities,Scope Activities · Talent,,service,lump sum,Standard,Representative line for scope activities so the category can carry cost. Replace with the specific item on award.,,Y,kind service,Scope,04 Physical,,,,,,,5200,,Expense,CC-E00,,XOS 4.0 gap fill,Representative,Proposed,2000.60.01-XOS-001
2000.60.02-XOS-001,2000.60.02,2000 Talent,2000.60 Talent Ramp-Up Program,Engage activities,Engage Activities · Talent,,service,lump sum,Standard,Representative line for engage activities so the category can carry cost. Replace with the specific item on award.,,Y,kind service,Engage,04 Physical,,,,,,,5200,,Expense,CC-E00,,XOS 4.0 gap fill,Representative,Proposed,2000.60.02-XOS-001
2000.60.03-XOS-001,2000.60.03,2000 Talent,2000.60 Talent Ramp-Up Program,Advance activities,Advance Activities · Talent,,service,lump sum,Standard,Representative line for advance activities so the category can carry cost. Replace with the specific item on award.,,Y,kind service,Advance,04 Physical,,,,,,,5200,,Expense,CC-E00,,XOS 4.0 gap fill,Representative,Proposed,2000.60.03-XOS-001
2000.60.04-XOS-001,2000.60.04,2000 Talent,2000.60 Talent Ramp-Up Program,Procure activities,Procure Activities · Talent,,service,lump sum,Standard,Representative line for procure activities so the category can carry cost. Replace with the specific item on award.,,Y,kind service,Procure,04 Physical,,,,,,,5200,,Expense,CC-E00,,XOS 4.0 gap fill,Representative,Proposed,2000.60.04-XOS-001
2000.60.05-XOS-001,2000.60.05,2000 Talent,2000.60 Talent Ramp-Up Program,Build activities,Build Activities · Talent,,service,lump sum,Standard,Representative line for build activities so the category can carry cost. Replace with the specific item on award.,,Y,kind service,Build,04 Physical,,,,,,,5200,,Expense,CC-E00,,XOS 4.0 gap fill,Representative,Proposed,2000.60.05-XOS-001
2000.60.06-XOS-001,2000.60.06,2000 Talent,2000.60 Talent Ramp-Up Program,Install activities,Install Activities · Talent,,service,lump sum,Standard,Representative line for install activities so the category can carry cost. Replace with the specific item on award.,,Y,kind service,Install,04 Physical,,,,,,,5200,,Expense,CC-E00,,XOS 4.0 gap fill,Representative,Proposed,2000.60.06-XOS-001
2000.60.07-XOS-001,2000.60.07,2000 Talent,2000.60 Talent Ramp-Up Program,Operate activities,Operate Activities · Talent,,service,lump sum,Standard,Representative line for operate activities so the category can carry cost. Replace with the specific item on award.,,Y,kind service,Operate,04 Physical,,,,,,,5200,,Expense,CC-E00,,XOS 4.0 gap fill,Representative,Proposed,2000.60.07-XOS-001
2000.60.08-XOS-001,2000.60.08,2000 Talent,2000.60 Talent Ramp-Up Program,Amplify activities,Amplify Activities · Talent,,service,lump sum,Standard,Representative line for amplify activities so the category can carry cost. Replace with the specific item on award.,,Y,kind service,Amplify,04 Physical,,,,,,,5200,,Expense,CC-E00,,XOS 4.0 gap fill,Representative,Proposed,2000.60.08-XOS-001
2000.60.09-XOS-001,2000.60.09,2000 Talent,2000.60 Talent Ramp-Up Program,Close activities,Close Activities · Talent,,service,lump sum,Standard,Representative line for close activities so the category can carry cost. Replace with the specific item on award.,,Y,kind service,Close,04 Physical,,,,,,,5200,,Expense,CC-E00,,XOS 4.0 gap fill,Representative,Proposed,2000.60.09-XOS-001
3000.01.01-XPMS-004,3000.01.01,3000 Marketing,3000.01 Brand Marketing & Campaign,Campaign,Always-On Marketing & Social,Always-On Marketing & Social,opex,each,Standard,Marketing · Always-On Marketing and Social.,,X,default: a nameable resource,Operate,04 Physical,,,,,,,5300,,Expense,CC-VENUE,,XPMS 3.0 canon,Exact,Proposed,
3000.01.01-XPMS-003,3000.01.01,3000 Marketing,3000.01 Brand Marketing & Campaign,Campaign,Build + Launch Photography or Videography,Build + Launch Photography / Videography,service,each,Standard,Document build and launch.,,Y,kind service,Build,04 Physical,,,,,,,5300,,Expense,CC-VENUE,,XPMS 3.0 canon,Exact,Proposed,
3000.01.01-XPMS-001,3000.01.01,3000 Marketing,3000.01 Brand Marketing & Campaign,Campaign,Campaign Strategy & Brand Marketing,,service,each,Standard,Go-to-market and campaign strategy.,,Y,kind service,Operate,05 Experiential,,,,,,,5300,,Expense,CC-VENUE,,XPMS 3.0 canon,Exact,Active,
3000.01.01-XPMS-007,3000.01.01,3000 Marketing,3000.01 Brand Marketing & Campaign,Campaign,Local Partnership or Community Org,Local partnership / community org,package,each,Standard,Marketing · Local partnership / community org.,,X,default: a nameable resource,Operate,04 Physical,,,,,,,5300,,Expense,CC-VENUE,,XPMS 3.0 canon,Exact,Proposed,
3000.01.01-XPMS-005,3000.01.01,3000 Marketing,3000.01 Brand Marketing & Campaign,Campaign,PR & Community Relations,PR & Community Relations,opex,each,Standard,Marketing · PR and Community Relations.,,X,default: a nameable resource,Operate,04 Physical,,,,,,,5300,,Expense,CC-VENUE,,XPMS 3.0 canon,Exact,Proposed,
3000.01.01-XPMS-006,3000.01.01,3000 Marketing,3000.01 Brand Marketing & Campaign,Campaign,PR or Press or Influencer,PR / press / influencer,package,each,Standard,Marketing · PR / press / influencer.,,X,default: a nameable resource,Operate,04 Physical,,,,,,,5300,,Expense,CC-VENUE,,XPMS 3.0 canon,Exact,Proposed,
3000.01.01-XPMS-008,3000.01.01,3000 Marketing,3000.01 Brand Marketing & Campaign,Campaign,Post-Event Campaign Execution,Post-Event Campaign Execution,service,each,Standard,"Paid and owned campaign activity running after the event against the objectives set at Discover; retargeting, nurture and next-cycle acquisition.",,Y,kind service,Amplify,05 Experiential,,,,,,,5300,,Expense,CC-VENUE,,XPMS 3.0 canon,Exact,Proposed,
3000.01.01-XPMS-002,3000.01.01,3000 Marketing,3000.01 Brand Marketing & Campaign,Campaign,Street Team Activation Staff,Street Team Activation Staff,labor,each,Standard,"Brand-trained street team for flyering, sampling, and footprint engagement.",,Y,kind labor,Operate,01 Social,,,,,,,5300,,Expense,CC-VENUE,,XPMS 3.0 canon,Exact,Proposed,
3000.02.01-XPMS-003,3000.02.01,3000 Marketing,3000.02 Social Media & Community,Social,Launch Content Capture Kit or Social,Launch Content Capture Kit / Social,service,each,Standard,Social assets at launch.,,Y,kind service,Build,04 Physical,,,,,,,5300,,Expense,CC-VENUE,,XPMS 3.0 canon,Exact,Proposed,
3000.02.01-XPMS-002,3000.02.01,3000 Marketing,3000.02 Social Media & Community,Social,Live Social Media Manager - Event Day,Live Social Media Manager,labor,each,Standard,"Real-time posting, stories, and community engagement through the event day.",,Y,kind labor,Operate,01 Social,,,,,,,5300,,Expense,CC-VENUE,,XPMS 3.0 canon,Exact,Proposed,
3000.02.01-XPMS-004,3000.02.01,3000 Marketing,3000.02 Social Media & Community,Social,Social Cutdown Package,Social Cutdown Package,service,each,Standard,"Platform-specific short-form edits derived from primary capture, delivered to each platform's aspect ratio, duration and caption requirements.",,Y,kind service,Amplify,05 Experiential,,,,,,,5300,,Expense,CC-VENUE,,XPMS 3.0 canon,Exact,Proposed,
3000.02.01-XPMS-001,3000.02.01,3000 Marketing,3000.02 Social Media & Community,Social,Social Media & Community Management,,service,each,Standard,Social channels and community.,,Y,kind service,Operate,05 Experiential,,,,,,,5300,,Expense,CC-VENUE,,XPMS 3.0 canon,Exact,Active,
3000.03.01-XPMS-004,3000.03.01,3000 Marketing,3000.03 Public Relations & Press,Public Relations,Earned Media & Coverage Report,Earned Media & Coverage Report,service,each,Standard,"Compilation of resulting coverage with reach and equivalency measures, sourced and dated. Carries its own confidence: a media-equivalency figure is modelled, not quoted, and must not be presented as revenue.",,Y,kind service,Amplify,05 Experiential,,,,,,,5300,,Expense,CC-VENUE,,XPMS 3.0 canon,Exact,Proposed,
3000.03.01-XPMS-003,3000.03.01,3000 Marketing,3000.03 Public Relations & Press,Public Relations,Press Release & Media Distribution,Press Release & Media Distribution,service,each,Standard,"Drafting, approval and distribution of post-event press material, with a clip report of resulting coverage.",,Y,kind service,Amplify,05 Experiential,,,,,,,5300,,Expense,CC-VENUE,,XPMS 3.0 canon,Exact,Proposed,
3000.03.01-XPMS-002,3000.03.01,3000 Marketing,3000.03 Public Relations & Press,Public Relations,Press or PR Launch Support,Press / PR Launch Support,service,each,Standard,Launch PR.,,Y,kind service,Build,04 Physical,,,,,,,5300,,Expense,CC-VENUE,,XPMS 3.0 canon,Exact,Proposed,
3000.03.01-XPMS-001,3000.03.01,3000 Marketing,3000.03 Public Relations & Press,Public Relations,Public Relations & Press,,service,each,Standard,"Press strategy, releases, media relations.",,Y,kind service,Operate,05 Experiential,,,,,,,5300,,Expense,CC-VENUE,,XPMS 3.0 canon,Exact,Active,
3000.04.01-XPMS-001,3000.04.01,3000 Marketing,3000.04 Sponsorship Sales,Sponsorship,Sponsorship Sales & Packaging,,service,each,Standard,Sponsor packaging and sales.,,Y,kind service,Operate,05 Experiential,,,,,,,5300,,Expense,CC-VENUE,,XPMS 3.0 canon,Exact,Active,
3000.05.01-XPMS-002,3000.05.01,3000 Marketing,3000.05 CRM & Audience Data,CRM,Audience & Market Research,Audience & Market Research,service,each,Standard,"Primary or secondary research characterising the intended audience, demand and competitive context. Feeds the objectives that gate 8 measures against.",,Y,kind service,Scope,05 Experiential,,,,,,,5300,,Expense,CC-VENUE,,XPMS 3.0 canon,Exact,Proposed,
3000.05.01-XPMS-001,3000.05.01,3000 Marketing,3000.05 CRM & Audience Data,CRM,CRM & Audience Data,,service,each,Standard,"CRM, segmentation, lifecycle.",,Y,kind service,Operate,05 Experiential,,,,,,,5300,,Expense,CC-VENUE,,XPMS 3.0 canon,Exact,Active,
3000.05.01-GHXST-001,3000.05.01,3000 Marketing,3000.05 CRM & Audience Data,CRM,Camera - IMAG,,equipment,each,Standard,Broadcast-quality camera for live image magnification.,"PTZ, manned tripod, jib, or Steadicam.",X,kind equipment,Procurement,04 Physical,800.0,675.0,925.0,336,"1 operator per camera, 1 video director",,5300,,Expense,CC-VENUE,2.x master catalog,2.x master catalog,Discipline hint,Proposed,TECH-VIDO-CAMR-001 · 5000.050.00
3000.05.01-GHXST-002,3000.05.01,3000 Marketing,3000.05 CRM & Audience Data,CRM,Charger - Radio - Multi-Bay,,radio,each,Standard,6-unit or 12-unit charging station for radios.,6-bay or 12-bay | With conditioning display.,X,kind radio,Procurement,04 Physical,25.0,21.0,29.0,168,"1 comms tech for programming, users self-distribute",,5300,,Expense,CC-VENUE,2.x master catalog,2.x master catalog,Discipline hint,Proposed,WORK-COMM-RDIO-004 · 9000.020.00
3000.05.01-GHXST-003,3000.05.01,3000 Marketing,3000.05 CRM & Audience Data,CRM,Display - Flat Panel,,equipment,each,Standard,Professional flat panel display on stand or mount.,42in through 98in | Outdoor-rated available.,X,kind equipment,Procurement,04 Physical,100.0,85.0,115.0,336,3 to 6 video techs,,5300,,Expense,CC-VENUE,2.x master catalog,2.x master catalog,Discipline hint,Proposed,TECH-VIDO-LEDW-005 · 5000.050.00
3000.05.01-GHXST-004,3000.05.01,3000 Marketing,3000.05 CRM & Audience Data,CRM,Intercom - Wired,,radio,each,Standard,Hard-wired intercom for stage management and production.,Clear-Com MS-702 station | 2-channel or 4-channel | With headset.,X,kind radio,Procurement,04 Physical,60.0,50.0,70.0,168,"1 comms tech for programming, users self-distribute",,5300,,Expense,CC-VENUE,2.x master catalog,2.x master catalog,Discipline hint,Proposed,WORK-COMM-INTC-001 · 9000.020.00
3000.05.01-GHXST-005,3000.05.01,3000 Marketing,3000.05 CRM & Audience Data,CRM,Intercom - Wireless,,radio,each,Standard,Digital wireless intercom for mobile production staff.,Riedel Bolero | Clear-Com FreeSpeak II | Green-GO.,X,kind radio,Procurement,04 Physical,100.0,85.0,115.0,168,"1 comms tech for programming, users self-distribute",,5300,,Expense,CC-VENUE,2.x master catalog,2.x master catalog,Discipline hint,Proposed,WORK-COMM-INTC-002 · 9000.020.00
3000.05.01-GHXST-006,3000.05.01,3000 Marketing,3000.05 CRM & Audience Data,CRM,LED Screen - Mobile,,equipment,each,Standard,Self-contained mobile LED screen on trailer.,9x16ft through 16x28ft | With audio and generator options.,X,kind equipment,Procurement,04 Physical,3500.0,2975.0,4025.0,336,"1 CDL driver, 1 video tech",,5300,,Expense,CC-VENUE,2.x master catalog,2.x master catalog,Discipline hint,Proposed,TECH-VIDO-LEDW-004 · 5000.050.00
3000.05.01-GHXST-007,3000.05.01,3000 Marketing,3000.05 CRM & Audience Data,CRM,LED Tile - Floor or Ceiling,,equipment,each,Standard,Walkable or overhead LED panel for immersive installations.,2.9mm or 3.9mm | Load-rated (floor) or overhead-rated.,X,kind equipment,Procurement,04 Physical,150.0,130.0,170.0,672,"4 to 8 video techs, structural engineer signoff",,5300,,Expense,CC-VENUE,2.x master catalog,2.x master catalog,Discipline hint,Proposed,TECH-VIDO-LEDW-003 · 5000.050.00
3000.05.01-GHXST-008,3000.05.01,3000 Marketing,3000.05 CRM & Audience Data,CRM,LED Wall - Indoor,,equipment,each,Standard,Modular LED video panel wall for stage backdrop or IMAG.,"2.6mm, 2.9mm, or 3.9mm pixel pitch | 500x500mm panels.",X,kind equipment,Procurement,04 Physical,100.0,85.0,115.0,336,3 to 6 video techs,,5300,,Expense,CC-VENUE,2.x master catalog,2.x master catalog,Discipline hint,Proposed,TECH-VIDO-LEDW-001 · 5000.050.00
3000.05.01-GHXST-009,3000.05.01,3000 Marketing,3000.05 CRM & Audience Data,CRM,LED Wall - Outdoor,,equipment,each,Standard,Weather-rated LED panels for outdoor events.,3.9mm through 10mm pixel pitch | IP65 rated.,X,kind equipment,Procurement,04 Physical,125.0,105.0,145.0,336,3 to 6 video techs,,5300,,Expense,CC-VENUE,2.x master catalog,2.x master catalog,Discipline hint,Proposed,TECH-VIDO-LEDW-002 · 5000.050.00
3000.05.01-GHXST-010,3000.05.01,3000 Marketing,3000.05 CRM & Audience Data,CRM,Livestream Package,,equipment,each,Standard,Complete livestream setup with encoding and CDN delivery.,Single camera through multi-cam with graphics and remote guests.,X,kind equipment,Procurement,04 Physical,3000.0,2550.0,3450.0,336,"1 operator per camera, 1 video director",,5300,,Expense,CC-VENUE,2.x master catalog,2.x master catalog,Discipline hint,Proposed,TECH-VIDO-CAMR-003 · 5000.050.00
3000.05.01-GHXST-011,3000.05.01,3000 Marketing,3000.05 CRM & Audience Data,CRM,Media Server,,equipment,each,Standard,Professional media server for content playback and processing.,"Disguise, Resolume, Watchout, Notch, or Green Hippo.",X,kind equipment,Procurement,04 Physical,1200.0,1025.0,1375.0,336,1 media server operator,,5300,,Expense,CC-VENUE,2.x master catalog,2.x master catalog,Discipline hint,Proposed,TECH-VIDO-PLAY-001 · 5000.050.00
3000.05.01-GHXST-012,3000.05.01,3000 Marketing,3000.05 CRM & Audience Data,CRM,Monitor - Confidence,,equipment,each,Standard,On-stage confidence monitor for presenters or performers.,15in through 24in | Teleprompter-style available.,X,kind equipment,Procurement,04 Physical,100.0,85.0,115.0,336,3 to 6 video techs,,5300,,Expense,CC-VENUE,2.x master catalog,2.x master catalog,Discipline hint,Proposed,TECH-VIDO-LEDW-006 · 5000.050.00
3000.05.01-GHXST-013,3000.05.01,3000 Marketing,3000.05 CRM & Audience Data,CRM,Motorola XPR7550 Two-Way Radio,,radio,each,Standard,"UHF digital radio, 5W, 1000 channels.",,X,kind radio,Procurement,04 Physical,650.0,,,,,,5300,,Expense,CC-VENUE,2.x master catalog,2.x master catalog,Discipline hint,Proposed,moto-xpr7550 · 9000.020.00
3000.05.01-GHXST-014,3000.05.01,3000 Marketing,3000.05 CRM & Audience Data,CRM,Processor - Video,,equipment,each,Standard,"Video processing, scaling, and switching for LED walls and projection.","Novastar, Brompton, Barco E2, or Analog Way.",X,kind equipment,Procurement,04 Physical,500.0,425.0,575.0,336,1 media server operator,,5300,,Expense,CC-VENUE,2.x master catalog,2.x master catalog,Discipline hint,Proposed,TECH-VIDO-PLAY-002 · 5000.050.00
3000.05.01-GHXST-015,3000.05.01,3000 Marketing,3000.05 CRM & Audience Data,CRM,Projector - Large Venue,,equipment,each,Standard,High-brightness laser projector for large venues and outdoor use.,"20,000 through 60,000 or more lumens.",X,kind equipment,Procurement,04 Physical,3000.0,2550.0,3450.0,168,1 video tech,,5300,,Expense,CC-VENUE,2.x master catalog,2.x master catalog,Discipline hint,Proposed,TECH-VIDO-PROJ-002 · 5000.050.00
3000.05.01-GHXST-016,3000.05.01,3000 Marketing,3000.05 CRM & Audience Data,CRM,Projector - Standard,,equipment,each,Standard,LCD or DLP projector for presentations and basic projection.,"5,000 through 15,000 lumens.",X,kind equipment,Procurement,04 Physical,400.0,340.0,460.0,168,1 video tech,,5300,,Expense,CC-VENUE,2.x master catalog,2.x master catalog,Discipline hint,Proposed,TECH-VIDO-PROJ-001 · 5000.050.00
3000.05.01-GHXST-017,3000.05.01,3000 Marketing,3000.05 CRM & Audience Data,CRM,Radio - Two-Way - Standard,,radio,each,Standard,UHF or VHF handheld two-way radio for event operations.,Motorola CP200d | CLP1010 | Kenwood NX-P1300.,X,kind radio,Procurement,04 Physical,15.0,13.0,17.0,168,"1 comms tech for programming, users self-distribute",,5300,,Expense,CC-VENUE,2.x master catalog,2.x master catalog,Discipline hint,Proposed,WORK-COMM-RDIO-001 · 9000.020.00
3000.05.01-GHXST-018,3000.05.01,3000 Marketing,3000.05 CRM & Audience Data,CRM,Repeater - Radio,,radio,each,Standard,Signal repeater to extend radio coverage across large sites.,UHF or VHF | Digital DMR | With antenna and duplexer.,X,kind radio,Procurement,04 Physical,125.0,105.0,145.0,168,"1 comms tech for programming, users self-distribute",,5300,,Expense,CC-VENUE,2.x master catalog,2.x master catalog,Discipline hint,Proposed,WORK-COMM-RDIO-003 · 9000.020.00
3000.05.01-GHXST-019,3000.05.01,3000 Marketing,3000.05 CRM & Audience Data,CRM,Switcher - Video,,equipment,each,Standard,Live video switching system for multi-camera production.,4-input through 16-input and above | With streaming.,X,kind equipment,Procurement,04 Physical,800.0,675.0,925.0,336,"1 operator per camera, 1 video director",,5300,,Expense,CC-VENUE,2.x master catalog,2.x master catalog,Discipline hint,Proposed,TECH-VIDO-CAMR-002 · 5000.050.00
3000.06.01-XPMS-001,3000.06.01,3000 Marketing,3000.06 Advertising & Media Buying,Media,Advertising & Media Buying,,service,each,Standard,Paid media and media buys.,,Y,kind service,Operate,05 Experiential,,,,,,,5300,,Expense,CC-VENUE,,XPMS 3.0 canon,Exact,Active,
3000.07.01-XPMS-001,3000.07.01,3000 Marketing,3000.07 Influencer & Creator Relations,Influencer,Influencer & Creator Relations,,service,each,Standard,Influencer and creator partnerships.,,Y,kind service,Operate,05 Experiential,,,,,,,5300,,Expense,CC-VENUE,,XPMS 3.0 canon,Exact,Active,
3000.50.01-XOS-001,3000.50.01,3000 Marketing,3000.50 Content Capture,Stills capture,Stills Capture,,service,lump sum,Standard,Representative line for stills capture so the category can carry cost. Replace with the specific item on award.,,Y,kind service,Procure,04 Physical,,,,,,,5300,,Expense,CC-VENUE,,XOS 4.0 gap fill,Representative,Proposed,3000.50.01-XOS-001
3000.50.02-XOS-001,3000.50.02,3000 Marketing,3000.50 Content Capture,Motion capture,Motion Capture,,service,lump sum,Standard,Representative line for motion capture so the category can carry cost. Replace with the specific item on award.,,Y,kind service,Procure,04 Physical,,,,,,,5300,,Expense,CC-VENUE,,XOS 4.0 gap fill,Representative,Proposed,3000.50.02-XOS-001
3000.50.03-XOS-001,3000.50.03,3000 Marketing,3000.50 Content Capture,Content direction,Content Direction,,service,lump sum,Standard,Representative line for content direction so the category can carry cost. Replace with the specific item on award.,,Y,kind service,Procure,04 Physical,,,,,,,5300,,Expense,CC-VENUE,,XOS 4.0 gap fill,Representative,Proposed,3000.50.03-XOS-001
3000.51.01-XOS-001,3000.51.01,3000 Marketing,3000.51 Audience Platforms,Guest list and RSVP platform,Guest List and RSVP Platform,,service,lump sum,Standard,Representative line for guest list and rsvp platform so the category can carry cost. Replace with the specific item on award.,,Y,kind service,Procure,04 Physical,,,,,,,5300,,Expense,CC-VENUE,,XOS 4.0 gap fill,Representative,Proposed,3000.51.01-XOS-001
3000.60.01-XOS-001,3000.60.01,3000 Marketing,3000.60 Marketing Ramp-Up Program,Scope activities,Scope Activities · Marketing,,service,lump sum,Standard,Representative line for scope activities so the category can carry cost. Replace with the specific item on award.,,Y,kind service,Scope,04 Physical,,,,,,,5300,,Expense,CC-E00,,XOS 4.0 gap fill,Representative,Proposed,3000.60.01-XOS-001
3000.60.02-XOS-001,3000.60.02,3000 Marketing,3000.60 Marketing Ramp-Up Program,Engage activities,Engage Activities · Marketing,,service,lump sum,Standard,Representative line for engage activities so the category can carry cost. Replace with the specific item on award.,,Y,kind service,Engage,04 Physical,,,,,,,5300,,Expense,CC-E00,,XOS 4.0 gap fill,Representative,Proposed,3000.60.02-XOS-001
3000.60.03-XOS-001,3000.60.03,3000 Marketing,3000.60 Marketing Ramp-Up Program,Advance activities,Advance Activities · Marketing,,service,lump sum,Standard,Representative line for advance activities so the category can carry cost. Replace with the specific item on award.,,Y,kind service,Advance,04 Physical,,,,,,,5300,,Expense,CC-E00,,XOS 4.0 gap fill,Representative,Proposed,3000.60.03-XOS-001
3000.60.04-XOS-001,3000.60.04,3000 Marketing,3000.60 Marketing Ramp-Up Program,Procure activities,Procure Activities · Marketing,,service,lump sum,Standard,Representative line for procure activities so the category can carry cost. Replace with the specific item on award.,,Y,kind service,Procure,04 Physical,,,,,,,5300,,Expense,CC-E00,,XOS 4.0 gap fill,Representative,Proposed,3000.60.04-XOS-001
3000.60.05-XOS-001,3000.60.05,3000 Marketing,3000.60 Marketing Ramp-Up Program,Build activities,Build Activities · Marketing,,service,lump sum,Standard,Representative line for build activities so the category can carry cost. Replace with the specific item on award.,,Y,kind service,Build,04 Physical,,,,,,,5300,,Expense,CC-E00,,XOS 4.0 gap fill,Representative,Proposed,3000.60.05-XOS-001
3000.60.06-XOS-001,3000.60.06,3000 Marketing,3000.60 Marketing Ramp-Up Program,Install activities,Install Activities · Marketing,,service,lump sum,Standard,Representative line for install activities so the category can carry cost. Replace with the specific item on award.,,Y,kind service,Install,04 Physical,,,,,,,5300,,Expense,CC-E00,,XOS 4.0 gap fill,Representative,Proposed,3000.60.06-XOS-001
3000.60.07-XOS-001,3000.60.07,3000 Marketing,3000.60 Marketing Ramp-Up Program,Operate activities,Operate Activities · Marketing,,service,lump sum,Standard,Representative line for operate activities so the category can carry cost. Replace with the specific item on award.,,Y,kind service,Operate,04 Physical,,,,,,,5300,,Expense,CC-E00,,XOS 4.0 gap fill,Representative,Proposed,3000.60.07-XOS-001
3000.60.08-XOS-001,3000.60.08,3000 Marketing,3000.60 Marketing Ramp-Up Program,Amplify activities,Amplify Activities · Marketing,,service,lump sum,Standard,Representative line for amplify activities so the category can carry cost. Replace with the specific item on award.,,Y,kind service,Amplify,04 Physical,,,,,,,5300,,Expense,CC-E00,,XOS 4.0 gap fill,Representative,Proposed,3000.60.08-XOS-001
3000.60.09-XOS-001,3000.60.09,3000 Marketing,3000.60 Marketing Ramp-Up Program,Close activities,Close Activities · Marketing,,service,lump sum,Standard,Representative line for close activities so the category can carry cost. Replace with the specific item on award.,,Y,kind service,Close,04 Physical,,,,,,,5300,,Expense,CC-E00,,XOS 4.0 gap fill,Representative,Proposed,3000.60.09-XOS-001
4000.01.01-GHXST-001,4000.01.01,4000 Environment,4000.01 Construction & Carpentry,General Tools & Hardware,Air Conditioner - Portable,,equipment,each,Standard,Spot cooler or portable AC unit for tents and structures.,1 through 50 ton.,X,kind equipment,Install,04 Physical,400.0,340.0,460.0,168,1 to 2 HVAC techs,,5400,,Expense,CC-VENUE,2.x master catalog,2.x master catalog,Discipline hint,Proposed,SITE-SERV-CLIM-001 · 5000.130.00
4000.01.01-GHXST-002,4000.01.01,4000 Environment,4000.01 Construction & Carpentry,General Tools & Hardware,Battery Pack - Portable,,equipment,each,Standard,Battery backup or solar power pack for off-grid areas.,1kWh through 10kWh | Solar and battery combo available.,X,kind equipment,Install,04 Physical,75.0,65.0,85.0,168,Licensed electrician,,5400,,Expense,CC-VENUE,2.x master catalog,2.x master catalog,Discipline hint,Proposed,SITE-SERV-POWR-005 · 5000.130.00
4000.01.01-GHXST-003,4000.01.01,4000 Environment,4000.01 Construction & Carpentry,General Tools & Hardware,Booth - Guard,,equipment,each,Standard,Small portable booth for security checkpoints or ticketing.,"4x4 through 4x8 | With window, counter, and lighting.",X,kind equipment,Build,04 Physical,150.0,130.0,170.0,48,Delivery truck driver,,5400,,Expense,CC-VENUE,2.x master catalog,2.x master catalog,Discipline hint,Proposed,SITE-INFR-PORT-006 · 6000.020.00
4000.01.01-GHXST-004,4000.01.01,4000 Environment,4000.01 Construction & Carpentry,General Tools & Hardware,Cable Run - Feeder,,equipment,each,Standard,Temporary power cable from generator or utility to distribution point.,2/0 or 4/0 AWG | Single or 5-wire sets | Various lengths.,X,kind equipment,Install,04 Physical,75.0,65.0,85.0,48,1 to 2 electricians,,5400,,Expense,CC-VENUE,2.x master catalog,2.x master catalog,Discipline hint,Proposed,SITE-SERV-POWR-003 · 5000.130.00
4000.01.01-GHXST-005,4000.01.01,4000 Environment,4000.01 Construction & Carpentry,General Tools & Hardware,Compactor - Portable,,equipment,each,Standard,On-site waste compactor to reduce haul frequency.,2 through 6 cubic yard compactor.,X,kind equipment,Install,04 Physical,250.0,210.0,290.0,48,CDL driver (roll-off truck),,5400,,Expense,CC-VENUE,2.x master catalog,2.x master catalog,Discipline hint,Proposed,SITE-SERV-WAST-004 · 5000.130.00
4000.01.01-XPMS-007,4000.01.01,4000 Environment,4000.01 Construction & Carpentry,General Tools & Hardware,Demo or Surface Prep or Paint,Demo / Surface Prep / Paint,service,each,Standard,"Cosmetic, non-structural prep.",,Y,kind service,Build,04 Physical,,,,,,,5400,,Expense,CC-VENUE,,XPMS 3.0 canon,Exact,Proposed,
4000.01.01-GHXST-006,4000.01.01,4000 Environment,4000.01 Construction & Carpentry,General Tools & Hardware,Driver - CDL,,labor,each,Standard,"Commercial driver for trucks over 26,001 GVWR.",Full-day or per-trip | CDL Class A or B | DOT compliant.,Y,kind labor,Build,04 Physical,400.0,340.0,460.0,72,1 person,,5400,,Expense,CC-VENUE,2.x master catalog,2.x master catalog,Discipline hint,Proposed,LABR-OPER-CERT-004 · 6000.020.00
4000.01.01-GHXST-007,4000.01.01,4000 Environment,4000.01 Construction & Carpentry,General Tools & Hardware,Dumpster - Roll-Off,,equipment,each,Standard,Open-top roll-off dumpster for construction and event waste.,10 through 40 cubic yard.,X,kind equipment,Install,04 Physical,500.0,425.0,575.0,48,CDL driver (roll-off truck),,5400,,Expense,CC-VENUE,2.x master catalog,2.x master catalog,Discipline hint,Proposed,SITE-SERV-WAST-001 · 5000.130.00
4000.01.01-GHXST-008,4000.01.01,4000 Environment,4000.01 Construction & Carpentry,General Tools & Hardware,Fan - Industrial,,equipment,each,Standard,High-volume air mover for ventilation and cooling.,18in through 48in diameter.,X,kind equipment,Install,04 Physical,48.5,42.0,55.0,168,1 to 2 HVAC techs,,5400,,Expense,CC-VENUE,2.x master catalog,2.x master catalog,Discipline hint,Proposed,SITE-SERV-CLIM-003 · 5000.130.00
4000.01.01-XPMS-006,4000.01.01,4000 Environment,4000.01 Construction & Carpentry,General Tools & Hardware,Flex Room Build + Modular Partitions,Flex Room Build + Modular Partitions,service,each,Standard,Minimal build + partitions.,,Y,kind service,Build,04 Physical,,,,,,,5400,,Expense,CC-VENUE,,XPMS 3.0 canon,Exact,Proposed,
4000.01.01-GHXST-009,4000.01.01,4000 Environment,4000.01 Construction & Carpentry,General Tools & Hardware,Forklift - Standard,,equipment,each,Standard,Warehouse or event forklift for loading and placement.,"5,000 through 15,000 lb capacity.",X,kind equipment,Build,04 Physical,350.0,300.0,400.0,48,1 OSHA-certified operator,,5400,,Expense,CC-VENUE,2.x master catalog,2.x master catalog,Discipline hint,Proposed,SITE-HEQP-FORK-001 · 4000.150.00
4000.01.01-GHXST-010,4000.01.01,4000 Environment,4000.01 Construction & Carpentry,General Tools & Hardware,Generator - Towable,,equipment,each,Standard,Towable diesel generator for temporary event power.,20kW through 2MW.,X,kind equipment,Install,04 Physical,800.0,675.0,925.0,168,"Licensed electrician for hookup, driver for delivery",,5400,,Expense,CC-VENUE,2.x master catalog,2.x master catalog,Discipline hint,Proposed,SITE-SERV-POWR-001 · 5000.130.00
4000.01.01-XPMS-001,4000.01.01,4000 Environment,4000.01 Construction & Carpentry,General Tools & Hardware,Hand Truck,Hand Truck,tool,each,Standard,Two-wheel hand truck or platform dolly for moving equipment.,,X,kind tool,Procure,04 Physical,,,,,,27111500,5400,,Expense,CC-VENUE,,XPMS 3.0 canon,Exact,Active,
4000.01.01-GHXST-011,4000.01.01,4000 Environment,4000.01 Construction & Carpentry,General Tools & Hardware,Heater - Portable,,equipment,each,Standard,Forced air or radiant heater for cold-weather events.,40K through 400K BTU.,X,kind equipment,Install,04 Physical,175.0,150.0,200.0,168,1 to 2 HVAC techs,,5400,,Expense,CC-VENUE,2.x master catalog,2.x master catalog,Discipline hint,Proposed,SITE-SERV-CLIM-002 · 5000.130.00
4000.01.01-XPMS-002,4000.01.01,4000 Environment,4000.01 Construction & Carpentry,General Tools & Hardware,Ladder - A-Frame,A-Frame Ladder,tool,each,Standard,Aluminum A-frame step ladder for general site work.,,X,kind tool,Procure,04 Physical,,,,,,27111500,5400,,Expense,CC-VENUE,,XPMS 3.0 canon,Exact,Active,
4000.01.01-XPMS-003,4000.01.01,4000 Environment,4000.01 Construction & Carpentry,General Tools & Hardware,Ladder - Extension,Extension Ladder,tool,each,Standard,Aluminum extension ladder for elevated access.,,X,kind tool,Procure,04 Physical,,,,,,27111500,5400,,Expense,CC-VENUE,,XPMS 3.0 canon,Exact,Active,
4000.01.01-GHXST-012,4000.01.01,4000 Environment,4000.01 Construction & Carpentry,General Tools & Hardware,Light Tower - Portable,,equipment,each,Standard,Towable light tower for site illumination and safety.,4-head or 6-head | LED or metal halide | 20 to 30ft mast.,X,kind equipment,Install,04 Physical,150.0,130.0,170.0,168,Licensed electrician,,5400,,Expense,CC-VENUE,2.x master catalog,2.x master catalog,Discipline hint,Proposed,SITE-SERV-POWR-006 · 5000.130.00
4000.01.01-GHXST-013,4000.01.01,4000 Environment,4000.01 Construction & Carpentry,General Tools & Hardware,Loader - Skid Steer,,equipment,each,Standard,"Compact loader for grading, moving material, and site prep.","1,500 to 3,000 lb rated capacity | Various attachments.",X,kind equipment,Build,04 Physical,350.0,300.0,400.0,48,1 OSHA-certified operator,,5400,,Expense,CC-VENUE,2.x master catalog,2.x master catalog,Discipline hint,Proposed,SITE-HEQP-FORK-003 · 4000.150.00
4000.01.01-XPMS-008,4000.01.01,4000 Environment,4000.01 Construction & Carpentry,General Tools & Hardware,MEP Rough-In,MEP Rough-In,service,each,Standard,BY OWNER (Spotify).,,Y,kind service,Build,04 Physical,,,,,,,5400,,Expense,CC-VENUE,,XPMS 3.0 canon,Exact,Proposed,
4000.01.01-GHXST-014,4000.01.01,4000 Environment,4000.01 Construction & Carpentry,General Tools & Hardware,Network - Ethernet - Temp,,equipment,each,Standard,Temporary ethernet infrastructure for production and POS.,Cat6 or Cat6a or Fiber | Managed switch | Patch panel.,X,kind equipment,Install,04 Physical,35.0,30.0,40.0,672,1 to 2 network engineers,,5400,,Expense,CC-VENUE,2.x master catalog,2.x master catalog,Discipline hint,Proposed,SITE-SERV-INET-003 · 5000.130.00
4000.01.01-GHXST-015,4000.01.01,4000 Environment,4000.01 Construction & Carpentry,General Tools & Hardware,Operator - Aerial Lift,,labor,each,Standard,Certified aerial lift operator for elevated work.,8 to 12hr shift | ANSI and OSHA certified.,Y,kind labor,Build,04 Physical,375.0,320.0,430.0,72,1 person,,5400,,Expense,CC-VENUE,2.x master catalog,2.x master catalog,Discipline hint,Proposed,LABR-OPER-CERT-002 · 6000.020.00
4000.01.01-GHXST-016,4000.01.01,4000 Environment,4000.01 Construction & Carpentry,General Tools & Hardware,Operator - Crane,,labor,each,Standard,Certified crane operator for heavy lifts.,8 to 12hr shift | NCCCO certified | With oiler and signal person.,Y,kind labor,Build,04 Physical,800.0,675.0,925.0,72,1 person,,5400,,Expense,CC-VENUE,2.x master catalog,2.x master catalog,Discipline hint,Proposed,LABR-OPER-CERT-003 · 6000.020.00
4000.01.01-GHXST-017,4000.01.01,4000 Environment,4000.01 Construction & Carpentry,General Tools & Hardware,Operator - Forklift,,labor,each,Standard,"Certified forklift operator for loading, unloading, and placement.",8 to 12hr shift | OSHA 1910.178 certified.,Y,kind labor,Build,04 Physical,350.0,300.0,400.0,72,1 person,,5400,,Expense,CC-VENUE,2.x master catalog,2.x master catalog,Discipline hint,Proposed,LABR-OPER-CERT-001 · 6000.020.00
4000.01.01-XPMS-004,4000.01.01,4000 Environment,4000.01 Construction & Carpentry,General Tools & Hardware,Pallet Jack - Manual,Manual Pallet Jack,tool,each,Standard,Manual hydraulic pallet jack for moving loaded pallets.,,X,kind tool,Procure,04 Physical,,,,,,27111500,5400,,Expense,CC-VENUE,,XPMS 3.0 canon,Exact,Active,
4000.01.01-GHXST-018,4000.01.01,4000 Environment,4000.01 Construction & Carpentry,General Tools & Hardware,Receptacle - Trash and Recycling,,equipment,each,Standard,Event-grade waste receptacle with liner and signage.,32 gal or 44 gal | Slim Jim | Custom branded.,X,kind equipment,Install,04 Physical,10.0,8.0,12.0,48,CDL driver (roll-off truck),,5400,,Expense,CC-VENUE,2.x master catalog,2.x master catalog,Discipline hint,Proposed,SITE-SERV-WAST-002 · 5000.130.00
4000.01.01-GHXST-019,4000.01.01,4000 Environment,4000.01 Construction & Carpentry,General Tools & Hardware,Restroom Trailer - Luxury,,equipment,each,Standard,Multi-stall climate-controlled restroom trailer with running water and flushing toilets.,2-stall through 10-stall | Climate controlled | Running water.,X,kind equipment,Build,04 Physical,1200.0,1025.0,1375.0,336,"CDL driver, 1 helper for hookup",,5400,,Expense,CC-VENUE,2.x master catalog,2.x master catalog,Discipline hint,Proposed,SITE-INFR-PORT-002 · 6000.020.00
4000.01.01-GHXST-020,4000.01.01,4000 Environment,4000.01 Construction & Carpentry,General Tools & Hardware,Service - Waste Removal,,equipment,each,Standard,Scheduled waste collection and disposal during multi-day events.,"Daily, twice daily, or on-call.",X,kind equipment,Install,04 Physical,1200.0,1025.0,1375.0,48,CDL driver (roll-off truck),,5400,,Expense,CC-VENUE,2.x master catalog,2.x master catalog,Discipline hint,Proposed,SITE-SERV-WAST-003 · 5000.130.00
4000.01.01-XPMS-009,4000.01.01,4000 Environment,4000.01 Construction & Carpentry,General Tools & Hardware,Set or Scenic or Stage Fabrication,Set / scenic / stage fabrication,service,each,Standard,Build · Set / scenic / stage fabrication.,,Y,kind service,Operate,04 Physical,,,,,,,5400,,Expense,CC-VENUE,,XPMS 3.0 canon,Exact,Proposed,
4000.01.01-GHXST-021,4000.01.01,4000 Environment,4000.01 Construction & Carpentry,General Tools & Hardware,Signal Booster - Cellular,,equipment,each,Standard,Temporary distributed antenna system or cellular booster.,Single carrier through full DAS.,X,kind equipment,Install,04 Physical,2500.0,2125.0,2875.0,672,1 to 2 network engineers,,5400,,Expense,CC-VENUE,2.x master catalog,2.x master catalog,Discipline hint,Proposed,SITE-SERV-INET-002 · 5000.130.00
4000.01.01-XPMS-010,4000.01.01,4000 Environment,4000.01 Construction & Carpentry,General Tools & Hardware,Signature Installation Fabrication,Signature installation fabrication,service,each,Standard,Build · Signature installation fabrication.,,Y,kind service,Operate,04 Physical,,,,,,,5400,,Expense,CC-VENUE,,XPMS 3.0 canon,Exact,Proposed,
4000.01.01-XPMS-011,4000.01.01,4000 Environment,4000.01 Construction & Carpentry,General Tools & Hardware,Structural Engineering & Stamped Drawings,Structural Engineering & Stamped Drawings,service,each,Standard,"Engineering analysis and stamped drawings for load-bearing or occupied structures, valid for a named jurisdiction. An unstamped structure is not a structure of unknown capacity; it is one no engineer will stand behind, and gate 5 blocks on it.",,Y,kind service,Scope,05 Experiential,,,,,,,5400,,Expense,CC-VENUE,,XPMS 3.0 canon,Exact,Proposed,
4000.01.01-GHXST-022,4000.01.01,4000 Environment,4000.01 Construction & Carpentry,General Tools & Hardware,Tank - Gray Water,,equipment,each,Standard,Gray water collection tank for sink and shower drainage.,"250 through 1,000 gallon | Pump-out service.",X,kind equipment,Install,04 Physical,150.0,130.0,170.0,168,"Driver, 1 helper for hookup",,5400,,Expense,CC-VENUE,2.x master catalog,2.x master catalog,Discipline hint,Proposed,SITE-SERV-WATR-002 · 5000.130.00
4000.01.01-GHXST-023,4000.01.01,4000 Environment,4000.01 Construction & Carpentry,General Tools & Hardware,Telehandler,,equipment,each,Standard,Telescopic handler for high-reach material placement.,"6,000 to 12,000 lb capacity | 42 to 55ft reach.",X,kind equipment,Build,04 Physical,600.0,500.0,700.0,48,1 OSHA-certified operator,,5400,,Expense,CC-VENUE,2.x master catalog,2.x master catalog,Discipline hint,Proposed,SITE-HEQP-FORK-002 · 4000.150.00
4000.01.01-XPMS-005,4000.01.01,4000 Environment,4000.01 Construction & Carpentry,General Tools & Hardware,Tool Kit - Production,Production Tool Kit,tool,each,Standard,Comprehensive tool kit for on-site production work.,,X,kind tool,Procure,04 Physical,,,,,,27111500,5400,,Expense,CC-VENUE,,XPMS 3.0 canon,Exact,Active,
4000.01.01-GHXST-024,4000.01.01,4000 Environment,4000.01 Construction & Carpentry,General Tools & Hardware,Water Tank - Potable,,equipment,each,Standard,Mobile potable water storage for events without municipal access.,"250 through 5,000 gallon.",X,kind equipment,Install,04 Physical,250.0,210.0,290.0,168,"Driver, 1 helper for hookup",,5400,,Expense,CC-VENUE,2.x master catalog,2.x master catalog,Discipline hint,Proposed,SITE-SERV-WATR-001 · 5000.130.00
4000.01.01-GHXST-025,4000.01.01,4000 Environment,4000.01 Construction & Carpentry,General Tools & Hardware,WiFi Network - Temporary,,equipment,each,Standard,Managed WiFi network for event operations and guest access.,"50 through 1,000 or more users.",X,kind equipment,Install,04 Physical,2000.0,1700.0,2300.0,672,1 to 2 network engineers,,5400,,Expense,CC-VENUE,2.x master catalog,2.x master catalog,Discipline hint,Proposed,SITE-SERV-INET-001 · 5000.130.00
4000.02.01-GHXST-001,4000.02.01,4000 Environment,4000.02 Custom Fabrication,Modular Build Components,Artist - Hair and Makeup,,labor,each,Standard,Professional hair and makeup for talent or branding.,Per person | Bridal or editorial level | With kit.,Y,kind labor,Build,04 Physical,150.0,130.0,170.0,672,Self (individual),,5400,,Expense,CC-VENUE,2.x master catalog,2.x master catalog,Discipline hint,Proposed,LABR-SKIL-CREA-005 · 6000.100.00
4000.02.01-XPMS-008,4000.02.01,4000 Environment,4000.02 Custom Fabrication,Modular Build Components,Bar Millwork + Back-Bar Build,Bar Millwork + Back-Bar Build,service,each,Standard,Cocktail/coffee/juice bar.,,Y,kind service,Build,04 Physical,,,,,,,5400,,Expense,CC-VENUE,,XPMS 3.0 canon,Exact,Proposed,
4000.02.01-GHXST-002,4000.02.01,4000 Environment,4000.02 Custom Fabrication,Modular Build Components,Carpenter - Scenic,,labor,each,Standard,Skilled carpenter for scenic construction and stage builds.,8 to 12hr shift | Build plus strike.,Y,kind labor,Build,04 Physical,400.0,340.0,460.0,672,Self (individual),,5400,,Expense,CC-VENUE,2.x master catalog,2.x master catalog,Discipline hint,Proposed,LABR-SKIL-TCRE-006 · 6000.100.00
4000.02.01-XPMS-001,4000.02.01,4000 Environment,4000.02 Custom Fabrication,Modular Build Components,Counter or Desk · Plywood Counter W or Graphic Skin (3 Ft×3 Ft2 In),,equipment,each,Standard,Host station / DJ table / merch counter.,,X,kind equipment,Build,04 Physical,,,,,,,5400,,Expense,CC-VENUE,,XPMS 3.0 canon,Exact,Active,
4000.02.01-GHXST-003,4000.02.01,4000 Environment,4000.02 Custom Fabrication,Modular Build Components,Designer - Graphic,,labor,each,Standard,On-site graphic designer for day-of signage and changes.,Full-day | Laptop plus design software | Quick turnaround.,Y,kind labor,Build,04 Physical,500.0,425.0,575.0,672,Self (individual),,5400,,Expense,CC-VENUE,2.x master catalog,2.x master catalog,Discipline hint,Proposed,LABR-SKIL-CREA-004 · 6000.100.00
4000.02.01-GHXST-004,4000.02.01,4000 Environment,4000.02 Custom Fabrication,Modular Build Components,Drone Pilot - Licensed,,labor,each,Standard,FAA Part 107 licensed drone pilot for aerial capture.,"Photography, videography, mapping, or FPV.",Y,kind labor,Build,04 Physical,1000.0,850.0,1150.0,672,Self (individual),,5400,,Expense,CC-VENUE,2.x master catalog,2.x master catalog,Discipline hint,Proposed,LABR-SKIL-CREA-003 · 6000.100.00
4000.02.01-GHXST-005,4000.02.01,4000 Environment,4000.02 Custom Fabrication,Modular Build Components,Electrician - Licensed,,labor,each,Standard,Licensed electrician for temporary power installation.,"8 to 12hr shift | Power distribution, tie-ins, and troubleshooting.",Y,kind labor,Build,04 Physical,547.5,470.0,625.0,672,Self (individual),,5400,,Expense,CC-VENUE,2.x master catalog,2.x master catalog,Discipline hint,Proposed,LABR-SKIL-TCRE-005 · 6000.100.00
4000.02.01-XPMS-002,4000.02.01,4000 Environment,4000.02 Custom Fabrication,Modular Build Components,Fence or Rail · Plywood Frame W or Mesh Infill (4 Ft×2 Ft6 In),,equipment,each,Standard,Perimeter fence / rail; defines the arena footprint.,,X,kind equipment,Build,04 Physical,,,,,,,5400,,Expense,CC-VENUE,,XPMS 3.0 canon,Exact,Active,
4000.02.01-XPMS-003,4000.02.01,4000 Environment,4000.02 Custom Fabrication,Modular Build Components,Frame Module · Plywood Frame W or Mesh Infill (3 Ft×7 Ft),,equipment,each,Standard,See-through mesh module; sight-lines into showcase.,,X,kind equipment,Build,04 Physical,,,,,,,5400,,Expense,CC-VENUE,,XPMS 3.0 canon,Exact,Active,
4000.02.01-GHXST-006,4000.02.01,4000 Environment,4000.02 Custom Fabrication,Modular Build Components,Kiosk - Digital,,equipment,each,Standard,Freestanding digital display kiosk for wayfinding or information.,43in or 55in | Touch-enabled and outdoor-rated available.,X,kind equipment,Install,04 Physical,400.0,340.0,460.0,336,1 to 2 techs,,5400,,Expense,CC-VENUE,2.x master catalog,2.x master catalog,Discipline hint,Proposed,SITE-SIGN-DGTL-002 · 6000.190.00
4000.02.01-GHXST-007,4000.02.01,4000 Environment,4000.02 Custom Fabrication,Modular Build Components,Message Board - LED,,equipment,each,Standard,Programmable LED message display for announcements.,Single-line through full color | Solar available.,X,kind equipment,Install,04 Physical,200.0,170.0,230.0,336,1 to 2 techs,,5400,,Expense,CC-VENUE,2.x master catalog,2.x master catalog,Discipline hint,Proposed,SITE-SIGN-DGTL-001 · 6000.190.00
4000.02.01-XPMS-007,4000.02.01,4000 Environment,4000.02 Custom Fabrication,Modular Build Components,Reception or Check-in Desk Millwork,Reception / Check-in Desk Millwork,service,each,Standard,Custom reception desk.,,Y,kind service,Build,04 Physical,,,,,,,5400,,Expense,CC-VENUE,,XPMS 3.0 canon,Exact,Proposed,
4000.02.01-XPMS-004,4000.02.01,4000 Environment,4000.02 Custom Fabrication,Modular Build Components,Shelf or Display · Plywood Shelving W or Pegboard Back (3 Ft×6 Ft6 In),,equipment,each,Standard,Product showcase shelving; pegboard back for flexibility.,,X,kind equipment,Build,04 Physical,,,,,,,5400,,Expense,CC-VENUE,,XPMS 3.0 canon,Exact,Active,
4000.02.01-GHXST-008,4000.02.01,4000 Environment,4000.02 Custom Fabrication,Modular Build Components,Stylist - Wardrobe,,labor,each,Standard,Wardrobe management and costume coordination for talent.,"Full-day | Steaming, fitting, and quick changes.",Y,kind labor,Build,04 Physical,500.0,425.0,575.0,672,Self (individual),,5400,,Expense,CC-VENUE,2.x master catalog,2.x master catalog,Discipline hint,Proposed,LABR-SKIL-CREA-006 · 6000.100.00
4000.02.01-GHXST-009,4000.02.01,4000 Environment,4000.02 Custom Fabrication,Modular Build Components,Technician - Audio,,labor,each,Standard,"Audio system tech, patch, RF coordination, and stage tech support.",8 to 12hr shift | System deployment plus show support.,Y,kind labor,Build,04 Physical,452.5,380.0,525.0,672,Self (individual),,5400,,Expense,CC-VENUE,2.x master catalog,2.x master catalog,Discipline hint,Proposed,LABR-SKIL-TCRE-001 · 6000.100.00
4000.02.01-GHXST-010,4000.02.01,4000 Environment,4000.02 Custom Fabrication,Modular Build Components,Technician - Lighting,,labor,each,Standard,"Lighting focus, programming support, and fixture maintenance.",8 to 12hr shift | Hang plus focus plus show support.,Y,kind labor,Build,04 Physical,400.0,340.0,460.0,672,Self (individual),,5400,,Expense,CC-VENUE,2.x master catalog,2.x master catalog,Discipline hint,Proposed,LABR-SKIL-TCRE-002 · 6000.100.00
4000.02.01-GHXST-011,4000.02.01,4000 Environment,4000.02 Custom Fabrication,Modular Build Components,Technician - Video,,labor,each,Standard,"LED wall build, camera operation, and cable management.",8 to 12hr shift | Build plus show support.,Y,kind labor,Build,04 Physical,425.0,360.0,490.0,672,Self (individual),,5400,,Expense,CC-VENUE,2.x master catalog,2.x master catalog,Discipline hint,Proposed,LABR-SKIL-TCRE-003 · 6000.100.00
4000.02.01-XPMS-005,4000.02.01,4000 Environment,4000.02 Custom Fabrication,Modular Build Components,Tower Panel · Plywood Framed Identity Tower (2 Ft×8 Ft),,equipment,each,Standard,Vertical identity tower; adidas + Foot Locker lockup.,,X,kind equipment,Build,04 Physical,,,,,,,5400,,Expense,CC-VENUE,,XPMS 3.0 canon,Exact,Active,
4000.02.01-XPMS-006,4000.02.01,4000 Environment,4000.02 Custom Fabrication,Modular Build Components,Wall Panel · Plywood Frame W or Graphic Skin (3 Ft×7 Ft),,equipment,each,Standard,Modular wall panel; graphic-skinned activation wall.,,X,kind equipment,Build,04 Physical,,,,,,,5400,,Expense,CC-VENUE,,XPMS 3.0 canon,Exact,Active,
4000.03.01-XPMS-001,4000.03.01,4000 Environment,4000.03 Scenic & Set Fabrication,Scenic & Decorative,Archway - Inflatable,Inflatable Archway,equipment,each,Standard,Custom inflatable entrance arch or branded structure.,10ft through 25ft wide | LED-lit available.,X,kind equipment,Install,04 Physical,400.0,340.0,460.0,336,2 to 4 installers,55101500,5400,,Expense,CC-VENUE,2.x master catalog,XPMS 3.0 canon,Exact,Active,
4000.03.01-XPMS-002,4000.03.01,4000 Environment,4000.03 Scenic & Set Fabrication,Scenic & Decorative,Balloon Installation,Balloon Installation,equipment,each,Standard,Decorative balloon installation for entrances or photo ops.,8ft through 12ft arch | 6 to 8ft column | Custom.,X,kind equipment,Install,04 Physical,200.0,170.0,230.0,336,2 to 4 installers,55101500,5400,,Expense,CC-VENUE,2.x master catalog,XPMS 3.0 canon,Exact,Active,
4000.03.01-XPMS-005,4000.03.01,4000 Environment,4000.03 Scenic & Set Fabrication,Scenic & Decorative,Branded Entry Mural,Branded Entry Mural,service,each,Standard,Hand-painted mural.,,Y,kind service,Build,04 Physical,,,,,,,5400,,Expense,CC-VENUE,,XPMS 3.0 canon,Exact,Proposed,
4000.03.01-XPMS-004,4000.03.01,4000 Environment,4000.03 Scenic & Set Fabrication,Scenic & Decorative,Facade Treatment + Entrance Moment,Facade Treatment + Entrance Moment,service,each,Standard,Custom facade + entrance fab.,,Y,kind service,Build,04 Physical,,,,,,,5400,,Expense,CC-VENUE,,XPMS 3.0 canon,Exact,Proposed,
4000.03.01-XPMS-003,4000.03.01,4000 Environment,4000.03 Scenic & Set Fabrication,Scenic & Decorative,Neon Sign - LED Custom,LED Neon Sign,equipment,each,Standard,Custom neon or LED flex neon sign for branding or decor.,Custom text or logo | 12 to 72in | RGB or single color.,X,kind equipment,Install,04 Physical,300.0,255.0,345.0,336,2 to 4 installers,55101500,5400,,Expense,CC-VENUE,2.x master catalog,XPMS 3.0 canon,Exact,Active,
4000.03.01-XPMS-007,4000.03.01,4000 Environment,4000.03 Scenic & Set Fabrication,Scenic & Decorative,Patio Shade or Pergola + Courtyard Scenic,Patio Shade / Pergola + Courtyard Scenic,service,each,Standard,Shade structure + scenic; turf and palms exist.,,Y,kind service,Build,04 Physical,,,,,,,5400,,Expense,CC-VENUE,,XPMS 3.0 canon,Exact,Proposed,
4000.03.01-XPMS-006,4000.03.01,4000 Environment,4000.03 Scenic & Set Fabrication,Scenic & Decorative,Podcast Studio Set Build,Podcast Studio Set Build,service,each,Standard,Set build + acoustic.,,Y,kind service,Build,04 Physical,,,,,,,5400,,Expense,CC-VENUE,,XPMS 3.0 canon,Exact,Proposed,
4000.03.01-XPMS-008,4000.03.01,4000 Environment,4000.03 Scenic & Set Fabrication,Scenic & Decorative,Window Treatments · Blackout & Solar Control,Window Treatments,service,each,Standard,Motorized shades / blackout for storefront + clerestory glazing.,,Y,kind service,Build,04 Physical,,,,,,,5400,,Expense,CC-VENUE,,XPMS 3.0 canon,Exact,Proposed,
4000.04.01-XPMS-004,4000.04.01,4000 Environment,4000.04 Metalwork & Welding,Metalwork & Welding,Custom Metal Railing - Fabricated,Custom Metal Railing,equipment,each,Standard,"Custom steel or aluminum guardrail and handrail fabricated to code for stages, ramps, and platforms.",,X,kind equipment,Build,04 Physical,,,,,,,5400,,Expense,CC-VENUE,,XPMS 3.0 canon,Exact,Proposed,
4000.04.01-XPMS-002,4000.04.01,4000 Environment,4000.04 Metalwork & Welding,Metalwork & Welding,Custom Steel Base Plates - Fabricated,Custom Steel Base Plates,equipment,each,Standard,Custom-fabricated steel base and ballast plates to engineered spec.,,X,kind equipment,Procure,04 Physical,,,,,,,5400,,Expense,CC-VENUE,,XPMS 3.0 canon,Exact,Proposed,
4000.04.01-XPMS-001,4000.04.01,4000 Environment,4000.04 Metalwork & Welding,Metalwork & Welding,Mobile Welding Rig with Operator,Mobile Welding Rig with Operator,equipment,each,Standard,Truck-mounted MIG/stick welding rig with certified operator for on-site fabrication.,,X,kind equipment,Build,04 Physical,,,,,,,5400,,Expense,CC-VENUE,,XPMS 3.0 canon,Exact,Proposed,
4000.04.01-XPMS-005,4000.04.01,4000 Environment,4000.04 Metalwork & Welding,Metalwork & Welding,Structural Construction & Shell,Structural Construction & Shell,service,each,Standard,BY OWNER (Spotify).,,Y,kind service,Build,04 Physical,,,,,,,5400,,Expense,CC-VENUE,,XPMS 3.0 canon,Exact,Proposed,
4000.04.01-XPMS-003,4000.04.01,4000 Environment,4000.04 Metalwork & Welding,Metalwork & Welding,Truss Repair & Recertification Service,Truss Repair & Recertification Service,service,each,Standard,"Inspection, weld repair, and load recertification of aluminum truss sections.",,Y,kind service,Build,04 Physical,,,,,,,5400,,Expense,CC-VENUE,,XPMS 3.0 canon,Exact,Proposed,
4000.05.01-XPMS-002,4000.05.01,4000 Environment,4000.05 Signage & Environmental Graphics Fabrication,Signage Panels,Environmental Graphics or Wayfinding Fab & Install,Environmental Graphics / Wayfinding Fab & Install,service,each,Standard,Guest-facing wayfinding fab.,,Y,kind service,Build,04 Physical,,,,,,,5400,,Expense,CC-VENUE,,XPMS 3.0 canon,Exact,Proposed,
4000.05.01-XPMS-001,4000.05.01,4000 Environment,4000.05 Signage & Environmental Graphics Fabrication,Signage Panels,Sign Panel · Plywood Sign W or Base (2 Ft×6 Ft),,equipment,each,Standard,Free-standing sign panel; wayfinding + brand mark.,,X,kind equipment,Build,04 Physical,,,,,,,5400,,Expense,CC-VENUE,,XPMS 3.0 canon,Exact,Active,
4000.05.02-XPMS-001,4000.05.02,4000 Environment,4000.05 Signage & Environmental Graphics Fabrication,Directional Signage,Banner - Vinyl,Vinyl Banner,equipment,each,Standard,Large format vinyl banner with grommets.,3x6 through custom size.,X,kind equipment,Install,04 Physical,60.0,50.0,70.0,336,1 to 2 people,55121700,5400,,Expense,CC-VENUE,2.x master catalog,XPMS 3.0 canon,Exact,Active,
4000.05.02-XPMS-002,4000.05.02,4000 Environment,4000.05 Signage & Environmental Graphics Fabrication,Directional Signage,Banner Stand - Retractable,Retractable Banner Stand,equipment,each,Standard,"Portable pull-up banner for registration, info, or branding.",33x80 through 47x80 | Double-sided available.,X,kind equipment,Install,04 Physical,100.0,85.0,115.0,336,1 to 2 people,55121700,5400,,Expense,CC-VENUE,2.x master catalog,XPMS 3.0 canon,Exact,Active,
4000.05.02-XPMS-003,4000.05.02,4000 Environment,4000.05 Signage & Environmental Graphics Fabrication,Directional Signage,Flag - Feather,Feather Flag,equipment,each,Standard,Tall fabric flag banner on flexible pole.,8ft through 18ft | Single or double-sided.,X,kind equipment,Install,04 Physical,80.0,70.0,90.0,336,1 to 2 people,55121700,5400,,Expense,CC-VENUE,2.x master catalog,XPMS 3.0 canon,Exact,Active,
4000.05.02-XPMS-004,4000.05.02,4000 Environment,4000.05 Signage & Environmental Graphics Fabrication,Directional Signage,Sign - A-Frame,A-Frame Sign,equipment,each,Standard,Double-sided A-frame sign for ground-level wayfinding.,24x36 or 28x44 | Chalkboard and dry-erase options.,X,kind equipment,Install,04 Physical,30.0,26.0,34.0,336,1 to 2 people,55121700,5400,,Expense,CC-VENUE,2.x master catalog,XPMS 3.0 canon,Exact,Active,
4000.05.02-XPMS-005,4000.05.02,4000 Environment,4000.05 Signage & Environmental Graphics Fabrication,Directional Signage,Sign - Coroplast,Coroplast Sign,equipment,each,Standard,"4mm corrugated plastic sign, single or double-sided print.",18x24 through custom size.,X,kind equipment,Install,04 Physical,15.0,13.0,17.0,336,1 to 2 people,55121700,5400,,Expense,CC-VENUE,2.x master catalog,XPMS 3.0 canon,Exact,Active,
4000.05.02-XPMS-006,4000.05.02,4000 Environment,4000.05 Signage & Environmental Graphics Fabrication,Directional Signage,Sign - Foam Board,Foam Board Sign,equipment,each,Standard,Rigid foam board sign for indoor or sheltered display.,18x24 through custom | 3/16in or 1/2in thickness.,X,kind equipment,Install,04 Physical,25.0,21.0,29.0,336,1 to 2 people,55121700,5400,,Expense,CC-VENUE,2.x master catalog,XPMS 3.0 canon,Exact,Active,
4000.05.02-XPMS-007,4000.05.02,4000 Environment,4000.05 Signage & Environmental Graphics Fabrication,Directional Signage,Sign - Truss-Mounted,Truss-Mounted Sign,equipment,each,Standard,Large signage mounted to truss archway or tower.,4x8 through custom size | Printed or LED options.,X,kind equipment,Install,04 Physical,600.0,500.0,700.0,336,1 to 2 people,55121700,5400,,Expense,CC-VENUE,2.x master catalog,XPMS 3.0 canon,Exact,Active,
4000.06.01-XPMS-002,4000.06.01,4000 Environment,"4000.06 FF&E (Furniture, Fixtures & Equipment)","FF&E (Furniture, Fixtures & Equipment)",Accent Lounge Chair Rental,Accent Lounge Chair Rental,equipment,each,Standard,Single accent chair for lounge vignettes and VIP seating groups.,,X,kind equipment,Install,04 Physical,,,,,,,5400,,Expense,CC-VENUE,,XPMS 3.0 canon,Exact,Proposed,
4000.06.01-GHXST-001,4000.06.01,4000 Environment,"4000.06 FF&E (Furniture, Fixtures & Equipment)","FF&E (Furniture, Fixtures & Equipment)",Chair - Folding,,equipment,each,Standard,Standard folding event chair.,Metal or plastic | Padded or unpadded | Indoor and outdoor.,X,kind equipment,Procurement,04 Physical,4.0,3.4,4.6,48,1 to 2 setup crew,,5400,,Expense,CC-VENUE,2.x master catalog,2.x master catalog,Discipline hint,Proposed,WORK-FURN-OFFC-003 · 6000.040.00
4000.06.01-XPMS-007,4000.06.01,4000 Environment,"4000.06 FF&E (Furniture, Fixtures & Equipment)","FF&E (Furniture, Fixtures & Equipment)",Coat Check Rack with Hangers,Coat Check Rack with Hangers,equipment,each,Standard,"Rolling garment rack with numbered hangers and tag set, 50-coat capacity.",,X,kind equipment,Install,04 Physical,,,,,,,5400,,Expense,CC-VENUE,,XPMS 3.0 canon,Exact,Proposed,
4000.06.01-XPMS-004,4000.06.01,4000 Environment,"4000.06 FF&E (Furniture, Fixtures & Equipment)","FF&E (Furniture, Fixtures & Equipment)",Conference Table - 8 to 10 Person,Conference Table,equipment,each,Standard,Production-office or boardroom-style conference table rental.,,X,kind equipment,Install,04 Physical,,,,,,,5400,,Expense,CC-VENUE,,XPMS 3.0 canon,Exact,Proposed,
4000.06.01-XPMS-005,4000.06.01,4000 Environment,"4000.06 FF&E (Furniture, Fixtures & Equipment)","FF&E (Furniture, Fixtures & Equipment)",Director Fts Chair - Tall,Director's Chair,equipment,each,Standard,"Tall director's chair for panels, green rooms, and video village.",,X,kind equipment,Install,04 Physical,,,,,,,5400,,Expense,CC-VENUE,,XPMS 3.0 canon,Exact,Proposed,
4000.06.01-GHXST-002,4000.06.01,4000 Environment,"4000.06 FF&E (Furniture, Fixtures & Equipment)","FF&E (Furniture, Fixtures & Equipment)",Furniture Set - Lounge,,equipment,each,Standard,"Styled lounge seating group with sofa, chairs, and coffee table.",Sofa plus 2 chairs plus coffee table plus side table | Various styles.,X,kind equipment,Procurement,04 Physical,350.0,300.0,400.0,336,"2 to 4 setup crew, staffing for service",,5400,,Expense,CC-VENUE,2.x master catalog,2.x master catalog,Discipline hint,Proposed,WORK-FURN-LNGE-001 · 6000.040.00
4000.06.01-XPMS-003,4000.06.01,4000 Environment,"4000.06 FF&E (Furniture, Fixtures & Equipment)","FF&E (Furniture, Fixtures & Equipment)",LED Glow Cocktail Table,LED Glow Cocktail Table,equipment,each,Standard,Illuminated cocktail table with app or remote color control.,,X,kind equipment,Install,04 Physical,,,,,,,5400,,Expense,CC-VENUE,,XPMS 3.0 canon,Exact,Proposed,
4000.06.01-XPMS-010,4000.06.01,4000 Environment,"4000.06 FF&E (Furniture, Fixtures & Equipment)","FF&E (Furniture, Fixtures & Equipment)",LED Vanity Mirror - Full Length,LED Vanity Mirror,equipment,each,Standard,Full-length lighted mirror for styling suites and photo-adjacent moments.,,X,kind equipment,Install,04 Physical,,,,,,,5400,,Expense,CC-VENUE,,XPMS 3.0 canon,Exact,Proposed,
4000.06.01-XPMS-008,4000.06.01,4000 Environment,"4000.06 FF&E (Furniture, Fixtures & Equipment)","FF&E (Furniture, Fixtures & Equipment)",Lectern - Acrylic,Lectern,equipment,each,Standard,Clear acrylic lectern for speakers and program moments.,,X,kind equipment,Install,04 Physical,,,,,,,5400,,Expense,CC-VENUE,,XPMS 3.0 canon,Exact,Proposed,
4000.06.01-XPMS-009,4000.06.01,4000 Environment,"4000.06 FF&E (Furniture, Fixtures & Equipment)","FF&E (Furniture, Fixtures & Equipment)",Lounge Area Rug - 8x10,Lounge Area Rug,equipment,each,Standard,Area rug anchoring lounge vignettes and softening hard floors.,,X,kind equipment,Install,04 Physical,,,,,,,5400,,Expense,CC-VENUE,,XPMS 3.0 canon,Exact,Proposed,
4000.06.01-XPMS-001,4000.06.01,4000 Environment,"4000.06 FF&E (Furniture, Fixtures & Equipment)","FF&E (Furniture, Fixtures & Equipment)",Lounge Sofa - 3-Seat Rental,Lounge Sofa,equipment,each,Standard,"Three-seat contemporary lounge sofa, white or black, event rental grade.",,X,kind equipment,Install,04 Physical,,,,,,,5400,,Expense,CC-VENUE,,XPMS 3.0 canon,Exact,Proposed,
4000.06.01-GHXST-003,4000.06.01,4000 Environment,"4000.06 FF&E (Furniture, Fixtures & Equipment)","FF&E (Furniture, Fixtures & Equipment)",Ottoman,,equipment,each,Standard,Accent seating ottoman or pouf for lounge areas.,"Round, square, or cube | Various fabrics.",X,kind equipment,Procurement,04 Physical,30.0,26.0,34.0,168,1 to 2 setup crew,,5400,,Expense,CC-VENUE,2.x master catalog,2.x master catalog,Discipline hint,Proposed,WORK-FURN-LNGE-002 · 6000.040.00
4000.06.01-XPMS-006,4000.06.01,4000 Environment,"4000.06 FF&E (Furniture, Fixtures & Equipment)","FF&E (Furniture, Fixtures & Equipment)",Outdoor Patio Furniture Set,Outdoor Patio Furniture Set,equipment,each,Standard,"Weather-rated outdoor seating group: sofa or sectional, chairs, and table.",,X,kind equipment,Install,04 Physical,,,,,,,5400,,Expense,CC-VENUE,,XPMS 3.0 canon,Exact,Proposed,
4000.06.01-GHXST-004,4000.06.01,4000 Environment,"4000.06 FF&E (Furniture, Fixtures & Equipment)","FF&E (Furniture, Fixtures & Equipment)",Stool - Bar,,equipment,each,Standard,Tall seating for bars and high-top tables.,30in (bar height) or 26in (counter height) | With or without back.,X,kind equipment,Procurement,04 Physical,10.0,8.0,12.0,168,1 to 2 setup crew,,5400,,Expense,CC-VENUE,2.x master catalog,2.x master catalog,Discipline hint,Proposed,WORK-FURN-LNGE-003 · 6000.040.00
4000.06.01-GHXST-005,4000.06.01,4000 Environment,"4000.06 FF&E (Furniture, Fixtures & Equipment)","FF&E (Furniture, Fixtures & Equipment)",Table - Cocktail,,equipment,each,Standard,Cocktail-height round table for standing events.,30in round x 42in tall | With spandex cover options.,X,kind equipment,Procurement,04 Physical,15.0,13.0,17.0,48,1 to 2 setup crew,,5400,,Expense,CC-VENUE,2.x master catalog,2.x master catalog,Discipline hint,Proposed,WORK-FURN-OFFC-004 · 6000.040.00
4000.06.01-GHXST-006,4000.06.01,4000 Environment,"4000.06 FF&E (Furniture, Fixtures & Equipment)","FF&E (Furniture, Fixtures & Equipment)",Table - Folding - 6ft,,equipment,each,Standard,Standard 6ft rectangular folding banquet table.,6ft x 30in | Plastic or wood top | 30in height.,X,kind equipment,Procurement,04 Physical,12.0,10.0,14.0,48,1 to 2 setup crew,,5400,,Expense,CC-VENUE,2.x master catalog,2.x master catalog,Discipline hint,Proposed,WORK-FURN-OFFC-001 · 6000.040.00
4000.06.01-GHXST-007,4000.06.01,4000 Environment,"4000.06 FF&E (Furniture, Fixtures & Equipment)","FF&E (Furniture, Fixtures & Equipment)",Table - Folding - 8ft,,equipment,each,Standard,Standard 8ft rectangular folding banquet table.,8ft x 30in | Plastic or wood top | 30in height.,X,kind equipment,Procurement,04 Physical,15.0,13.0,17.0,48,1 to 2 setup crew,,5400,,Expense,CC-VENUE,2.x master catalog,2.x master catalog,Discipline hint,Proposed,WORK-FURN-OFFC-002 · 6000.040.00
4000.06.01-GHXST-008,4000.06.01,4000 Environment,"4000.06 FF&E (Furniture, Fixtures & Equipment)","FF&E (Furniture, Fixtures & Equipment)",Table - Round - 60in or 72in,,equipment,each,Standard,Standard 60 or 72 inch round banquet table for dining or meetings.,60in (seats 8) or 72in (seats 10) | Plastic or wood.,X,kind equipment,Procurement,04 Physical,18.0,15.0,21.0,48,1 to 2 setup crew,,5400,,Expense,CC-VENUE,2.x master catalog,2.x master catalog,Discipline hint,Proposed,WORK-FURN-OFFC-008 · 6000.040.00
4000.06.01-GHXST-009,4000.06.01,4000 Environment,"4000.06 FF&E (Furniture, Fixtures & Equipment)","FF&E (Furniture, Fixtures & Equipment)",Whiteboard - Freestanding,,equipment,each,Standard,Freestanding whiteboard or corkboard for production office.,24x36 through 48x72 | Double-sided and mobile options.,X,kind equipment,Procurement,04 Physical,20.0,17.0,23.0,48,1 to 2 setup crew,,5400,,Expense,CC-VENUE,2.x master catalog,2.x master catalog,Discipline hint,Proposed,WORK-FURN-OFFC-006 · 6000.040.00
4000.07.01-XPMS-008,4000.07.01,4000 Environment,4000.07 Surfaces & Finishes,Flooring & Surfaces,Acoustic Wall Treatment or Panels,Acoustic Wall Treatment / Panels,service,each,Standard,"~1,200 sf acoustic treatment.",,Y,kind service,Build,04 Physical,,,,,,,5400,,Expense,CC-VENUE,,XPMS 3.0 canon,Exact,Proposed,
4000.07.01-XPMS-001,4000.07.01,4000 Environment,4000.07 Surfaces & Finishes,Flooring & Surfaces,Carpet - Event,Event Carpet,equipment,each,Standard,"Event carpet for aisles, entrances, and VIP areas.",,X,kind equipment,Build,04 Physical,,,,,,30161500,5400,,Expense,CC-VENUE,,XPMS 3.0 canon,Exact,Active,
4000.07.01-XPMS-002,4000.07.01,4000 Environment,4000.07 Surfaces & Finishes,Flooring & Surfaces,Dance Floor - Marley,Marley Dance Floor,equipment,each,Standard,Professional vinyl dance surface for performance stages.,5.25ft wide rolls | 1.5mm thickness | Matte finish.,X,kind equipment,Build,04 Physical,2.0,1.7,2.3,168,2 to 4 stagehands,30161500,5400,,Expense,CC-VENUE,2.x master catalog,XPMS 3.0 canon,Exact,Active,
4000.07.01-XPMS-003,4000.07.01,4000 Environment,4000.07 Surfaces & Finishes,Flooring & Surfaces,Dance Floor - Portable,Portable Dance Floor,equipment,each,Standard,"Modular interlocking dance floor panels, indoor and outdoor rated.",,X,kind equipment,Build,04 Physical,,,,,,30161500,5400,,Expense,CC-VENUE,,XPMS 3.0 canon,Exact,Active,
4000.07.01-XPMS-004,4000.07.01,4000 Environment,4000.07 Surfaces & Finishes,Flooring & Surfaces,Floor - Raised Access,Raised Access Floor,equipment,each,Standard,Modular raised floor system for leveling or cable management.,,X,kind equipment,Build,04 Physical,,,,,,30161500,5400,,Expense,CC-VENUE,,XPMS 3.0 canon,Exact,Active,
4000.07.01-XPMS-005,4000.07.01,4000 Environment,4000.07 Surfaces & Finishes,Flooring & Surfaces,Mat - Ground Protection,Ground Protection Mat,equipment,each,Standard,Heavy-duty composite ground protection mat for vehicles and pedestrians.,,X,kind equipment,Build,04 Physical,,,,,,30161500,5400,,Expense,CC-VENUE,,XPMS 3.0 canon,Exact,Active,
4000.07.01-XPMS-006,4000.07.01,4000 Environment,4000.07 Surfaces & Finishes,Flooring & Surfaces,Mat - Rubber - Anti-Fatigue,Interlocking Rubber Mat,equipment,each,Standard,Heavy-duty interlocking rubber floor tile for BOH and utility areas.,3ft x 3ft | 3/4in thick | Anti-fatigue | Non-slip.,X,kind equipment,Build,04 Physical,6.0,5.0,7.0,168,2 to 4 stagehands,30161500,5400,,Expense,CC-VENUE,2.x master catalog,XPMS 3.0 canon,Exact,Active,
4000.07.01-XPMS-007,4000.07.01,4000 Environment,4000.07 Surfaces & Finishes,Flooring & Surfaces,Turf - Synthetic,Synthetic Turf,equipment,each,Standard,Artificial turf for temporary ground cover and aesthetics.,12ft or 15ft wide rolls | 1.5in pile height | UV stabilized.,X,kind equipment,Build,04 Physical,2.0,1.7,2.3,168,2 to 4 stagehands,30161500,5400,,Expense,CC-VENUE,2.x master catalog,XPMS 3.0 canon,Exact,Active,
4000.08.01-XPMS-001,4000.08.01,4000 Environment,4000.08 Site Infrastructure & Temporary Structures,Fencing & Barriers,Barricade - Bike Rack - 8ft,Bike Rack Barricade,equipment,each,Standard,"Steel interlocking crowd control barricade, 8ft sections, hot-dip galvanized.",8ft x 43in | Steel | 38 lbs per section | Interlocking feet.,X,kind equipment,Build,04 Physical,12.0,10.0,14.0,48,2 stagehands,30191500,5400,,Expense,CC-VENUE,2.x master catalog,XPMS 3.0 canon,Exact,Active,
4000.08.01-XPMS-002,4000.08.01,4000 Environment,4000.08 Site Infrastructure & Temporary Structures,Fencing & Barriers,Barrier - Front of Stage,Front-of-Stage Barrier,equipment,each,Standard,Front-of-stage crowd safety barrier with integrated cable trough.,Mojo Barrier style | Stabilizer legs | Expandable corners.,X,kind equipment,Build,04 Physical,44.0,38.0,50.0,48,2 stagehands,30191500,5400,,Expense,CC-VENUE,2.x master catalog,XPMS 3.0 canon,Exact,Active,
4000.08.01-XPMS-003,4000.08.01,4000 Environment,4000.08 Site Infrastructure & Temporary Structures,Fencing & Barriers,Barrier - Jersey - Concrete,Concrete Jersey Barrier,equipment,each,Standard,Precast concrete traffic barrier for high-security vehicle mitigation.,"10ft L x 24in W x 32in H | 4,000 lbs | Reinforced concrete.",X,kind equipment,Build,04 Physical,56.0,47.0,65.0,168,"Crane operator, 1 rigger, 1 spotter",30191500,5400,,Expense,CC-VENUE,2.x master catalog,XPMS 3.0 canon,Exact,Active,
4000.08.01-XPMS-004,4000.08.01,4000 Environment,4000.08 Site Infrastructure & Temporary Structures,Fencing & Barriers,Barrier - Jersey - Water-Filled,Water-Filled Jersey Barrier,equipment,each,Standard,Polyethylene water-filled traffic barrier for vehicle mitigation and perimeter control.,,X,kind equipment,Build,04 Physical,,,,,,30191500,5400,,Expense,CC-VENUE,,XPMS 3.0 canon,Exact,Active,
4000.08.01-XPMS-005,4000.08.01,4000 Environment,4000.08 Site Infrastructure & Temporary Structures,Fencing & Barriers,Barrier - Median - Concrete DOT,Concrete Median Barrier,equipment,each,Standard,DOT-rated concrete median barrier for road closures and perimeter security.,"12ft section | 6,000 lbs | MASH TL-3 rated.",X,kind equipment,Build,04 Physical,70.0,60.0,80.0,48,2 stagehands,30191500,5400,,Expense,CC-VENUE,2.x master catalog,XPMS 3.0 canon,Exact,Active,
4000.08.01-XPMS-006,4000.08.01,4000 Environment,4000.08 Site Infrastructure & Temporary Structures,Fencing & Barriers,Bollard - Removable,Removable Bollard,equipment,each,Standard,Anti-vehicle bollard for pedestrian zone protection.,36in H | Steel pipe filled | Removable or permanent | Crash-rated options.,X,kind equipment,Build,04 Physical,250.0,210.0,290.0,48,2 stagehands,30191500,5400,,Expense,CC-VENUE,2.x master catalog,XPMS 3.0 canon,Exact,Active,
4000.08.01-XPMS-007,4000.08.01,4000 Environment,4000.08 Site Infrastructure & Temporary Structures,Fencing & Barriers,Cone - Traffic,Traffic Cone,equipment,each,Standard,Standard traffic cone for channelizing and delineation.,18in | 28in | 36in | Reflective collar | Weighted base.,X,kind equipment,Build,04 Physical,2.0,1.7,2.3,48,2 stagehands,30191500,5400,,Expense,CC-VENUE,2.x master catalog,XPMS 3.0 canon,Exact,Active,
4000.08.01-XPMS-008,4000.08.01,4000 Environment,4000.08 Site Infrastructure & Temporary Structures,Fencing & Barriers,Fence Panel - Chain Link - 6ft Temp,Temporary Chain Link Fence Panel,equipment,each,Standard,Temporary 6ft chain link fence panel with stands and clamps.,6ft H x 10ft W | 11.5 gauge galvanized steel | Wind screen compatible.,X,kind equipment,Build,04 Physical,15.0,13.0,17.0,48,2 stagehands,30191500,5400,,Expense,CC-VENUE,2.x master catalog,XPMS 3.0 canon,Exact,Active,
4000.08.01-XPMS-009,4000.08.01,4000 Environment,4000.08 Site Infrastructure & Temporary Structures,Fencing & Barriers,Stanchion - Retractable Belt,Retractable Belt Stanchion,equipment,each,Standard,Chrome or black retractable belt stanchion for queue management.,40in H | 8ft retractable belt | Weighted base.,X,kind equipment,Build,04 Physical,8.0,7.0,9.0,24,1 person,30191500,5400,,Expense,CC-VENUE,2.x master catalog,XPMS 3.0 canon,Exact,Active,
4000.08.02-XPMS-001,4000.08.02,4000 Environment,4000.08 Site Infrastructure & Temporary Structures,Tents & Structures,Canopy - Pop-Up - 10x10,Pop-Up Canopy,equipment,each,Standard,"Portable instant canopy with aluminum frame, event grade.",10ft x 10ft | 40 lbs | 150 sq ft coverage.,X,kind equipment,Build,04 Physical,60.0,50.0,70.0,24,2 people,30181500,5400,,Expense,CC-VENUE,2.x master catalog,XPMS 3.0 canon,Exact,Active,
4000.08.02-XPMS-002,4000.08.02,4000 Environment,4000.08 Site Infrastructure & Temporary Structures,Tents & Structures,Shade Sail - Tension,Shade Sail,equipment,each,Standard,"Fabric tension shade structure, custom shapes, UV-resistant.",Triangle | Square | Rectangle | Custom shapes | UV-resistant fabric.,X,kind equipment,Build,04 Physical,452.5,380.0,525.0,336,3 to 6 tent crew,30181500,5400,,Expense,CC-VENUE,2.x master catalog,XPMS 3.0 canon,Exact,Active,
4000.08.02-XPMS-003,4000.08.02,4000 Environment,4000.08 Site Infrastructure & Temporary Structures,Tents & Structures,Shipping Container - Office,Modified Shipping Container,equipment,each,Standard,"Modified ISO container for bar, retail, greenroom, or storage use.",,X,kind equipment,Build,04 Physical,,,,,,30181500,5400,,Expense,CC-VENUE,,XPMS 3.0 canon,Exact,Active,
4000.08.02-XPMS-004,4000.08.02,4000 Environment,4000.08 Site Infrastructure & Temporary Structures,Tents & Structures,Shipping Container - Storage,Storage Container,equipment,each,Standard,Unmodified ISO shipping container for secure on-site storage.,20ft or 40ft | Lock box | Ventilated options.,X,kind equipment,Build,04 Physical,125.0,105.0,145.0,336,"Crane operator, 2 spotters",30181500,5400,,Expense,CC-VENUE,2.x master catalog,XPMS 3.0 canon,Exact,Active,
4000.08.02-XPMS-005,4000.08.02,4000 Environment,4000.08 Site Infrastructure & Temporary Structures,Tents & Structures,Structure - Clear Span,Clear Span Structure,equipment,each,Standard,Engineered clear span temporary structure for large-scale events.,"40ft to 150ft wide, unlimited length in 15ft bays | Aluminum frame.",X,kind equipment,Build,04 Physical,6.0,5.0,7.0,672,"4 to 10 tent crew, forklift",30181500,5400,,Expense,CC-VENUE,2.x master catalog,XPMS 3.0 canon,Exact,Active,
4000.08.02-XPMS-006,4000.08.02,4000 Environment,4000.08 Site Infrastructure & Temporary Structures,Tents & Structures,Tent - Frame,Frame Tent,equipment,each,Standard,"Commercial aluminum frame tent, no center poles, clear span interior.",20x20 through 40x80 | Aluminum frame | Modular.,X,kind equipment,Build,04 Physical,1500.0,1275.0,1725.0,336,3 to 6 tent crew,30181500,5400,,Expense,CC-VENUE,2.x master catalog,XPMS 3.0 canon,Exact,Active,
4000.08.02-XPMS-007,4000.08.02,4000 Environment,4000.08 Site Infrastructure & Temporary Structures,Tents & Structures,Tent - Pole - High Peak,Pole Tent,equipment,each,Standard,Traditional high-peak pole tent with center and side poles.,20x20 through 60x120 | Center poles | Sailcloth or vinyl.,X,kind equipment,Build,04 Physical,1200.0,1025.0,1375.0,336,3 to 6 tent crew,30181500,5400,,Expense,CC-VENUE,2.x master catalog,XPMS 3.0 canon,Exact,Active,
4000.09.01-XPMS-001,4000.09.01,4000 Environment,4000.09 Install & De-Install,Aerial Lifts,Boom Lift - Articulating,Articulating Boom Lift,equipment,each,Standard,Articulating boom lift for reaching over obstacles.,40ft through 135ft platform height.,X,kind equipment,Build,04 Physical,500.0,425.0,575.0,48,1 OSHA-certified operator,22101500,5400,,Expense,CC-VENUE,2.x master catalog,XPMS 3.0 canon,Exact,Active,
4000.09.01-XPMS-002,4000.09.01,4000 Environment,4000.09 Install & De-Install,Aerial Lifts,Boom Lift - Telescopic,Telescopic Boom Lift,equipment,each,Standard,Straight telescopic boom lift for maximum height and reach.,60ft through 185ft platform height.,X,kind equipment,Build,04 Physical,600.0,500.0,700.0,48,1 OSHA-certified operator,22101500,5400,,Expense,CC-VENUE,2.x master catalog,XPMS 3.0 canon,Exact,Active,
4000.09.01-XPMS-005,4000.09.01,4000 Environment,4000.09 Install & De-Install,Aerial Lifts,General Install Labor + Scenic Finishes,General Install Labor + Scenic Finishes,service,each,Standard,Full Venue install and finish labor.,,Y,kind service,Build,04 Physical,,,,,,,5400,,Expense,CC-VENUE,,XPMS 3.0 canon,Exact,Proposed,
4000.09.01-XPMS-003,4000.09.01,4000 Environment,4000.09 Install & De-Install,Aerial Lifts,Lift - Vertical - Push-Around,Push-Around Vertical Lift,equipment,each,Standard,Manually positioned vertical personnel lift for light-duty tasks.,12ft through 25ft platform height | 300 to 500 lb capacity.,X,kind equipment,Build,04 Physical,125.0,105.0,145.0,48,1 OSHA-certified operator,22101500,5400,,Expense,CC-VENUE,2.x master catalog,XPMS 3.0 canon,Exact,Active,
4000.09.01-XPMS-004,4000.09.01,4000 Environment,4000.09 Install & De-Install,Aerial Lifts,Scissor Lift - Electric,Electric Scissor Lift,equipment,each,Standard,Electric scissor lift for indoor and outdoor elevated work.,"26ft through 46ft platform height | 500 to 1,000 lb capacity.",X,kind equipment,Build,04 Physical,275.0,235.0,315.0,48,1 OSHA-certified operator,22101500,5400,,Expense,CC-VENUE,2.x master catalog,XPMS 3.0 canon,Exact,Active,
4000.09.02-XPMS-001,4000.09.02,4000 Environment,4000.09 Install & De-Install,Cranes,Crane - Mobile,Mobile Crane,equipment,each,Standard,Hydraulic truck-mounted crane for heavy lifts.,25-ton through 300-ton and above.,X,kind equipment,Build,04 Physical,3500.0,2975.0,4025.0,672,"NCCCO operator, oiler, signal person, riggers",22101700,5400,,Expense,CC-VENUE,2.x master catalog,XPMS 3.0 canon,Exact,Active,
4000.09.02-XPMS-002,4000.09.02,4000 Environment,4000.09 Install & De-Install,Cranes,Crane - Tower,Tower Crane,equipment,each,Standard,Fixed tower crane for multi-day heavy construction and installation.,100 to 300ft height | 1 to 20 ton tip load.,X,kind equipment,Build,04 Physical,12000.0,10200.0,13800.0,672,"NCCCO operator, oiler, signal person, riggers",22101700,5400,,Expense,CC-VENUE,2.x master catalog,XPMS 3.0 canon,Exact,Active,
4000.50.01-XOS-001,4000.50.01,4000 Environment,4000.50 Base Build Delivery,Base build delivery,Base Build Delivery,,service,lump sum,Standard,Representative line for base build delivery so the category can carry cost. Replace with the specific item on award.,,Y,kind service,Procure,04 Physical,,,,,,,5400,,Expense,CC-VENUE,,XOS 4.0 gap fill,Representative,Proposed,4000.50.01-XOS-001
4000.51.01-XOS-001,4000.51.01,4000 Environment,4000.51 Building Systems Maintenance,House technical,House Technical,,service,lump sum,Standard,Representative line for house technical so the category can carry cost. Replace with the specific item on award.,,Y,kind service,Procure,04 Physical,,,,,,,5400,,Expense,CC-VENUE,,XOS 4.0 gap fill,Representative,Proposed,4000.51.01-XOS-001
4000.51.02-XOS-001,4000.51.02,4000 Environment,4000.51 Building Systems Maintenance,Mechanical services,Mechanical Services,,service,lump sum,Standard,Representative line for mechanical services so the category can carry cost. Replace with the specific item on award.,,Y,kind service,Procure,04 Physical,,,,,,,5400,,Expense,CC-VENUE,,XOS 4.0 gap fill,Representative,Proposed,4000.51.02-XOS-001
4000.51.03-XOS-001,4000.51.03,4000 Environment,4000.51 Building Systems Maintenance,Electrical services,Electrical Services,,service,lump sum,Standard,Representative line for electrical services so the category can carry cost. Replace with the specific item on award.,,Y,kind service,Procure,04 Physical,,,,,,,5400,,Expense,CC-VENUE,,XOS 4.0 gap fill,Representative,Proposed,4000.51.03-XOS-001
4000.51.04-XOS-001,4000.51.04,4000 Environment,4000.51 Building Systems Maintenance,Plumbing services,Plumbing Services,,service,lump sum,Standard,Representative line for plumbing services so the category can carry cost. Replace with the specific item on award.,,Y,kind service,Procure,04 Physical,,,,,,,5400,,Expense,CC-VENUE,,XOS 4.0 gap fill,Representative,Proposed,4000.51.04-XOS-001
4000.60.01-XOS-001,4000.60.01,4000 Environment,4000.60 Environment Ramp-Up Program,Scope activities,Scope Activities · Environment,,service,lump sum,Standard,Representative line for scope activities so the category can carry cost. Replace with the specific item on award.,,Y,kind service,Scope,04 Physical,,,,,,,5400,,Expense,CC-E00,,XOS 4.0 gap fill,Representative,Proposed,4000.60.01-XOS-001
4000.60.02-XOS-001,4000.60.02,4000 Environment,4000.60 Environment Ramp-Up Program,Engage activities,Engage Activities · Environment,,service,lump sum,Standard,Representative line for engage activities so the category can carry cost. Replace with the specific item on award.,,Y,kind service,Engage,04 Physical,,,,,,,5400,,Expense,CC-E00,,XOS 4.0 gap fill,Representative,Proposed,4000.60.02-XOS-001
4000.60.03-XOS-001,4000.60.03,4000 Environment,4000.60 Environment Ramp-Up Program,Advance activities,Advance Activities · Environment,,service,lump sum,Standard,Representative line for advance activities so the category can carry cost. Replace with the specific item on award.,,Y,kind service,Advance,04 Physical,,,,,,,5400,,Expense,CC-E00,,XOS 4.0 gap fill,Representative,Proposed,4000.60.03-XOS-001
4000.60.04-XOS-001,4000.60.04,4000 Environment,4000.60 Environment Ramp-Up Program,Procure activities,Procure Activities · Environment,,service,lump sum,Standard,Representative line for procure activities so the category can carry cost. Replace with the specific item on award.,,Y,kind service,Procure,04 Physical,,,,,,,5400,,Expense,CC-E00,,XOS 4.0 gap fill,Representative,Proposed,4000.60.04-XOS-001
4000.60.05-XOS-001,4000.60.05,4000 Environment,4000.60 Environment Ramp-Up Program,Build activities,Build Activities · Environment,,service,lump sum,Standard,Representative line for build activities so the category can carry cost. Replace with the specific item on award.,,Y,kind service,Build,04 Physical,,,,,,,5400,,Expense,CC-E00,,XOS 4.0 gap fill,Representative,Proposed,4000.60.05-XOS-001
4000.60.06-XOS-001,4000.60.06,4000 Environment,4000.60 Environment Ramp-Up Program,Install activities,Install Activities · Environment,,service,lump sum,Standard,Representative line for install activities so the category can carry cost. Replace with the specific item on award.,,Y,kind service,Install,04 Physical,,,,,,,5400,,Expense,CC-E00,,XOS 4.0 gap fill,Representative,Proposed,4000.60.06-XOS-001
4000.60.07-XOS-001,4000.60.07,4000 Environment,4000.60 Environment Ramp-Up Program,Operate activities,Operate Activities · Environment,,service,lump sum,Standard,Representative line for operate activities so the category can carry cost. Replace with the specific item on award.,,Y,kind service,Operate,04 Physical,,,,,,,5400,,Expense,CC-E00,,XOS 4.0 gap fill,Representative,Proposed,4000.60.07-XOS-001
4000.60.08-XOS-001,4000.60.08,4000 Environment,4000.60 Environment Ramp-Up Program,Amplify activities,Amplify Activities · Environment,,service,lump sum,Standard,Representative line for amplify activities so the category can carry cost. Replace with the specific item on award.,,Y,kind service,Amplify,04 Physical,,,,,,,5400,,Expense,CC-E00,,XOS 4.0 gap fill,Representative,Proposed,4000.60.08-XOS-001
4000.60.09-XOS-001,4000.60.09,4000 Environment,4000.60 Environment Ramp-Up Program,Close activities,Close Activities · Environment,,service,lump sum,Standard,Representative line for close activities so the category can carry cost. Replace with the specific item on award.,,Y,kind service,Close,04 Physical,,,,,,,5400,,Expense,CC-E00,,XOS 4.0 gap fill,Representative,Proposed,4000.60.09-XOS-001
5000.01.01-XPMS-021,5000.01.01,5000 Production,5000.01 Audio,Audio Infrastructure,AV or Stage Labor,AV / stage labor,package,each,Standard,Production · AV / stage labor.,,Y,name signals process or service,Operate,04 Physical,,,,,,,5500,,Expense,CC-VENUE,,XPMS 3.0 canon,Exact,Proposed,
5000.01.01-XPMS-001,5000.01.01,5000 Production,5000.01 Audio,Audio Infrastructure,Amplifier Rack - Audio,Audio Amplifier Rack,equipment,each,Standard,Power amplifier rack for passive speaker systems.,2-channel through rack configurations | DSP-integrated options.,X,kind equipment,Procure,04 Physical,250.0,210.0,290.0,336,3 to 6 tent crew,52161520,5500,,Expense,CC-VENUE,2.x master catalog,XPMS 3.0 canon,Exact,Active,
5000.01.01-XPMS-015,5000.01.01,5000 Production,5000.01 Audio,Audio Infrastructure,Backline · Bass (head or Cab or DI),Backline,equipment,each,Standard,Production · Backline; Bass (head/cab/DI).,,X,kind equipment,Build,04 Physical,,,,,,,5500,,Expense,CC-VENUE,,XPMS 3.0 canon,Exact,Proposed,
5000.01.01-XPMS-019,5000.01.01,5000 Production,5000.01 Audio,Audio Infrastructure,Backline · Common (stands or Snakes or DI or Road Cases),Backline,equipment,each,Standard,Production · Backline; Common (stands/snakes/DI/road cases).,,X,kind equipment,Build,04 Physical,,,,,,,5500,,Expense,CC-VENUE,,XPMS 3.0 canon,Exact,Proposed,
5000.01.01-XPMS-012,5000.01.01,5000 Production,5000.01 Audio,Audio Infrastructure,Backline · DJ: 4× Turntables (Technics SL-1200MK7),Backline,equipment,each,Standard,Production · Backline; DJ: 4× Turntables (Technics SL-1200MK7).,,X,kind equipment,Build,04 Physical,,,,,,,5500,,Expense,CC-VENUE,,XPMS 3.0 canon,Exact,Proposed,
5000.01.01-XPMS-008,5000.01.01,5000 Production,5000.01 Audio,Audio Infrastructure,Backline · DJ: 8× CDJ-3000X Media Players,Backline,equipment,each,Standard,Production · Backline; DJ: 8× CDJ-3000X media players.,,X,kind equipment,Build,04 Physical,,,,,,,5500,,Expense,CC-VENUE,,XPMS 3.0 canon,Exact,Proposed,
5000.01.01-XPMS-011,5000.01.01,5000 Production,5000.01 Audio,Audio Infrastructure,Backline · DJ: DJM-A9 (4-ch Flagship),Backline,equipment,each,Standard,Production · Backline; DJ: DJM-A9 (4-ch flagship).,,X,kind equipment,Build,04 Physical,,,,,,,5500,,Expense,CC-VENUE,,XPMS 3.0 canon,Exact,Proposed,
5000.01.01-XPMS-009,5000.01.01,5000 Production,5000.01 Audio,Audio Infrastructure,Backline · DJ: DJM-V10 (6-ch Mixer),Backline,equipment,each,Standard,Production · Backline; DJ: DJM-V10 (6-ch mixer).,,X,kind equipment,Build,04 Physical,,,,,,,5500,,Expense,CC-VENUE,,XPMS 3.0 canon,Exact,Proposed,
5000.01.01-XPMS-010,5000.01.01,5000 Production,5000.01 Audio,Audio Infrastructure,Backline · DJ: DJM-V10-LF (6-ch Long-fader),Backline,equipment,each,Standard,Production · Backline; DJ: DJM-V10-LF (6-ch long-fader).,,X,kind equipment,Build,04 Physical,,,,,,,5500,,Expense,CC-VENUE,,XPMS 3.0 canon,Exact,Proposed,
5000.01.01-XPMS-016,5000.01.01,5000 Production,5000.01 Audio,Audio Infrastructure,Backline · Drums (pro Kit + Drum Mics),Backline,equipment,each,Standard,Production · Backline; Drums (pro kit + drum mics).,,X,kind equipment,Build,04 Physical,,,,,,,5500,,Expense,CC-VENUE,,XPMS 3.0 canon,Exact,Proposed,
5000.01.01-XPMS-014,5000.01.01,5000 Production,5000.01 Audio,Audio Infrastructure,Backline · Guitar (amp or Cab or DI or Stands),Backline,equipment,each,Standard,Production · Backline; Guitar (amp/cab/DI/stands).,,X,kind equipment,Build,04 Physical,,,,,,,5500,,Expense,CC-VENUE,,XPMS 3.0 canon,Exact,Proposed,
5000.01.01-XPMS-017,5000.01.01,5000 Production,5000.01 Audio,Audio Infrastructure,Backline · Horns (4× Horn Mics + DI),Backline,equipment,each,Standard,Production · Backline; Horns (4× horn mics + DI).,,X,kind equipment,Build,04 Physical,,,,,,,5500,,Expense,CC-VENUE,,XPMS 3.0 canon,Exact,Proposed,
5000.01.01-XPMS-018,5000.01.01,5000 Production,5000.01 Audio,Audio Infrastructure,Backline · Latin or World Percussion + Mics,Backline,equipment,each,Standard,Production · Backline; Latin/World Percussion + mics.,,X,kind equipment,Build,04 Physical,,,,,,,5500,,Expense,CC-VENUE,,XPMS 3.0 canon,Exact,Proposed,
5000.01.01-XPMS-020,5000.01.01,5000 Production,5000.01 Audio,Audio Infrastructure,"Backline · Rehearsal or Backup Kit (full Coverage, Value Spec)",Backline,equipment,each,Standard,"Production · Backline; Rehearsal/Backup Kit (full coverage, value spec).",,X,kind equipment,Build,04 Physical,,,,,,,5500,,Expense,CC-VENUE,,XPMS 3.0 canon,Exact,Proposed,
5000.01.01-XPMS-013,5000.01.01,5000 Production,5000.01 Audio,Audio Infrastructure,Backline · Vocals (4× Wireless HH + 4× IEM),Backline,equipment,each,Standard,Production · Backline; Vocals (4× wireless HH + 4× IEM).,,X,kind equipment,Build,04 Physical,,,,,,,5500,,Expense,CC-VENUE,,XPMS 3.0 canon,Exact,Proposed,
5000.01.01-XPMS-006,5000.01.01,5000 Production,5000.01 Audio,Audio Infrastructure,Main Room PA + Subs + DSP,Main Room PA + Subs + DSP,package,each,Standard,Installed main room system.,,X,default: a nameable resource,Build,04 Physical,,,,,,,5500,,Expense,CC-VENUE,,XPMS 3.0 canon,Exact,Proposed,
5000.01.01-XPMS-002,5000.01.01,5000 Production,5000.01 Audio,Audio Infrastructure,Monitor - In-Ear,In-Ear Monitor System,equipment,each,Standard,Personal in-ear monitoring system for performers.,Shure PSM1000 | Sennheiser EW IEM G4 | Shure PSM900.,X,kind equipment,Procure,04 Physical,150.0,130.0,170.0,336,3 to 6 tent crew,52161520,5500,,Expense,CC-VENUE,2.x master catalog,XPMS 3.0 canon,Exact,Active,
5000.01.01-XPMS-003,5000.01.01,5000 Production,5000.01 Audio,Audio Infrastructure,Monitor - Stage Wedge,Stage Monitor Wedge,equipment,each,Standard,Floor monitor wedge for performer monitoring.,12in or 15in | Bi-amp | Active or passive.,X,kind equipment,Procure,04 Physical,100.0,85.0,115.0,336,3 to 6 tent crew,52161520,5500,,Expense,CC-VENUE,2.x master catalog,XPMS 3.0 canon,Exact,Active,
5000.01.01-XOS-001,5000.01.01,5000 Production,5000.01 Audio,Audio Infrastructure,PA or Sound System · Base,Floor Plan,experience,each,Base,Powered point-source mains plus subs sized for 100; one mix position.,Zone: Main Stage and Bar. Tier fit: T1; T4. Upgrades: Cardioid sub array; delay towers. Add-ons: Stage monitor package; IEM. Substitutions: House PA passthrough only.,Y,kind experience,Build,04 Physical,,,,,,,5500,,Expense,CC-VENUE,,Catalog Framework · Architecture (Sight),Department fallback,Proposed,SGT-11
5000.01.01-XOS-002,5000.01.01,5000 Production,5000.01 Audio,Audio Infrastructure,PA or Sound System · Elevated,Floor Plan,experience,each,Elevated,"Compact line-array hang with subs and front-fills, tuned for music playback and live sets.",Zone: Main Stage and Bar. Tier fit: T1; T4. Upgrades: Cardioid sub array; delay towers. Add-ons: Stage monitor package; IEM. Substitutions: House PA passthrough only.,Y,kind experience,Build,04 Physical,,,,,,,5500,,Expense,CC-VENUE,,Catalog Framework · Architecture (Sight),Department fallback,Proposed,SGT-11
5000.01.01-XOS-003,5000.01.01,5000 Production,5000.01 Audio,Audio Infrastructure,PA or Sound System · Premium,Floor Plan,experience,each,Premium,"Full line-array system with cardioid subs, delay fills, and a tuned, measured room for 350+.",Zone: Main Stage and Bar. Tier fit: T1; T4. Upgrades: Cardioid sub array; delay towers. Add-ons: Stage monitor package; IEM. Substitutions: House PA passthrough only.,Y,kind experience,Build,04 Physical,,,,,,,5500,,Expense,CC-VENUE,,Catalog Framework · Architecture (Sight),Department fallback,Proposed,SGT-11
5000.01.01-XPMS-007,5000.01.01,5000 Production,5000.01 Audio,Audio Infrastructure,Patio DJ Audio + Booth Lighting,Patio DJ Audio + Booth Lighting,package,each,Standard,Patio audio + DJ booth.,,X,default: a nameable resource,Build,04 Physical,,,,,,,5500,,Expense,CC-VENUE,,XPMS 3.0 canon,Exact,Proposed,
5000.01.01-XPMS-024,5000.01.01,5000 Production,5000.01 Audio,Audio Infrastructure,Power or Distro or Generators,Power / distro / generators,package,each,Standard,Production · Power / distro / generators.,,X,default: a nameable resource,Operate,04 Physical,,,,,,,5500,,Expense,CC-VENUE,,XPMS 3.0 canon,Exact,Proposed,
5000.01.01-XPMS-004,5000.01.01,5000 Production,5000.01 Audio,Audio Infrastructure,Recording System - Live,Live Recording System,equipment,each,Standard,Multi-track recording or playback rig for live audio capture.,Multi-track recorder or laptop with interface | Redundant backup.,X,kind equipment,Procure,04 Physical,400.0,340.0,460.0,336,3 to 6 tent crew,52161520,5500,,Expense,CC-VENUE,2.x master catalog,XPMS 3.0 canon,Exact,Active,
5000.01.01-XPMS-022,5000.01.01,5000 Production,5000.01 Audio,Audio Infrastructure,SFX or Atmospherics,SFX / atmospherics,package,each,Standard,Production · SFX / atmospherics.,,X,default: a nameable resource,Operate,04 Physical,,,,,,,5500,,Expense,CC-VENUE,,XPMS 3.0 canon,Exact,Proposed,
5000.01.01-XPMS-005,5000.01.01,5000 Production,5000.01 Audio,Audio Infrastructure,Snake - Audio,Audio Snake,equipment,each,Standard,Multi-channel analog or digital audio snake.,16 through 64 channels | Analog or Dante or MADI.,X,kind equipment,Procure,04 Physical,150.0,130.0,170.0,336,3 to 6 tent crew,52161520,5500,,Expense,CC-VENUE,2.x master catalog,XPMS 3.0 canon,Exact,Active,
5000.01.01-XPMS-023,5000.01.01,5000 Production,5000.01 Audio,Audio Infrastructure,Staging or Decking or Barricade,Staging / decking / barricade,package,each,Standard,Production · Staging / decking / barricade.,,X,default: a nameable resource,Operate,04 Physical,,,,,,,5500,,Expense,CC-VENUE,,XPMS 3.0 canon,Exact,Proposed,
5000.01.01-XPMS-025,5000.01.01,5000 Production,5000.01 Audio,Audio Infrastructure,Technical Design & System Drawings,Technical Design & System Drawings,service,each,Standard,"Signal flow, plots, patch and power distribution drawings for audio, lighting and video systems. The document install is verified against.",,Y,kind service,Scope,05 Experiential,,,,,,,5500,,Expense,CC-VENUE,,XPMS 3.0 canon,Exact,Proposed,
5000.01.01-XOS-004,5000.01.01,5000 Production,5000.01 Audio,Audio Infrastructure,Video or LED Wall · Base,Floor Plan,experience,each,Base,Single 4x3 LED panel wall as stage backdrop; static content playback.,Zone: Main Stage and Bar. Tier fit: T2; T4. Upgrades: Media server + content design. Add-ons: IMAG camera package. Substitutions: Projection / projection mapping.,Y,kind experience,Build,04 Physical,,,,,,,5500,,Expense,CC-VENUE,,Catalog Framework · Architecture (Sight),Department fallback,Proposed,SGT-13
5000.01.01-XOS-005,5000.01.01,5000 Production,5000.01 Audio,Audio Infrastructure,Video or LED Wall · Elevated,Floor Plan,experience,each,Elevated,Wide stage-width LED backdrop with content switching and IMAG capability.,Zone: Main Stage and Bar. Tier fit: T2; T4. Upgrades: Media server + content design. Add-ons: IMAG camera package. Substitutions: Projection / projection mapping.,Y,kind experience,Build,04 Physical,,,,,,,5500,,Expense,CC-VENUE,,Catalog Framework · Architecture (Sight),Department fallback,Proposed,SGT-13
5000.01.01-XOS-006,5000.01.01,5000 Production,5000.01 Audio,Audio Infrastructure,Video or LED Wall · Premium,Floor Plan,experience,each,Premium,"Wraparound LED scenic system with floor, walls, and side blades on a media server.",Zone: Main Stage and Bar. Tier fit: T2; T4. Upgrades: Media server + content design. Add-ons: IMAG camera package. Substitutions: Projection / projection mapping.,Y,kind experience,Build,04 Physical,,,,,,,5500,,Expense,CC-VENUE,,Catalog Framework · Architecture (Sight),Department fallback,Proposed,SGT-13
5000.01.02-XPMS-001,5000.01.02,5000 Production,5000.01 Audio,PA Systems,Audio System - Distributed,Distributed Audio System,equipment,each,Standard,Zone-based speaker system for ambient audio across large sites.,"Ceiling, pendant, or surface mount | Weather-rated | Multi-zone.",X,kind equipment,Procure,04 Physical,500.0,425.0,575.0,672,2 to 4 audio techs,52161500,5500,,Expense,CC-VENUE,2.x master catalog,XPMS 3.0 canon,Exact,Active,
5000.01.02-XPMS-002,5000.01.02,5000 Production,5000.01 Audio,PA Systems,Delay System - Tower,Delay Tower System,equipment,each,Standard,Auxiliary delay or fill speaker system for large venues.,2 to 4 boxes per tower | Processing | Cabling.,X,kind equipment,Procure,04 Physical,1200.0,1025.0,1375.0,336,2 audio techs per tower,52161500,5500,,Expense,CC-VENUE,2.x master catalog,XPMS 3.0 canon,Exact,Active,
5000.01.02-XPMS-003,5000.01.02,5000 Production,5000.01 Audio,PA Systems,Line Array - Large,Large Line Array System,equipment,each,Standard,"Concert and festival-grade line array for 10,000 or more capacity.",16 to 24 boxes per side | 16 to 32 subs | Multiple delay rings.,X,kind equipment,Procure,04 Physical,40000.0,34000.0,46000.0,672,"6 to 12 audio crew, 2 to 4 riggers",52161500,5500,,Expense,CC-VENUE,2.x master catalog,XPMS 3.0 canon,Exact,Active,
5000.01.02-XPMS-004,5000.01.02,5000 Production,5000.01 Audio,PA Systems,Line Array - Medium,Medium Line Array System,equipment,each,Standard,"Professional line array for 2,000 to 10,000 capacity.",12 to 16 boxes per side | 8 to 16 subs | Delay fills.,X,kind equipment,Procure,04 Physical,15000.0,12800.0,17200.0,336,"3 to 5 audio crew, 1 rigger",52161500,5500,,Expense,CC-VENUE,2.x master catalog,XPMS 3.0 canon,Exact,Active,
5000.01.02-XPMS-005,5000.01.02,5000 Production,5000.01 Audio,PA Systems,Line Array - Small,Small Line Array System,equipment,each,Standard,"Compact line array system for venues up to 2,000 capacity.",8 to 12 boxes per side | 4 to 8 subwoofers | Processing and cabling.,X,kind equipment,Procure,04 Physical,5025.0,4250.0,5800.0,168,1 to 2 audio techs,52161500,5500,,Expense,CC-VENUE,2.x master catalog,XPMS 3.0 canon,Exact,Active,
5000.01.02-XPMS-006,5000.01.02,5000 Production,5000.01 Audio,PA Systems,Speaker System - Point Source,Point Source Speaker System,equipment,each,Standard,Self-powered or passive point-source speakers for small to medium rooms.,2 to 4 tops | 1 to 2 subs | Processor | Cabling.,X,kind equipment,Procure,04 Physical,800.0,675.0,925.0,168,1 to 2 audio techs,52161500,5500,,Expense,CC-VENUE,2.x master catalog,XPMS 3.0 canon,Exact,Active,
5000.01.03-XPMS-001,5000.01.03,5000 Production,5000.01 Audio,Microphones & DI,Direct Box - DI,Direct Box,equipment,each,Standard,Active or passive direct injection box for instruments and playback.,Radial JDI | Radial J48 | Countryman Type 85 | BSS AR-133.,X,kind equipment,Procure,04 Physical,15.0,13.0,17.0,48,1 audio tech,52161512,5500,,Expense,CC-VENUE,2.x master catalog,XPMS 3.0 canon,Exact,Active,
5000.01.03-XPMS-002,5000.01.03,5000 Production,5000.01 Audio,Microphones & DI,Microphone - Instrument,Instrument Microphone,equipment,each,Standard,"Specialized microphone for amps, acoustic instruments, and overheads.",Shure SM57 | Sennheiser e906 | AKG C414 | Neumann KM184.,X,kind equipment,Procure,04 Physical,35.0,30.0,40.0,48,1 audio tech,52161512,5500,,Expense,CC-VENUE,2.x master catalog,XPMS 3.0 canon,Exact,Active,
5000.01.03-XPMS-003,5000.01.03,5000 Production,5000.01 Audio,Microphones & DI,Microphone - Vocal - Wired,Wired Vocal Microphone,equipment,each,Standard,Professional dynamic or condenser vocal microphone.,Shure SM58 | Sennheiser e935 | Neumann KMS 105.,X,kind equipment,Procure,04 Physical,30.0,26.0,34.0,48,1 audio tech,52161512,5500,,Expense,CC-VENUE,2.x master catalog,XPMS 3.0 canon,Exact,Active,
5000.01.03-XPMS-004,5000.01.03,5000 Production,5000.01 Audio,Microphones & DI,Microphone - Wireless System,Wireless Microphone System,equipment,each,Standard,Professional wireless handheld or bodypack system.,Shure ULXD | Sennheiser EW-DX | Shure Axient.,X,kind equipment,Procure,04 Physical,150.0,130.0,170.0,48,1 audio tech,52161512,5500,,Expense,CC-VENUE,2.x master catalog,XPMS 3.0 canon,Exact,Active,
5000.01.03-XPMS-005,5000.01.03,5000 Production,5000.01 Audio,Microphones & DI,Microphone Kit - Drum,Drum Microphone Kit,equipment,each,Standard,Complete drum mic package for live performance.,Shure DMK57-52 | Audix DP7 | Sennheiser e600.,X,kind equipment,Procure,04 Physical,175.0,150.0,200.0,48,1 audio tech,52161512,5500,,Expense,CC-VENUE,2.x master catalog,XPMS 3.0 canon,Exact,Active,
5000.01.04-XPMS-001,5000.01.04,5000 Production,5000.01 Audio,Mixing Consoles,Mixing Console - Large,Large Digital Mixing Console,equipment,each,Standard,Full-scale digital mixer for concerts and festivals.,48 to 96 or more input channels | Multiple mix buses | Redundancy.,X,kind equipment,Procure,04 Physical,2000.0,1700.0,2300.0,336,1 to 2 audio techs (A1 and A2),52161510,5500,,Expense,CC-VENUE,2.x master catalog,XPMS 3.0 canon,Exact,Active,
5000.01.04-XPMS-002,5000.01.04,5000 Production,5000.01 Audio,Mixing Consoles,Mixing Console - Small,Small Digital Mixing Console,equipment,each,Standard,Compact digital mixer for corporate and small events.,16 to 32 input channels | Built-in effects | Dante optional.,X,kind equipment,Procure,04 Physical,500.0,425.0,575.0,336,1 to 2 audio techs (A1 and A2),52161510,5500,,Expense,CC-VENUE,2.x master catalog,XPMS 3.0 canon,Exact,Active,
5000.01.05-XPMS-001,5000.01.05,5000 Production,5000.01 Audio,Playback & Processing,Media Server,Media Server,equipment,each,Standard,Professional media server for content playback and processing.,,X,kind equipment,Procure,04 Physical,,,,,,45111700,5500,,Expense,CC-VENUE,,XPMS 3.0 canon,Exact,Active,
5000.01.05-XPMS-002,5000.01.05,5000 Production,5000.01 Audio,Playback & Processing,Processor - Video,Video Processor,equipment,each,Standard,"Video processing, scaling, and switching for LED walls and projection.",,X,kind equipment,Procure,04 Physical,,,,,,45111700,5500,,Expense,CC-VENUE,,XPMS 3.0 canon,Exact,Active,
5000.01.06-XOS-001,5000.01.06,5000 Production,5000.01 Audio,Spatial Audio,Immersive or Spatial Audio · Base,Catch Phrases,experience,each,Base,Stereo zone audio for lounge listening.,Zone: Exhibition Room. Tier fit: T3; T4. Upgrades: Object-based content design. Add-ons: Headphone spatial mix. Substitutions: Standard stereo zones.,Y,kind experience,Build,05 Experiential,,,,,,,5500,,Expense,CC-VENUE,,Catalog Framework · Artistry (Sound),Keyword,Proposed,SND-05
5000.01.06-XOS-002,5000.01.06,5000 Production,5000.01 Audio,Spatial Audio,Immersive or Spatial Audio · Elevated,Catch Phrases,experience,each,Elevated,Multi-speaker spatial audio in a feature zone.,Zone: Exhibition Room. Tier fit: T3; T4. Upgrades: Object-based content design. Add-ons: Headphone spatial mix. Substitutions: Standard stereo zones.,Y,kind experience,Build,05 Experiential,,,,,,,5500,,Expense,CC-VENUE,,Catalog Framework · Artistry (Sound),Keyword,Proposed,SND-05
5000.01.06-XOS-003,5000.01.06,5000 Production,5000.01 Audio,Spatial Audio,Immersive or Spatial Audio · Premium,Catch Phrases,experience,each,Premium,Full immersive spatial-audio room with object-based content design.,Zone: Exhibition Room. Tier fit: T3; T4. Upgrades: Object-based content design. Add-ons: Headphone spatial mix. Substitutions: Standard stereo zones.,Y,kind experience,Build,05 Experiential,,,,,,,5500,,Expense,CC-VENUE,,Catalog Framework · Artistry (Sound),Keyword,Proposed,SND-05
5000.01.06-XPMS-001,5000.01.06,5000 Production,5000.01 Audio,Spatial Audio,Spatial or Immersive Audio System,,equipment,each,Standard,Object-based / immersive audio system.,,X,kind equipment,Operate,05 Experiential,,,,,,,5500,,Expense,CC-VENUE,,XPMS 3.0 canon,Exact,Active,
5000.02.01-XOS-001,5000.02.01,5000 Production,5000.02 Lighting,Lighting Control,Artist-Themed Palette · Base,LFX Colors,experience,each,Base,Static color wash drawn from the artist's brand palette.,Zone: Main Stage and Bar. Tier fit: T1; T4. Upgrades: Set-synced color choreography. Add-ons: Custom gobo set. Substitutions: Brand green/black wash.,Y,kind experience,Build,04 Physical,,,,,,,5500,,Expense,CC-VENUE,,Catalog Framework · Architecture (Sight),Keyword,Proposed,SGT-40
5000.02.01-XOS-002,5000.02.01,5000 Production,5000.02 Lighting,Lighting Control,Artist-Themed Palette · Elevated,LFX Colors,experience,each,Elevated,Multi-state artist palette with scene changes across the night.,Zone: Main Stage and Bar. Tier fit: T1; T4. Upgrades: Set-synced color choreography. Add-ons: Custom gobo set. Substitutions: Brand green/black wash.,Y,kind experience,Build,04 Physical,,,,,,,5500,,Expense,CC-VENUE,,Catalog Framework · Architecture (Sight),Keyword,Proposed,SGT-40
5000.02.01-XOS-003,5000.02.01,5000 Production,5000.02 Lighting,Lighting Control,Artist-Themed Palette · Premium,LFX Colors,experience,each,Premium,Choreographed artist-palette show synced to set moments.,Zone: Main Stage and Bar. Tier fit: T1; T4. Upgrades: Set-synced color choreography. Add-ons: Custom gobo set. Substitutions: Brand green/black wash.,Y,kind experience,Build,04 Physical,,,,,,,5500,,Expense,CC-VENUE,,Catalog Framework · Architecture (Sight),Keyword,Proposed,SGT-40
5000.02.01-GHXST-001,5000.02.01,5000 Production,5000.02 Lighting,Lighting Control,Blacklight - UV,,equipment,each,Standard,UV and blacklight fixture for glow effects and UV-reactive decor.,LED bar or LED flood | 2ft or 4ft length.,X,kind equipment,Procurement,04 Physical,30.0,26.0,34.0,168,1 lighting tech per 10 to 15 fixtures,,5500,,Expense,CC-VENUE,2.x master catalog,2.x master catalog,Discipline hint,Proposed,TECH-LITE-STAT-007 · 5000.040.00
5000.02.01-GHXST-002,5000.02.01,5000 Production,5000.02 Lighting,Lighting Control,Blinder - Audience,,equipment,each,Standard,High-intensity audience blinder for dramatic wash effects.,2-lite or 4-lite | DWE lamps.,X,kind equipment,Procurement,04 Physical,48.5,42.0,55.0,168,1 lighting tech per 10 to 15 fixtures,,5500,,Expense,CC-VENUE,2.x master catalog,2.x master catalog,Discipline hint,Proposed,TECH-LITE-STAT-004 · 5000.040.00
5000.02.01-XOS-004,5000.02.01,5000 Production,5000.02 Lighting,Lighting Control,Brand Wash (Green or Black) · Base,LFX Colors,experience,each,Base,Spotify-green and warm-white uplight wash across key walls.,Zone: All Zones. Tier fit: T1; T4. Upgrades: Pixel-mapped brand states. Add-ons: Logo gobo projection. Substitutions: Artist-themed palette wash.,Y,kind experience,Build,04 Physical,,,,,,,5500,,Expense,CC-VENUE,,Catalog Framework · Architecture (Sight),Keyword,Proposed,SGT-39
5000.02.01-XOS-005,5000.02.01,5000 Production,5000.02 Lighting,Lighting Control,Brand Wash (Green or Black) · Elevated,LFX Colors,experience,each,Elevated,Layered green/black wash with accent pools and a branded gobo.,Zone: All Zones. Tier fit: T1; T4. Upgrades: Pixel-mapped brand states. Add-ons: Logo gobo projection. Substitutions: Artist-themed palette wash.,Y,kind experience,Build,04 Physical,,,,,,,5500,,Expense,CC-VENUE,,Catalog Framework · Architecture (Sight),Keyword,Proposed,SGT-39
5000.02.01-XOS-006,5000.02.01,5000 Production,5000.02 Lighting,Lighting Control,Brand Wash (Green or Black) · Premium,LFX Colors,experience,each,Premium,Full pixel-mapped brand environment with timecoded green/black states.,Zone: All Zones. Tier fit: T1; T4. Upgrades: Pixel-mapped brand states. Add-ons: Logo gobo projection. Substitutions: Artist-themed palette wash.,Y,kind experience,Build,04 Physical,,,,,,,5500,,Expense,CC-VENUE,,Catalog Framework · Architecture (Sight),Keyword,Proposed,SGT-39
5000.02.01-XPMS-001,5000.02.01,5000 Production,5000.02 Lighting,Lighting Control,Console - Lighting,Lighting Console,equipment,each,Standard,Professional lighting control console.,"MA Lighting, ChamSys, ETC Eos, or Avolites.",X,kind equipment,Procure,04 Physical,800.0,675.0,925.0,336,1 lighting programmer or LD,39112100,5500,,Expense,CC-VENUE,2.x master catalog,XPMS 3.0 canon,Exact,Active,
5000.02.01-XOS-007,5000.02.01,5000 Production,5000.02 Lighting,Lighting Control,Control or FOH · Base,Floor Plan,experience,each,Base,Single combined audio/light position with rental consoles.,Zone: Main Stage and Bar. Tier fit: T1; T4. Upgrades: Comms / intercom package. Add-ons: Show-caller station. Substitutions: Operator-shared single position.,Y,kind experience,Build,04 Physical,,,,,,,5500,,Expense,CC-VENUE,,Catalog Framework · Architecture (Sight),Keyword,Proposed,SGT-15
5000.02.01-XOS-008,5000.02.01,5000 Production,5000.02 Lighting,Lighting Control,Control or FOH · Elevated,Floor Plan,experience,each,Elevated,Dedicated FOH with separate audio and lighting ops and networked control.,Zone: Main Stage and Bar. Tier fit: T1; T4. Upgrades: Comms / intercom package. Add-ons: Show-caller station. Substitutions: Operator-shared single position.,Y,kind experience,Build,04 Physical,,,,,,,5500,,Expense,CC-VENUE,,Catalog Framework · Architecture (Sight),Keyword,Proposed,SGT-15
5000.02.01-XOS-009,5000.02.01,5000 Production,5000.02 Lighting,Lighting Control,Control or FOH · Premium,Floor Plan,experience,each,Premium,"Full production control: FOH, monitor world, lighting, video, and show-caller comms.",Zone: Main Stage and Bar. Tier fit: T1; T4. Upgrades: Comms / intercom package. Add-ons: Show-caller station. Substitutions: Operator-shared single position.,Y,kind experience,Build,04 Physical,,,,,,,5500,,Expense,CC-VENUE,,Catalog Framework · Architecture (Sight),Keyword,Proposed,SGT-15
5000.02.01-XPMS-002,5000.02.01,5000 Production,5000.02 Lighting,Lighting Control,Dimmer Rack,Dimmer Rack,equipment,each,Standard,Traditional dimmer rack for conventional incandescent fixtures.,6 through 48 channels | 2.4kW or 6kW per channel.,X,kind equipment,Procure,04 Physical,175.0,150.0,200.0,336,1 lighting programmer or LD,39112100,5500,,Expense,CC-VENUE,2.x master catalog,XPMS 3.0 canon,Exact,Active,
5000.02.01-GHXST-003,5000.02.01,5000 Production,5000.02 Lighting,Lighting Control,Ellipsoidal - Source Four,,equipment,each,Standard,Conventional or LED ellipsoidal spotlight for key and gobo projection.,"ETC Source Four | 19, 26, 36, or 50 degree lens.",X,kind equipment,Procurement,04 Physical,35.0,30.0,40.0,168,1 lighting tech per 10 to 15 fixtures,,5500,,Expense,CC-VENUE,2.x master catalog,2.x master catalog,Discipline hint,Proposed,TECH-LITE-STAT-002 · 5000.040.00
5000.02.01-XPMS-006,5000.02.01,5000 Production,5000.02 Lighting,Lighting Control,Exterior or Entry + Landscape Lighting,Exterior / Entry + Landscape Lighting,package,each,Standard,"Facade wash, entry approach + courtyard landscape lighting.",,X,default: a nameable resource,Build,04 Physical,,,,,,,5500,,Expense,CC-VENUE,,XPMS 3.0 canon,Exact,Proposed,
5000.02.01-GHXST-004,5000.02.01,5000 Production,5000.02 Lighting,Lighting Control,Followspot,,equipment,each,Standard,Manually operated followspot for performer tracking.,800W through 2400W | Long-throw and short-throw available.,X,kind equipment,Procurement,04 Physical,350.0,300.0,400.0,168,1 operator per followspot (dedicated),,5500,,Expense,CC-VENUE,2.x master catalog,2.x master catalog,Discipline hint,Proposed,TECH-LITE-STAT-003 · 5000.040.00
5000.02.01-XOS-010,5000.02.01,5000 Production,5000.02 Lighting,Lighting Control,Golden Hour or Patio · Base,LFX Colors,experience,each,Base,Warm string lights and amber wash on the patio.,Zone: El Patio. Tier fit: T1; T4. Upgrades: Sunset-matched dimming. Add-ons: Lantern / fixture rental. Substitutions: Cool patio wash.,Y,kind experience,Build,04 Physical,,,,,,,5500,,Expense,CC-VENUE,,Catalog Framework · Architecture (Sight),Keyword,Proposed,SGT-43
5000.02.01-XOS-011,5000.02.01,5000 Production,5000.02 Lighting,Lighting Control,Golden Hour or Patio · Elevated,LFX Colors,experience,each,Elevated,"Layered golden-hour scene with festoon, uplight, and lantern accents.",Zone: El Patio. Tier fit: T1; T4. Upgrades: Sunset-matched dimming. Add-ons: Lantern / fixture rental. Substitutions: Cool patio wash.,Y,kind experience,Build,04 Physical,,,,,,,5500,,Expense,CC-VENUE,,Catalog Framework · Architecture (Sight),Keyword,Proposed,SGT-43
5000.02.01-XOS-012,5000.02.01,5000 Production,5000.02 Lighting,Lighting Control,Golden Hour or Patio · Premium,LFX Colors,experience,each,Premium,Tuned outdoor scene with sunset-matched dimming and architectural accenting.,Zone: El Patio. Tier fit: T1; T4. Upgrades: Sunset-matched dimming. Add-ons: Lantern / fixture rental. Substitutions: Cool patio wash.,Y,kind experience,Build,04 Physical,,,,,,,5500,,Expense,CC-VENUE,,Catalog Framework · Architecture (Sight),Keyword,Proposed,SGT-43
5000.02.01-XOS-013,5000.02.01,5000 Production,5000.02 Lighting,Lighting Control,High-Energy Show · Base,LFX Colors,experience,each,Base,Color-changing wash with simple chases for peak moments.,Zone: Main Stage and Bar. Tier fit: T2; T4. Upgrades: Laser package; timecode. Add-ons: Audio-reactive control. Substitutions: Ambient-only program.,Y,kind experience,Build,04 Physical,,,,,,,5500,,Expense,CC-VENUE,,Catalog Framework · Architecture (Sight),Keyword,Proposed,SGT-42
5000.02.01-XOS-014,5000.02.01,5000 Production,5000.02 Lighting,Lighting Control,High-Energy Show · Elevated,LFX Colors,experience,each,Elevated,Beam and strobe looks with audio-triggered chases.,Zone: Main Stage and Bar. Tier fit: T2; T4. Upgrades: Laser package; timecode. Add-ons: Audio-reactive control. Substitutions: Ambient-only program.,Y,kind experience,Build,04 Physical,,,,,,,5500,,Expense,CC-VENUE,,Catalog Framework · Architecture (Sight),Keyword,Proposed,SGT-42
5000.02.01-XOS-015,5000.02.01,5000 Production,5000.02 Lighting,Lighting Control,High-Energy Show · Premium,LFX Colors,experience,each,Premium,"Full peak-moment show with movers, strobes, lasers, and timecode.",Zone: Main Stage and Bar. Tier fit: T2; T4. Upgrades: Laser package; timecode. Add-ons: Audio-reactive control. Substitutions: Ambient-only program.,Y,kind experience,Build,04 Physical,,,,,,,5500,,Expense,CC-VENUE,,Catalog Framework · Architecture (Sight),Keyword,Proposed,SGT-42
5000.02.01-XPMS-005,5000.02.01,5000 Production,5000.02 Lighting,Lighting Control,House Ambient or Architectural Lighting,House Ambient / Architectural Lighting,package,each,Standard,All-room ambient incl. dramatic main volume.,,X,default: a nameable resource,Build,04 Physical,,,,,,,5500,,Expense,CC-VENUE,,XPMS 3.0 canon,Exact,Proposed,
5000.02.01-XPMS-004,5000.02.01,5000 Production,5000.02 Lighting,Lighting Control,Main Stage Performance Lighting Rig,Main Stage Performance Lighting Rig,package,each,Standard,Performance rig + control.,,X,default: a nameable resource,Build,04 Physical,,,,,,,5500,,Expense,CC-VENUE,,XPMS 3.0 canon,Exact,Proposed,
5000.02.01-XPMS-003,5000.02.01,5000 Production,5000.02 Lighting,Lighting Control,Node - DMX,DMX Distribution Node,equipment,each,Standard,DMX or network-based lighting signal distribution.,2-port through 8-port | sACN or Art-Net.,X,kind equipment,Procure,04 Physical,48.5,42.0,55.0,336,1 lighting programmer or LD,39112100,5500,,Expense,CC-VENUE,2.x master catalog,XPMS 3.0 canon,Exact,Active,
5000.02.01-GHXST-005,5000.02.01,5000 Production,5000.02 Lighting,Lighting Control,PAR Can - LED,,equipment,each,Standard,"Static LED PAR wash for uplighting, stage wash, or decor.",RGBW or RGBAW+UV | Battery-powered option available.,X,kind equipment,Procurement,04 Physical,30.0,26.0,34.0,168,1 lighting tech per 10 to 15 fixtures,,5500,,Expense,CC-VENUE,2.x master catalog,2.x master catalog,Discipline hint,Proposed,TECH-LITE-STAT-001 · 5000.040.00
5000.02.01-GHXST-006,5000.02.01,5000 Production,5000.02 Lighting,Lighting Control,Pixel Tape - LED,,equipment,each,Standard,Individually addressable LED tape for scenic and decorative effects.,"5m (16.4ft) per roll | 30, 60, or 144 pixels per meter | RGB or RGBW.",X,kind equipment,Procurement,04 Physical,8.0,7.0,9.0,168,1 lighting tech per 10 to 15 fixtures,,5500,,Expense,CC-VENUE,2.x master catalog,2.x master catalog,Discipline hint,Proposed,TECH-LITE-STAT-008 · 5000.040.00
5000.02.01-XPMS-007,5000.02.01,5000 Production,5000.02 Lighting,Lighting Control,Podcast Video-Ready Lighting,Podcast Video-Ready Lighting,service,each,Standard,Studio lighting.,,Y,kind service,Build,04 Physical,,,,,,,5500,,Expense,CC-VENUE,,XPMS 3.0 canon,Exact,Proposed,
5000.02.01-XOS-016,5000.02.01,5000 Production,5000.02 Lighting,Lighting Control,Stage Lighting Rig · Base,Floor Plan,experience,each,Base,Ground-supported uplights and a few moving heads on the stage; basic looks.,Zone: Main Stage and Bar. Tier fit: T1; T4. Upgrades: Timecode show programming; haze. Add-ons: Followspot operator. Substitutions: Architectural LFX wash only.,Y,kind experience,Build,04 Physical,,,,,,,5500,,Expense,CC-VENUE,,Catalog Framework · Architecture (Sight),Keyword,Proposed,SGT-12
5000.02.01-XOS-017,5000.02.01,5000 Production,5000.02 Lighting,Lighting Control,Stage Lighting Rig · Elevated,Floor Plan,experience,each,Elevated,"Front truss with wash, spot, and beam fixtures; programmed looks and color states.",Zone: Main Stage and Bar. Tier fit: T1; T4. Upgrades: Timecode show programming; haze. Add-ons: Followspot operator. Substitutions: Architectural LFX wash only.,Y,kind experience,Build,04 Physical,,,,,,,5500,,Expense,CC-VENUE,,Catalog Framework · Architecture (Sight),Keyword,Proposed,SGT-12
5000.02.01-XOS-018,5000.02.01,5000 Production,5000.02 Lighting,Lighting Control,Stage Lighting Rig · Premium,Floor Plan,experience,each,Premium,"Full overhead rig with movers, beams, strobes, hazers, and a timecoded show on console.",Zone: Main Stage and Bar. Tier fit: T1; T4. Upgrades: Timecode show programming; haze. Add-ons: Followspot operator. Substitutions: Architectural LFX wash only.,Y,kind experience,Build,04 Physical,,,,,,,5500,,Expense,CC-VENUE,,Catalog Framework · Architecture (Sight),Keyword,Proposed,SGT-12
5000.02.01-GHXST-007,5000.02.01,5000 Production,5000.02 Lighting,Lighting Control,String Lights - Bistro,,equipment,each,Standard,Decorative string lights for ambiance and outdoor areas.,48ft or 100ft | LED Edison bulbs.,X,kind equipment,Procurement,04 Physical,48.5,42.0,55.0,48,2 people (hanging and connecting),,5500,,Expense,CC-VENUE,2.x master catalog,2.x master catalog,Discipline hint,Proposed,TECH-LITE-STAT-006 · 5000.040.00
5000.02.01-GHXST-008,5000.02.01,5000 Production,5000.02 Lighting,Lighting Control,Strobe - DMX,,equipment,each,Standard,High-intensity strobe fixture for dramatic flash effects.,LED or xenon | DMX controlled.,X,kind equipment,Procurement,04 Physical,60.0,50.0,70.0,168,1 lighting tech per 10 to 15 fixtures,,5500,,Expense,CC-VENUE,2.x master catalog,2.x master catalog,Discipline hint,Proposed,TECH-LITE-STAT-005 · 5000.040.00
5000.02.01-XOS-019,5000.02.01,5000 Production,5000.02 Lighting,Lighting Control,Warm Ambient Lounge · Base,LFX Colors,experience,each,Base,Amber and warm-white pools for lounge and bar zones.,Zone: El Patio. Tier fit: T1; T4. Upgrades: Day-to-night dimming program. Add-ons: Pin-spot table lighting. Substitutions: Cool minimal wash.,Y,kind experience,Build,04 Physical,,,,,,,5500,,Expense,CC-VENUE,,Catalog Framework · Architecture (Sight),Keyword,Proposed,SGT-41
5000.02.01-XOS-020,5000.02.01,5000 Production,5000.02 Lighting,Lighting Control,Warm Ambient Lounge · Elevated,LFX Colors,experience,each,Elevated,Layered warm wash with candle-level accents and pin spots.,Zone: El Patio. Tier fit: T1; T4. Upgrades: Day-to-night dimming program. Add-ons: Pin-spot table lighting. Substitutions: Cool minimal wash.,Y,kind experience,Build,04 Physical,,,,,,,5500,,Expense,CC-VENUE,,Catalog Framework · Architecture (Sight),Keyword,Proposed,SGT-41
5000.02.01-XOS-021,5000.02.01,5000 Production,5000.02 Lighting,Lighting Control,Warm Ambient Lounge · Premium,LFX Colors,experience,each,Premium,Tunable warm scene program with dimming curves for day-to-night.,Zone: El Patio. Tier fit: T1; T4. Upgrades: Day-to-night dimming program. Add-ons: Pin-spot table lighting. Substitutions: Cool minimal wash.,Y,kind experience,Build,04 Physical,,,,,,,5500,,Expense,CC-VENUE,,Catalog Framework · Architecture (Sight),Keyword,Proposed,SGT-41
5000.02.02-XPMS-009,5000.02.02,5000 Production,5000.02 Lighting,Automated Fixtures,2-Lite Blinder Fixture,2-Lite Blinder Fixture,equipment,each,Standard,"Audience blinder, two-lamp, for impact looks and crowd light.",,X,kind equipment,Operate,05 Experiential,,,,,,,5500,,Expense,CC-VENUE,,XPMS 3.0 canon,Exact,Proposed,
5000.02.02-XPMS-011,5000.02.02,5000 Production,5000.02 Lighting,Automated Fixtures,Exterior Architectural Wash Fixture,Exterior Architectural Wash Fixture,equipment,each,Standard,"IP-rated color wash fixture for facades, trees, and exterior features.",,X,kind equipment,Operate,05 Experiential,,,,,,,5500,,Expense,CC-VENUE,,XPMS 3.0 canon,Exact,Proposed,
5000.02.02-XPMS-010,5000.02.02,5000 Production,5000.02 Lighting,Automated Fixtures,Festoon String Lighting - 100ft,Festoon String Lighting,equipment,each,Standard,Commercial festoon string with warm LED lamps for canopies and perimeters.,,X,kind equipment,Install,05 Experiential,,,,,,,5500,,Expense,CC-VENUE,,XPMS 3.0 canon,Exact,Proposed,
5000.02.02-XPMS-006,5000.02.02,5000 Production,5000.02 Lighting,Automated Fixtures,Follow Spot - 1200W LED Long Throw,Follow Spot,equipment,each,Standard,Long-throw LED followspot with stand; operator quoted separately.,,X,kind equipment,Operate,05 Experiential,,,,,,,5500,,Expense,CC-VENUE,,XPMS 3.0 canon,Exact,Proposed,
5000.02.02-XPMS-007,5000.02.02,5000 Production,5000.02 Lighting,Automated Fixtures,LED Batten or Strip Fixture - 1m,LED Batten / Strip Fixture,equipment,each,Standard,One-meter pixel-mappable LED batten for stage and scenic accents.,,X,kind equipment,Operate,05 Experiential,,,,,,,5500,,Expense,CC-VENUE,,XPMS 3.0 canon,Exact,Proposed,
5000.02.02-XPMS-008,5000.02.02,5000 Production,5000.02 Lighting,Automated Fixtures,LED Ellipsoidal - Leko Profile,LED Ellipsoidal,equipment,each,Standard,"LED profile fixture with shutters and gobo slot for keys, gobos, and specials.",,X,kind equipment,Operate,05 Experiential,,,,,,,5500,,Expense,CC-VENUE,,XPMS 3.0 canon,Exact,Proposed,
5000.02.02-XPMS-001,5000.02.02,5000 Production,5000.02 Lighting,Automated Fixtures,Moving Head - Beam,Moving Head Beam,equipment,each,Standard,Tight-beam automated fixture for aerial effects.,230 to 440W | Narrow beam angle | Prism effects.,X,kind equipment,Procure,04 Physical,150.0,130.0,170.0,168,1 lighting tech per 8 to 10 fixtures,39111600,5500,,Expense,CC-VENUE,2.x master catalog,XPMS 3.0 canon,Exact,Active,
5000.02.02-XPMS-002,5000.02.02,5000 Production,5000.02 Lighting,Automated Fixtures,Moving Head - Profile,Moving Head Profile,equipment,each,Standard,Automated profile fixture with framing shutters.,600 to 1200W | Framing shutters | Gobos | CMY and CTO.,X,kind equipment,Procure,04 Physical,225.0,190.0,260.0,168,1 lighting tech per 8 to 10 fixtures,39111600,5500,,Expense,CC-VENUE,2.x master catalog,XPMS 3.0 canon,Exact,Active,
5000.02.02-XPMS-003,5000.02.02,5000 Production,5000.02 Lighting,Automated Fixtures,Moving Head - Spot,Moving Head Spot,equipment,each,Standard,"Automated spot fixture with gobo, prism, and CMY color mixing.",300 to 1400W | CMY or RGBW | Gobos | Prism | Frost.,X,kind equipment,Procure,04 Physical,200.0,170.0,230.0,168,1 lighting tech per 8 to 10 fixtures,39111600,5500,,Expense,CC-VENUE,2.x master catalog,XPMS 3.0 canon,Exact,Active,
5000.02.02-XPMS-004,5000.02.02,5000 Production,5000.02 Lighting,Automated Fixtures,Moving Head - Wash,Moving Head Wash,equipment,each,Standard,Automated LED wash fixture for stage and event lighting.,19 to 37 RGBW LEDs | 15 to 60 degree zoom | DMX and RDM.,X,kind equipment,Procure,04 Physical,150.0,130.0,170.0,168,1 lighting tech per 8 to 10 fixtures,39111600,5500,,Expense,CC-VENUE,2.x master catalog,XPMS 3.0 canon,Exact,Active,
5000.02.02-XPMS-005,5000.02.02,5000 Production,5000.02 Lighting,Automated Fixtures,Wash Bar - LED,LED Wash Bar,equipment,each,Standard,Linear LED wash fixture for wall wash or cyclorama lighting.,1 to 4ft lengths | RGBW or RGBAW+UV | DMX.,X,kind equipment,Procure,04 Physical,60.0,50.0,70.0,168,1 lighting tech per 8 to 10 fixtures,39111600,5500,,Expense,CC-VENUE,2.x master catalog,XPMS 3.0 canon,Exact,Active,
5000.03.01-XPMS-001,5000.03.01,5000 Production,5000.03 Video & LED,LED Walls & Displays,Display - Flat Panel,Flat Panel Display,equipment,each,Standard,Professional flat panel display on stand or mount.,,X,kind equipment,Procure,04 Physical,,,,,,45111600,5500,,Expense,CC-VENUE,,XPMS 3.0 canon,Exact,Active,
5000.03.01-XPMS-002,5000.03.01,5000 Production,5000.03 Video & LED,LED Walls & Displays,LED Screen - Mobile,Mobile LED Screen,equipment,each,Standard,Self-contained mobile LED screen on trailer.,,X,kind equipment,Procure,04 Physical,,,,,,45111600,5500,,Expense,CC-VENUE,,XPMS 3.0 canon,Exact,Active,
5000.03.01-XPMS-003,5000.03.01,5000 Production,5000.03 Video & LED,LED Walls & Displays,LED Tile - Floor or Ceiling,LED Floor and Ceiling Tile,equipment,each,Standard,Walkable or overhead LED panel for immersive installations.,,X,kind equipment,Procure,04 Physical,,,,,,45111600,5500,,Expense,CC-VENUE,,XPMS 3.0 canon,Exact,Active,
5000.03.01-XPMS-004,5000.03.01,5000 Production,5000.03 Video & LED,LED Walls & Displays,LED Wall - Indoor,Indoor LED Video Wall,equipment,each,Standard,Modular LED video panel wall for stage backdrop or IMAG.,,X,kind equipment,Procure,04 Physical,,,,,,45111600,5500,,Expense,CC-VENUE,,XPMS 3.0 canon,Exact,Active,
5000.03.01-XPMS-005,5000.03.01,5000 Production,5000.03 Video & LED,LED Walls & Displays,LED Wall - Outdoor,Outdoor LED Video Wall,equipment,each,Standard,Weather-rated LED panels for outdoor events.,,X,kind equipment,Procure,04 Physical,,,,,,45111600,5500,,Expense,CC-VENUE,,XPMS 3.0 canon,Exact,Active,
5000.03.01-XPMS-006,5000.03.01,5000 Production,5000.03 Video & LED,LED Walls & Displays,Monitor - Confidence,Confidence Monitor,equipment,each,Standard,On-stage confidence monitor for presenters or performers.,,X,kind equipment,Procure,04 Physical,,,,,,45111600,5500,,Expense,CC-VENUE,,XPMS 3.0 canon,Exact,Active,
5000.03.01-XPMS-007,5000.03.01,5000 Production,5000.03 Video & LED,LED Walls & Displays,Podcast Multicam Camera + Capture,Podcast Multicam Camera + Capture,package,each,Standard,Multicam capture package.,,X,default: a nameable resource,Build,04 Physical,,,,,,,5500,,Expense,CC-VENUE,,XPMS 3.0 canon,Exact,Proposed,
5000.03.02-XPMS-005,5000.03.02,5000 Production,5000.03 Video & LED,Projection,Laser Projector - 20K Lumen,Laser Projector,equipment,each,Standard,"20,000-lumen laser projector with lens for mapping and large-surface projection.",,X,kind equipment,Operate,05 Experiential,,,,,,,5500,,Expense,CC-VENUE,,XPMS 3.0 canon,Exact,Proposed,
5000.03.02-XPMS-001,5000.03.02,5000 Production,5000.03 Video & LED,Projection,Projection Mapping,Projection Mapping,equipment,each,Standard,Custom projection mapping on architectural surfaces or objects.,Single through multi-projector | Interactive available.,X,kind equipment,Procure,04 Physical,10000.0,8500.0,11500.0,672,"1 to 3 projectionist or media server ops, content designer",45111612,5500,,Expense,CC-VENUE,2.x master catalog,XPMS 3.0 canon,Exact,Active,
5000.03.02-XOS-001,5000.03.02,5000 Production,5000.03 Video & LED,Projection,Projection or Projection Mapping · Base,Floor Plan,experience,each,Base,Single short-throw projector on a feature wall; looping content.,Zone: Exhibition Room. Tier fit: T2; T4. Upgrades: 360 mapped room; live trigger. Add-ons: Content design package. Substitutions: LED video wall.,Y,kind experience,Build,04 Physical,,,,,,,5500,,Expense,CC-VENUE,,Catalog Framework · Architecture (Sight),Keyword,Proposed,SGT-14
5000.03.02-XOS-002,5000.03.02,5000 Production,5000.03 Video & LED,Projection,Projection or Projection Mapping · Elevated,Floor Plan,experience,each,Elevated,Dual-projector blend across a large surface with mapped content.,Zone: Exhibition Room. Tier fit: T2; T4. Upgrades: 360 mapped room; live trigger. Add-ons: Content design package. Substitutions: LED video wall.,Y,kind experience,Build,04 Physical,,,,,,,5500,,Expense,CC-VENUE,,Catalog Framework · Architecture (Sight),Keyword,Proposed,SGT-14
5000.03.02-XOS-003,5000.03.02,5000 Production,5000.03 Video & LED,Projection,Projection or Projection Mapping · Premium,Floor Plan,experience,each,Premium,Full-room 360 projection mapping with custom motion content and live triggering.,Zone: Exhibition Room. Tier fit: T2; T4. Upgrades: 360 mapped room; live trigger. Add-ons: Content design package. Substitutions: LED video wall.,Y,kind experience,Build,04 Physical,,,,,,,5500,,Expense,CC-VENUE,,Catalog Framework · Architecture (Sight),Keyword,Proposed,SGT-14
5000.03.02-XPMS-002,5000.03.02,5000 Production,5000.03 Video & LED,Projection,Projector - Large Venue,Large Venue Projector,equipment,each,Standard,High-brightness laser projector for large venues and outdoor use.,,X,kind equipment,Procure,04 Physical,,,,,,45111612,5500,,Expense,CC-VENUE,,XPMS 3.0 canon,Exact,Active,
5000.03.02-XPMS-003,5000.03.02,5000 Production,5000.03 Video & LED,Projection,Projector - Standard,Standard Projector,equipment,each,Standard,LCD or DLP projector for presentations and basic projection.,,X,kind equipment,Procure,04 Physical,,,,,,45111612,5500,,Expense,CC-VENUE,,XPMS 3.0 canon,Exact,Active,
5000.03.02-XPMS-004,5000.03.02,5000 Production,5000.03 Video & LED,Projection,Screen - Projection,Projection Screen,equipment,each,Standard,Front or rear projection screen for presentations or IMAG.,8ft through 20ft and above diagonal | Fast-fold or truss.,X,kind equipment,Procure,04 Physical,250.0,210.0,290.0,168,1 video tech,45111612,5500,,Expense,CC-VENUE,2.x master catalog,XPMS 3.0 canon,Exact,Active,
5000.04.01-XOS-001,5000.04.01,5000 Production,5000.04 Staging & Decks,Stage Infrastructure,360 Center Stage (In-the-Round) · Base,Floor Plan,experience,each,Base,Round 14ft center riser with audience on all sides; ground-supported lighting halo above.,Zone: Main Stage and Bar. Tier fit: T3; T4. Upgrades: Rotating deck motor; floor projection ring. Add-ons: Aerial rig point for performer. Substitutions: Runway / catwalk T-stage.,Y,kind experience,Build,06 Theatrical,,,,,,,5500,,Expense,CC-VENUE,,Catalog Framework · Architecture (Sight),Keyword,Proposed,SGT-03
5000.04.01-XOS-002,5000.04.01,5000 Production,5000.04 Staging & Decks,Stage Infrastructure,360 Center Stage (In-the-Round) · Elevated,Floor Plan,experience,each,Elevated,20ft rotating center stage with circular LED skirt and overhead truss ring with moving lights.,Zone: Main Stage and Bar. Tier fit: T3; T4. Upgrades: Rotating deck motor; floor projection ring. Add-ons: Aerial rig point for performer. Substitutions: Runway / catwalk T-stage.,Y,kind experience,Build,06 Theatrical,,,,,,,5500,,Expense,CC-VENUE,,Catalog Framework · Architecture (Sight),Keyword,Proposed,SGT-03
5000.04.01-XOS-003,5000.04.01,5000 Production,5000.04 Staging & Decks,Stage Infrastructure,360 Center Stage (In-the-Round) · Premium,Floor Plan,experience,each,Premium,"Kinetic in-the-round altar with rotating deck, suspended LED halo, and floor projection apron.",Zone: Main Stage and Bar. Tier fit: T3; T4. Upgrades: Rotating deck motor; floor projection ring. Add-ons: Aerial rig point for performer. Substitutions: Runway / catwalk T-stage.,Y,kind experience,Build,06 Theatrical,,,,,,,5500,,Expense,CC-VENUE,,Catalog Framework · Architecture (Sight),Keyword,Proposed,SGT-03
5000.04.01-XOS-004,5000.04.01,5000 Production,5000.04 Staging & Decks,Stage Infrastructure,Amphitheater or Tiered Seating · Base,Floor Plan,experience,each,Base,Two-tier rented seating risers fanned toward a ground stage; aisle lighting.,Zone: Main Stage and Bar. Tier fit: T2; T4. Upgrades: Upholstered seat upgrade; rail LED. Add-ons: Cup-holder seat tablets. Substitutions: Cabaret cluster seating.,Y,kind experience,Build,06 Theatrical,,,,,,,5500,,Expense,CC-VENUE,,Catalog Framework · Architecture (Sight),Keyword,Proposed,SGT-05
5000.04.01-XOS-005,5000.04.01,5000 Production,5000.04 Staging & Decks,Stage Infrastructure,Amphitheater or Tiered Seating · Elevated,Floor Plan,experience,each,Elevated,Three-tier curved seating bank with upholstered chairs and tiered rail lighting.,Zone: Main Stage and Bar. Tier fit: T2; T4. Upgrades: Upholstered seat upgrade; rail LED. Add-ons: Cup-holder seat tablets. Substitutions: Cabaret cluster seating.,Y,kind experience,Build,06 Theatrical,,,,,,,5500,,Expense,CC-VENUE,,Catalog Framework · Architecture (Sight),Keyword,Proposed,SGT-05
5000.04.01-XOS-006,5000.04.01,5000 Production,5000.04 Staging & Decks,Stage Infrastructure,Amphitheater or Tiered Seating · Premium,Floor Plan,experience,each,Premium,"Sculptural curved amphitheater build with integrated step lighting, VIP front bowl, and rail-mounted LED.",Zone: Main Stage and Bar. Tier fit: T2; T4. Upgrades: Upholstered seat upgrade; rail LED. Add-ons: Cup-holder seat tablets. Substitutions: Cabaret cluster seating.,Y,kind experience,Build,06 Theatrical,,,,,,,5500,,Expense,CC-VENUE,,Catalog Framework · Architecture (Sight),Keyword,Proposed,SGT-05
5000.04.01-XPMS-001,5000.04.01,5000 Production,5000.04 Staging & Decks,Stage Infrastructure,Backdrop - Custom Print,Custom Printed Backdrop,equipment,each,Standard,Custom printed fabric or vinyl stage backdrop.,10x20 through custom size | Various materials.,X,kind equipment,Build,04 Physical,500.0,425.0,575.0,336,3 to 6 tent crew,56101800,5500,,Expense,CC-VENUE,2.x master catalog,XPMS 3.0 canon,Exact,Active,
5000.04.01-XOS-007,5000.04.01,5000 Production,5000.04 Staging & Decks,Stage Infrastructure,Box Theater or Black Box · Base,Floor Plan,experience,each,Base,Flat-floor blackout room; movable seating; portable riser for talent; full light control.,Zone: Exhibition Room. Tier fit: T1; T3. Upgrades: Retractable seating system; quad-wall projection. Add-ons: Acoustic drape upgrade. Substitutions: Amphitheater tiered seating.,Y,kind experience,Build,05 Experiential,,,,,,,5500,,Expense,CC-VENUE,,Catalog Framework · Architecture (Sight),Keyword,Proposed,SGT-04
5000.04.01-XOS-008,5000.04.01,5000 Production,5000.04 Staging & Decks,Stage Infrastructure,Box Theater or Black Box · Elevated,Floor Plan,experience,each,Elevated,"Tiered modular seating risers (2; 3 rows), draped walls, and a defined performance pocket.",Zone: Exhibition Room. Tier fit: T1; T3. Upgrades: Retractable seating system; quad-wall projection. Add-ons: Acoustic drape upgrade. Substitutions: Amphitheater tiered seating.,Y,kind experience,Build,05 Experiential,,,,,,,5500,,Expense,CC-VENUE,,Catalog Framework · Architecture (Sight),Keyword,Proposed,SGT-04
5000.04.01-XOS-009,5000.04.01,5000 Production,5000.04 Staging & Decks,Stage Infrastructure,Box Theater or Black Box · Premium,Floor Plan,experience,each,Premium,"Convertible black box with retractable seating bank, surround drape track, and projection on all four walls.",Zone: Exhibition Room. Tier fit: T1; T3. Upgrades: Retractable seating system; quad-wall projection. Add-ons: Acoustic drape upgrade. Substitutions: Amphitheater tiered seating.,Y,kind experience,Build,05 Experiential,,,,,,,5500,,Expense,CC-VENUE,,Catalog Framework · Architecture (Sight),Keyword,Proposed,SGT-04
5000.04.01-XOS-010,5000.04.01,5000 Production,5000.04 Staging & Decks,Stage Infrastructure,Elevated Proscenium Stage · Base,Floor Plan,experience,each,Base,"36; 42in elevated stage at the nave head; rental decking, stairs, and pipe-and-drape surround.",Zone: Main Stage and Bar. Tier fit: T2; T4. Upgrades: Motorized reveal curtain; thrust extension. Add-ons: Confidence monitor; teleprompter. Substitutions: 360 center stage (in-the-round).,Y,kind experience,Build,06 Theatrical,,,,,,,5500,,Expense,CC-VENUE,,Catalog Framework · Architecture (Sight),Keyword,Proposed,SGT-02
5000.04.01-XOS-011,5000.04.01,5000 Production,5000.04 Staging & Decks,Stage Infrastructure,Elevated Proscenium Stage · Elevated,Floor Plan,experience,each,Elevated,"48in stage with hard scenic proscenium frame, side fills, and branded header valance.",Zone: Main Stage and Bar. Tier fit: T2; T4. Upgrades: Motorized reveal curtain; thrust extension. Add-ons: Confidence monitor; teleprompter. Substitutions: 360 center stage (in-the-round).,Y,kind experience,Build,06 Theatrical,,,,,,,5500,,Expense,CC-VENUE,,Catalog Framework · Architecture (Sight),Keyword,Proposed,SGT-02
5000.04.01-XOS-012,5000.04.01,5000 Production,5000.04 Staging & Decks,Stage Infrastructure,Elevated Proscenium Stage · Premium,Floor Plan,experience,each,Premium,"Architectural elevated stage with sculptural proscenium, integrated LED reveal, and orchestra-style downstage thrust.",Zone: Main Stage and Bar. Tier fit: T2; T4. Upgrades: Motorized reveal curtain; thrust extension. Add-ons: Confidence monitor; teleprompter. Substitutions: 360 center stage (in-the-round).,Y,kind experience,Build,06 Theatrical,,,,,,,5500,,Expense,CC-VENUE,,Catalog Framework · Architecture (Sight),Keyword,Proposed,SGT-02
5000.04.01-XOS-013,5000.04.01,5000 Production,5000.04 Staging & Decks,Stage Infrastructure,Ground-Level Stage · Base,Floor Plan,experience,each,Base,Low-rise 12in deck stage on the sanctuary floor; audience on the same plane; intimate club-floor feel.,Zone: Main Stage and Bar. Tier fit: T1; T4. Upgrades: LED stage-front ribbon; rotating turntable riser. Add-ons: DJ booth scenic wrap; B-stage spur. Substitutions: Black box flat-floor (no deck).,Y,kind experience,Build,06 Theatrical,,,,,,,5500,,Expense,CC-VENUE,,Catalog Framework · Architecture (Sight),Keyword,Proposed,SGT-01
5000.04.01-XOS-014,5000.04.01,5000 Production,5000.04 Staging & Decks,Stage Infrastructure,Ground-Level Stage · Elevated,Floor Plan,experience,each,Elevated,"16; 24in deck with skirted fascia, monitor wedges, and a defined DJ/performer zone; clear sightline lane.",Zone: Main Stage and Bar. Tier fit: T1; T4. Upgrades: LED stage-front ribbon; rotating turntable riser. Add-ons: DJ booth scenic wrap; B-stage spur. Substitutions: Black box flat-floor (no deck).,Y,kind experience,Build,06 Theatrical,,,,,,,5500,,Expense,CC-VENUE,,Catalog Framework · Architecture (Sight),Keyword,Proposed,SGT-01
5000.04.01-XOS-015,5000.04.01,5000 Production,5000.04 Staging & Decks,Stage Infrastructure,Ground-Level Stage · Premium,Floor Plan,experience,each,Premium,"Custom-fabricated floor stage with integrated LED fascia, riser-built DJ altar, and surround standing pit.",Zone: Main Stage and Bar. Tier fit: T1; T4. Upgrades: LED stage-front ribbon; rotating turntable riser. Add-ons: DJ booth scenic wrap; B-stage spur. Substitutions: Black box flat-floor (no deck).,Y,kind experience,Build,06 Theatrical,,,,,,,5500,,Expense,CC-VENUE,,Catalog Framework · Architecture (Sight),Keyword,Proposed,SGT-01
5000.04.01-XPMS-002,5000.04.01,5000 Production,5000.04 Staging & Decks,Stage Infrastructure,Pipe and Drape,Pipe and Drape,equipment,each,Standard,Adjustable pipe and drape system for masking and backdrop.,8 to 20ft uprights | Various drape colors and fabrics.,X,kind equipment,Build,04 Physical,10.0,8.0,12.0,336,3 to 6 tent crew,56101800,5500,,Expense,CC-VENUE,2.x master catalog,XPMS 3.0 canon,Exact,Active,
5000.04.01-XPMS-003,5000.04.01,5000 Production,5000.04 Staging & Decks,Stage Infrastructure,Ramp - Photo Pit,Photo Pit Ramp,equipment,each,Standard,ADA-compliant ramp from stage to crowd barricade for photographers.,4ft wide | 1:12 slope | Non-slip surface | Handrails.,X,kind equipment,Build,04 Physical,150.0,130.0,170.0,336,3 to 6 tent crew,56101800,5500,,Expense,CC-VENUE,2.x master catalog,XPMS 3.0 canon,Exact,Active,
5000.04.01-XOS-016,5000.04.01,5000 Production,5000.04 Staging & Decks,Stage Infrastructure,Runway or Catwalk (T-Stage) · Base,Floor Plan,experience,each,Base,Straight 24ft runway off a ground stage; matte deck; edge lighting.,Zone: Main Stage and Bar. Tier fit: T3; T4. Upgrades: LED floor tiles; mirror deck finish. Add-ons: Branded runway graphic. Substitutions: Ground-level stage.,Y,kind experience,Build,06 Theatrical,,,,,,,5500,,Expense,CC-VENUE,,Catalog Framework · Architecture (Sight),Keyword,Proposed,SGT-06
5000.04.01-XOS-017,5000.04.01,5000 Production,5000.04 Staging & Decks,Stage Infrastructure,Runway or Catwalk (T-Stage) · Elevated,Floor Plan,experience,each,Elevated,T-shaped runway with branded vinyl deck graphic and pixel-tape edge.,Zone: Main Stage and Bar. Tier fit: T3; T4. Upgrades: LED floor tiles; mirror deck finish. Add-ons: Branded runway graphic. Substitutions: Ground-level stage.,Y,kind experience,Build,06 Theatrical,,,,,,,5500,,Expense,CC-VENUE,,Catalog Framework · Architecture (Sight),Keyword,Proposed,SGT-06
5000.04.01-XOS-018,5000.04.01,5000 Production,5000.04 Staging & Decks,Stage Infrastructure,Runway or Catwalk (T-Stage) · Premium,Floor Plan,experience,each,Premium,"Mirror-finish runway with embedded LED floor, end-cap reveal, and flanking standing pits.",Zone: Main Stage and Bar. Tier fit: T3; T4. Upgrades: LED floor tiles; mirror deck finish. Add-ons: Branded runway graphic. Substitutions: Ground-level stage.,Y,kind experience,Build,06 Theatrical,,,,,,,5500,,Expense,CC-VENUE,,Catalog Framework · Architecture (Sight),Keyword,Proposed,SGT-06
5000.04.01-XPMS-004,5000.04.01,5000 Production,5000.04 Staging & Decks,Stage Infrastructure,Skirting - Stage,Stage Skirting,equipment,each,Standard,Fabric skirting to conceal stage legs and understructure.,"Poly-knit, velour, box pleat, or shirred.",X,kind equipment,Build,04 Physical,4.0,3.4,4.6,336,3 to 6 tent crew,56101800,5500,,Expense,CC-VENUE,2.x master catalog,XPMS 3.0 canon,Exact,Active,
5000.04.02-XPMS-001,5000.04.02,5000 Production,5000.04 Staging & Decks,Stage Decks & Risers,Riser - Drum,Rolling Drum Riser,equipment,each,Standard,"Rolling riser platform for backline, drums, or equipment.",6x6 or 8x8 | 8 to 24in height | Carpet top | Locking casters.,X,kind equipment,Build,04 Physical,150.0,130.0,170.0,168,2 to 4 stagehands,56101700,5500,,Expense,CC-VENUE,2.x master catalog,XPMS 3.0 canon,Exact,Active,
5000.04.02-XPMS-002,5000.04.02,5000 Production,5000.04 Staging & Decks,Stage Decks & Risers,Runway - Stage,Stage Runway,equipment,each,Standard,"Extended stage platform for fashion, performance, or audience interaction.",4ft wide | 8ft sections | With skirting | Lit or unlit.,X,kind equipment,Build,04 Physical,150.0,130.0,170.0,168,2 to 4 stagehands,56101700,5500,,Expense,CC-VENUE,2.x master catalog,XPMS 3.0 canon,Exact,Active,
5000.04.02-XPMS-003,5000.04.02,5000 Production,5000.04 Staging & Decks,Stage Decks & Risers,Shell - Acoustic,Acoustic Shell,equipment,each,Standard,Portable acoustic shell panels for orchestral and acoustic performance.,"Wenger, StageRight, or custom | Ceiling and side panels.",X,kind equipment,Build,04 Physical,1500.0,1275.0,1725.0,168,2 to 4 stagehands,56101700,5500,,Expense,CC-VENUE,2.x master catalog,XPMS 3.0 canon,Exact,Active,
5000.04.02-XPMS-004,5000.04.02,5000 Production,5000.04 Staging & Decks,Stage Decks & Risers,Stage Deck - 4x4,4x4 Stage Deck,equipment,each,Standard,4ft x 4ft modular stage deck for fills and odd shapes.,4x4ft | Same heights as 4x8 | Carpet or painted.,X,kind equipment,Build,04 Physical,35.0,30.0,40.0,168,2 to 4 stagehands,56101700,5500,,Expense,CC-VENUE,2.x master catalog,XPMS 3.0 canon,Exact,Active,
5000.04.02-XPMS-005,5000.04.02,5000 Production,5000.04 Staging & Decks,Stage Decks & Risers,Stage Deck - 4x8,4x8 Stage Deck,equipment,each,Standard,Standard 4ft x 8ft modular stage deck.,"4x8ft | 16in, 24in, 32in, or 48in leg heights.",X,kind equipment,Build,04 Physical,48.5,42.0,55.0,168,2 to 4 stagehands,56101700,5500,,Expense,CC-VENUE,2.x master catalog,XPMS 3.0 canon,Exact,Active,
5000.04.02-XPMS-006,5000.04.02,5000 Production,5000.04 Staging & Decks,Stage Decks & Risers,Stage Platform · Adjustable Height Deck (6 Ft×1 Ft4 In),,equipment,each,Standard,"Main stage centerpiece for hosts, DJ sets, remarks.",,X,kind equipment,Build,04 Physical,,,,,,,5500,,Expense,CC-VENUE,,XPMS 3.0 canon,Exact,Active,
5000.04.02-XPMS-007,5000.04.02,5000 Production,5000.04 Staging & Decks,Stage Decks & Risers,Stairs - Stage,Portable Stage Stairs,equipment,each,Standard,Portable staircase for stage access.,2-step through 4-step | Handrails and ADA ramp available.,X,kind equipment,Build,04 Physical,75.0,65.0,85.0,168,2 to 4 stagehands,56101700,5500,,Expense,CC-VENUE,2.x master catalog,XPMS 3.0 canon,Exact,Active,
5000.05.01-XPMS-001,5000.05.01,5000 Production,5000.05 Rigging & Motors,Motors & Chain Hoists,Chain Motor - Half Ton,Half-Ton Chain Motor,equipment,each,Standard,"Half-ton (1,000 lb) electric chain hoist for lighting and scenic rigging.",1/2 ton capacity | 60ft chain | Variable speed.,X,kind equipment,Build,04 Physical,100.0,85.0,115.0,168,"1 rigger per motor, head rigger for oversight",24102000,5500,,Expense,CC-VENUE,2.x master catalog,XPMS 3.0 canon,Exact,Active,
5000.05.01-XPMS-002,5000.05.01,5000 Production,5000.05 Rigging & Motors,Motors & Chain Hoists,Chain Motor - One Ton,One-Ton Chain Motor,equipment,each,Standard,"One ton (2,000 lb) electric chain hoist for heavy loads.",1 ton capacity | 60ft chain | Variable speed.,X,kind equipment,Build,04 Physical,150.0,130.0,170.0,168,"1 rigger per motor, head rigger for oversight",24102000,5500,,Expense,CC-VENUE,2.x master catalog,XPMS 3.0 canon,Exact,Active,
5000.05.01-XPMS-003,5000.05.01,5000 Production,5000.05 Rigging & Motors,Motors & Chain Hoists,Tower - Ground Support,Ground Support Tower,equipment,each,Standard,Freestanding truss tower system requiring no ceiling rigging.,"Base plates, towers, sleeves, top truss, outriggers.",X,kind equipment,Build,04 Physical,600.0,500.0,700.0,168,"1 rigger per motor, head rigger for oversight",24102000,5500,,Expense,CC-VENUE,2.x master catalog,XPMS 3.0 canon,Exact,Active,
5000.05.02-XPMS-002,5000.05.02,5000 Production,5000.05 Rigging & Motors,Rigging Hardware,AV Rigging or Mounting or Install Labor,AV Rigging / Mounting / Install Labor,package,each,Standard,AV rig and mount labor.,,Y,name signals process or service,Build,04 Physical,,,,,,,5500,,Expense,CC-VENUE,,XPMS 3.0 canon,Exact,Proposed,
5000.05.02-XPMS-001,5000.05.02,5000 Production,5000.05 Rigging & Motors,Rigging Hardware,Hardware Bundle - Rigging,Rigging Hardware Bundle,equipment,each,Standard,"Assorted rigging hardware including shackles, spansets, steels, and turnbuckles.",Rated WLL per component | Steel or aluminum.,X,kind equipment,Build,04 Physical,48.5,42.0,55.0,24,1 person,31162200,5500,,Expense,CC-VENUE,2.x master catalog,XPMS 3.0 canon,Exact,Active,
5000.05.03-XPMS-001,5000.05.03,5000 Production,5000.05 Rigging & Motors,Truss,Truss - 12in Box,12-Inch Box Truss,equipment,each,Standard,12-inch aluminum box truss for light-duty spans.,"10ft, 8ft, 5ft, 4ft, or 2.5ft sections | 6061-T6 aluminum.",X,kind equipment,Build,04 Physical,35.0,30.0,40.0,168,2 to 4 riggers (certified for overhead),31162400,5500,,Expense,CC-VENUE,2.x master catalog,XPMS 3.0 canon,Exact,Active,
5000.05.03-XPMS-002,5000.05.03,5000 Production,5000.05 Rigging & Motors,Truss,Truss - 20.5in Box,20.5-Inch Box Truss,equipment,each,Standard,20.5-inch aluminum box truss for medium-duty stage and lighting.,"10ft, 8ft, or 5ft sections | Spigoted | Various brands.",X,kind equipment,Build,04 Physical,56.0,47.0,65.0,168,2 to 4 riggers (certified for overhead),31162400,5500,,Expense,CC-VENUE,2.x master catalog,XPMS 3.0 canon,Exact,Active,
5000.05.03-XPMS-003,5000.05.03,5000 Production,5000.05 Rigging & Motors,Truss,Truss - 30in GP,30-Inch General Purpose Truss,equipment,each,Standard,30-inch general purpose truss for heavy-duty spans and ground support.,"10ft, 8ft, or 5ft sections | GP towers and sleeve blocks.",X,kind equipment,Build,04 Physical,80.0,70.0,90.0,168,2 to 4 riggers (certified for overhead),31162400,5500,,Expense,CC-VENUE,2.x master catalog,XPMS 3.0 canon,Exact,Active,
5000.05.03-XPMS-004,5000.05.03,5000 Production,5000.05 Rigging & Motors,Truss,Truss - Circle,Circle Truss,equipment,each,Standard,Pre-curved truss sections for circular or custom shapes.,"Various radii | 12in, 20.5in, or 30in chord sizes.",X,kind equipment,Build,04 Physical,120.0,100.0,140.0,168,2 to 4 riggers (certified for overhead),31162400,5500,,Expense,CC-VENUE,2.x master catalog,XPMS 3.0 canon,Exact,Active,
5000.06.01-XPMS-001,5000.06.01,5000 Production,5000.06 Power & Distribution,Power & Electrical,Battery Pack - Portable,Portable Battery Pack,equipment,each,Standard,Battery backup or solar power pack for off-grid areas.,,X,kind equipment,Install,04 Physical,,,,,,26111700,5500,,Expense,CC-VENUE,,XPMS 3.0 canon,Exact,Active,
5000.06.01-XPMS-002,5000.06.01,5000 Production,5000.06 Power & Distribution,Power & Electrical,Cable Run - Feeder,Feeder Cable Run,equipment,each,Standard,Temporary power cable from generator or utility to distribution point.,,X,kind equipment,Install,04 Physical,,,,,,26111700,5500,,Expense,CC-VENUE,,XPMS 3.0 canon,Exact,Active,
5000.06.01-XPMS-003,5000.06.01,5000 Production,5000.06 Power & Distribution,Power & Electrical,Distribution Box - Power,Power Distribution Box,equipment,each,Standard,Temporary power distribution unit with circuit breakers.,100A through 800A | Cam-lock or pin and sleeve.,X,kind equipment,Install,04 Physical,125.0,105.0,145.0,48,Licensed electrician,26111700,5500,,Expense,CC-VENUE,2.x master catalog,XPMS 3.0 canon,Exact,Active,
5000.06.01-XPMS-004,5000.06.01,5000 Production,5000.06 Power & Distribution,Power & Electrical,Generator - Towable,Towable Generator,equipment,each,Standard,Towable diesel generator for temporary event power.,,X,kind equipment,Install,04 Physical,,,,,,26111700,5500,,Expense,CC-VENUE,,XPMS 3.0 canon,Exact,Active,
5000.06.01-XPMS-005,5000.06.01,5000 Production,5000.06 Power & Distribution,Power & Electrical,Light Tower - Portable,Portable Light Tower,equipment,each,Standard,Towable light tower for site illumination and safety.,,X,kind equipment,Install,04 Physical,,,,,,26111700,5500,,Expense,CC-VENUE,,XPMS 3.0 canon,Exact,Active,
5000.06.01-XPMS-006,5000.06.01,5000 Production,5000.06 Power & Distribution,Power & Electrical,Tie-In - Electrical,Electrical Tie-In Service,equipment,each,Standard,Licensed electrician to connect temporary power to permanent utility.,100A through 800A and above service.,X,kind equipment,Install,04 Physical,1200.0,1025.0,1375.0,168,Licensed electrician,26111700,5500,,Expense,CC-VENUE,2.x master catalog,XPMS 3.0 canon,Exact,Active,
5000.07.01-XPMS-009,5000.07.01,5000 Production,5000.07 Special Effects & Atmospherics,Atmospheric Effects,Atmospherics or SFX (Placeholder),Atmospherics / SFX,package,each,Standard,N/A Phase 1.,,X,default: a nameable resource,Build,04 Physical,,,,,,,5500,,Expense,CC-VENUE,,XPMS 3.0 canon,Exact,Proposed,
5000.07.01-XPMS-001,5000.07.01,5000 Production,5000.07 Special Effects & Atmospherics,Atmospheric Effects,Confetti Cannon,Confetti Cannon,equipment,each,Standard,Confetti or streamer launcher for celebrations and effects.,"Handheld, electric continuous, DMX, or CO2-powered.",X,kind equipment,Procure,04 Physical,150.0,130.0,170.0,168,1 to 2 SFX techs,60141100,5500,,Expense,CC-VENUE,2.x master catalog,XPMS 3.0 canon,Exact,Active,
5000.07.01-XPMS-002,5000.07.01,5000 Production,5000.07 Special Effects & Atmospherics,Atmospheric Effects,Cryo Jet - CO2,CO2 Cryo Jet,equipment,each,Standard,High-pressure CO2 effect for stage bursts and crowd interaction.,Single jet or dual cannon | With LED | DMX triggered.,X,kind equipment,Procure,04 Physical,300.0,255.0,345.0,168,1 to 2 SFX techs,60141100,5500,,Expense,CC-VENUE,2.x master catalog,XPMS 3.0 canon,Exact,Active,
5000.07.01-XPMS-003,5000.07.01,5000 Production,5000.07 Special Effects & Atmospherics,Atmospheric Effects,Flame Effect - Propane,Flame Effect Machine,equipment,each,Standard,Propane or electric flame effect for stage pyrotechnics.,Propane or electric | DMX-controlled | 2 to 10ft column height.,X,kind equipment,Procure,04 Physical,500.0,425.0,575.0,672,"Licensed pyro technician, fire watch",60141100,5500,,Expense,CC-VENUE,2.x master catalog,XPMS 3.0 canon,Exact,Active,
5000.07.01-XPMS-004,5000.07.01,5000 Production,5000.07 Special Effects & Atmospherics,Atmospheric Effects,Fog Machine,Fog Machine,equipment,each,Standard,Ground fog or standard fog machine for stage effects.,"Standard glycol, low-lying CO2, or fazer.",X,kind equipment,Procure,04 Physical,100.0,85.0,115.0,168,1 to 2 SFX techs,60141100,5500,,Expense,CC-VENUE,2.x master catalog,XPMS 3.0 canon,Exact,Active,
5000.07.01-XPMS-005,5000.07.01,5000 Production,5000.07 Special Effects & Atmospherics,Atmospheric Effects,Hazer - DMX,Haze Machine,equipment,each,Standard,Professional hazer for beam visibility and atmospheric effects.,Oil-based or water-based | DMX controlled.,X,kind equipment,Procure,04 Physical,100.0,85.0,115.0,168,1 to 2 SFX techs,60141100,5500,,Expense,CC-VENUE,2.x master catalog,XPMS 3.0 canon,Exact,Active,
5000.07.01-XPMS-006,5000.07.01,5000 Production,5000.07 Special Effects & Atmospherics,Atmospheric Effects,Laser - Show,Show Laser,equipment,each,Standard,Professional show laser for aerial effects and ILDA graphics.,Single color through full-color RGB | ILDA graphics capable.,X,kind equipment,Procure,04 Physical,600.0,500.0,700.0,672,Licensed laser operator (FDA variance holder),60141100,5500,,Expense,CC-VENUE,2.x master catalog,XPMS 3.0 canon,Exact,Active,
5000.07.01-XPMS-008,5000.07.01,5000 Production,5000.07 Special Effects & Atmospherics,Atmospheric Effects,Professional Bubble Machine,Professional Bubble Machine,equipment,each,Standard,High-output bubble machine with fluid for ambient and reveal moments.,,X,kind equipment,Operate,05 Experiential,,,,,,,5500,,Expense,CC-VENUE,,XPMS 3.0 canon,Exact,Proposed,
5000.07.01-XPMS-007,5000.07.01,5000 Production,5000.07 Special Effects & Atmospherics,Atmospheric Effects,Spark Machine - Cold,Cold Spark Machine,equipment,each,Standard,Non-flammable titanium spark effect machine for indoor or outdoor use.,1 to 5 meter height | DMX triggered | Cold to touch.,X,kind equipment,Procure,04 Physical,175.0,150.0,200.0,168,1 to 2 SFX techs,60141100,5500,,Expense,CC-VENUE,2.x master catalog,XPMS 3.0 canon,Exact,Active,
5000.08.01-XPMS-009,5000.08.01,5000 Production,"5000.08 Broadcast, Capture & Streaming",Cameras & Capture,Broadcast Master Delivery,Broadcast Master Delivery,service,each,Standard,"Conform, QC and delivery of broadcast or platform masters to the specification of each receiving outlet.",,Y,kind service,Amplify,05 Experiential,,,,,,,5500,,Expense,CC-VENUE,,XPMS 3.0 canon,Exact,Proposed,
5000.08.01-XPMS-001,5000.08.01,5000 Production,"5000.08 Broadcast, Capture & Streaming",Cameras & Capture,Camera - IMAG,IMAG Camera,equipment,each,Standard,Broadcast-quality camera for live image magnification.,,X,kind equipment,Procure,04 Physical,,,,,,45121500,5500,,Expense,CC-VENUE,,XPMS 3.0 canon,Exact,Active,
5000.08.01-XPMS-006,5000.08.01,5000 Production,"5000.08 Broadcast, Capture & Streaming",Cameras & Capture,Camera Operator,Camera Operator,labor,each,Standard,"Operated camera position for IMAG, capture, or broadcast; 10-hr day.",,Y,kind labor,Operate,05 Experiential,,,,,,,5500,,Expense,CC-VENUE,,XPMS 3.0 canon,Exact,Proposed,
5000.08.01-XPMS-008,5000.08.01,5000 Production,"5000.08 Broadcast, Capture & Streaming",Cameras & Capture,Capture & Broadcast Design,Capture & Broadcast Design,service,each,Standard,"Specification of camera positions, capture formats, audio splits, redundancy and delivery paths for post-event content. Amplification cannot be retrofitted: a camera position not designed in is unrecoverable after doors.",,Y,kind service,Scope,05 Experiential,,,,,,,5500,,Expense,CC-VENUE,,XPMS 3.0 canon,Exact,Proposed,
5000.08.01-XPMS-007,5000.08.01,5000 Production,"5000.08 Broadcast, Capture & Streaming",Cameras & Capture,Drone Aerial Capture Package,Drone Aerial Capture Package,service,each,Standard,"Part 107 pilot with cinema drone, permits, and insurance for aerial capture.",,Y,kind service,Operate,05 Experiential,,,,,,,5500,,Expense,CC-VENUE,,XPMS 3.0 canon,Exact,Proposed,
5000.08.01-XPMS-002,5000.08.01,5000 Production,"5000.08 Broadcast, Capture & Streaming",Cameras & Capture,Livestream Package,Livestream Package,equipment,each,Standard,Complete livestream setup with encoding and CDN delivery.,,X,kind equipment,Procure,04 Physical,,,,,,45121500,5500,,Expense,CC-VENUE,,XPMS 3.0 canon,Exact,Active,
5000.08.01-XPMS-004,5000.08.01,5000 Production,"5000.08 Broadcast, Capture & Streaming",Cameras & Capture,PTZ Camera Kit,PTZ Camera Kit,equipment,each,Standard,Pan-tilt-zoom broadcast camera with controller and SDI/NDI output.,,X,kind equipment,Operate,05 Experiential,,,,,,,5500,,Expense,CC-VENUE,,XPMS 3.0 canon,Exact,Proposed,
5000.08.01-XPMS-005,5000.08.01,5000 Production,"5000.08 Broadcast, Capture & Streaming",Cameras & Capture,Redundant Streaming Encoder Kit,Redundant Streaming Encoder Kit,equipment,each,Standard,Bonded-cellular or dual-path encoder kit for broadcast-grade streaming.,,X,kind equipment,Operate,02 Digital,,,,,,,5500,,Expense,CC-VENUE,,XPMS 3.0 canon,Exact,Proposed,
5000.08.01-XPMS-003,5000.08.01,5000 Production,"5000.08 Broadcast, Capture & Streaming",Cameras & Capture,Switcher - Video,Video Switcher,equipment,each,Standard,Live video switching system for multi-camera production.,,X,kind equipment,Procure,04 Physical,,,,,,45121500,5500,,Expense,CC-VENUE,,XPMS 3.0 canon,Exact,Active,
5000.09.01-XPMS-003,5000.09.01,5000 Production,5000.09 Show Control & Playback,Show Control & Playback,Cue Light & Calling System Kit,Cue Light & Calling System Kit,equipment,each,Standard,Stage-manager calling desk with cue light stations and backstage signaling.,,X,kind equipment,Operate,05 Experiential,,,,,,,5500,,Expense,CC-VENUE,,XPMS 3.0 canon,Exact,Proposed,
5000.09.01-XPMS-005,5000.09.01,5000 Production,5000.09 Show Control & Playback,Show Control & Playback,Playback Operator,Playback Operator,labor,each,Standard,"Operator for QLab / media-server playback, cue programming, and show execution; 10-hr day.",,Y,kind labor,Operate,05 Experiential,,,,,,,5500,,Expense,CC-VENUE,,XPMS 3.0 canon,Exact,Proposed,
5000.09.01-XPMS-004,5000.09.01,5000 Production,5000.09 Show Control & Playback,Show Control & Playback,SMPTE or MIDI Interface Kit,SMPTE / MIDI Interface Kit,equipment,each,Standard,"Interface and conversion kit linking timecode, MIDI show control, and OSC between systems.",,X,kind equipment,Operate,05 Experiential,,,,,,,5500,,Expense,CC-VENUE,,XPMS 3.0 canon,Exact,Proposed,
5000.09.01-XPMS-001,5000.09.01,5000 Production,5000.09 Show Control & Playback,Show Control & Playback,Show Control Computer - QLab Rig Redundant,Show Control Computer,equipment,each,Standard,"Primary plus hot-backup Mac playback rig with QLab licenses, audio and MIDI I/O.",,X,kind equipment,Operate,05 Experiential,,,,,,,5500,,Expense,CC-VENUE,,XPMS 3.0 canon,Exact,Proposed,
5000.09.01-XPMS-002,5000.09.01,5000 Production,5000.09 Show Control & Playback,Show Control & Playback,Timecode Generator & Distribution Kit,Timecode Generator & Distribution Kit,equipment,each,Standard,"SMPTE LTC generation and distribution to audio, lighting, video, and SFX departments.",,X,kind equipment,Operate,05 Experiential,,,,,,,5500,,Expense,CC-VENUE,,XPMS 3.0 canon,Exact,Proposed,
5000.10.01-XPMS-001,5000.10.01,5000 Production,5000.10 Backline & Instruments,DJ Equipment,DJ Booth - Freestanding,DJ Booth Furniture,equipment,each,Standard,"Freestanding DJ booth furniture with shelf, facade, and cable management.",4ft through 8ft width | With facade | Lit or unlit.,X,kind equipment,Procure,04 Physical,150.0,130.0,170.0,48,1 audio tech,52161505,5500,,Expense,CC-VENUE,2.x master catalog,XPMS 3.0 canon,Exact,Active,
5000.10.01-XPMS-002,5000.10.01,5000 Production,5000.10 Backline & Instruments,DJ Equipment,DJ Package - Premium,Premium DJ Package,equipment,each,Standard,"Premium DJ setup with 4 CDJs, flagship mixer, monitors, and booth.",4x Pioneer CDJ-3000 | Pioneer DJM-V10-LF | 2x Monitors | Custom booth.,X,kind equipment,Procure,04 Physical,2500.0,2125.0,2875.0,48,1 audio tech,52161505,5500,,Expense,CC-VENUE,2.x master catalog,XPMS 3.0 canon,Exact,Active,
5000.10.01-XPMS-003,5000.10.01,5000 Production,5000.10 Backline & Instruments,DJ Equipment,DJ Package - Standard,Standard DJ Package,equipment,each,Standard,"Complete DJ setup with 2 CDJs, mixer, monitor, and cabling.",2x Pioneer CDJ-3000 | Pioneer DJM-900NXS2 | 1x Monitor.,X,kind equipment,Procure,04 Physical,1000.0,850.0,1150.0,48,1 audio tech,52161505,5500,,Expense,CC-VENUE,2.x master catalog,XPMS 3.0 canon,Exact,Active,
5000.10.01-XPMS-004,5000.10.01,5000 Production,5000.10 Backline & Instruments,DJ Equipment,Turntable Package - Vinyl,Vinyl Turntable Package,equipment,each,Standard,Vinyl turntable DJ package with mixer and cartridges.,2x Technics SL-1200MK7 | Mixer | Cartridges | Slipmats.,X,kind equipment,Procure,04 Physical,600.0,500.0,700.0,48,1 audio tech,52161505,5500,,Expense,CC-VENUE,2.x master catalog,XPMS 3.0 canon,Exact,Active,
5000.10.02-XPMS-001,5000.10.02,5000 Production,5000.10 Backline & Instruments,Amplifiers & Cabinets,Amplifier - Bass,Bass Amplifier,equipment,each,Standard,Professional bass amplifier head and cabinet for live performance.,Various models and configurations.,X,kind equipment,Procure,04 Physical,150.0,130.0,170.0,168,1 backline tech,60131100,5500,,Expense,CC-VENUE,2.x master catalog,XPMS 3.0 canon,Exact,Active,
5000.10.02-XPMS-002,5000.10.02,5000 Production,5000.10 Backline & Instruments,Amplifiers & Cabinets,Amplifier - Guitar,Guitar Amplifier,equipment,each,Standard,Professional guitar amplifier head and cabinet for live performance.,Various models and configurations.,X,kind equipment,Procure,04 Physical,150.0,130.0,170.0,168,1 backline tech,60131100,5500,,Expense,CC-VENUE,2.x master catalog,XPMS 3.0 canon,Exact,Active,
5000.10.03-XPMS-001,5000.10.03,5000 Production,5000.10 Backline & Instruments,Drum Kits,Drum Kit - Acoustic,Acoustic Drum Kit,equipment,each,Standard,Professional acoustic drum kit for live performance.,Various brands and sizes.,X,kind equipment,Procure,04 Physical,350.0,300.0,400.0,168,1 backline tech,60131300,5500,,Expense,CC-VENUE,2.x master catalog,XPMS 3.0 canon,Exact,Active,
5000.10.03-XPMS-002,5000.10.03,5000 Production,5000.10 Backline & Instruments,Drum Kits,Drum Kit - Electronic,Electronic Drum Kit,equipment,each,Standard,Electronic drum kit with sound module and mesh pads.,Various models.,X,kind equipment,Procure,04 Physical,300.0,255.0,345.0,168,1 backline tech,60131300,5500,,Expense,CC-VENUE,2.x master catalog,XPMS 3.0 canon,Exact,Active,
5000.10.04-XPMS-001,5000.10.04,5000 Production,5000.10 Backline & Instruments,Miscellaneous Backline,Guitar or Bass - Rental,Rental Guitar or Bass,equipment,each,Standard,Rental guitar or bass for backline or emergency backup.,"Electric guitar, acoustic guitar, or bass guitar.",X,kind equipment,Procure,04 Physical,100.0,85.0,115.0,168,1 backline tech,60131400,5500,,Expense,CC-VENUE,2.x master catalog,XPMS 3.0 canon,Exact,Active,
5000.10.04-XPMS-002,5000.10.04,5000 Production,5000.10 Backline & Instruments,Miscellaneous Backline,Percussion Kit,Auxiliary Percussion Kit,equipment,each,Standard,Auxiliary percussion instruments for live performance.,"Congas, bongos, timbales, cajon, shakers, and bells.",X,kind equipment,Procure,04 Physical,175.0,150.0,200.0,168,1 backline tech,60131400,5500,,Expense,CC-VENUE,2.x master catalog,XPMS 3.0 canon,Exact,Active,
5000.10.04-XPMS-003,5000.10.04,5000 Production,5000.10 Backline & Instruments,Miscellaneous Backline,Stand - Music,Music Stand,equipment,each,Standard,Professional folding music stand with optional light.,"Standard, heavy-duty (orchestral), or conductor.",X,kind equipment,Procure,04 Physical,6.0,5.0,7.0,168,1 backline tech,60131400,5500,,Expense,CC-VENUE,2.x master catalog,XPMS 3.0 canon,Exact,Active,
5000.10.05-XPMS-001,5000.10.05,5000 Production,5000.10 Backline & Instruments,Keyboards & Controllers,Keyboard - Stage,Stage Keyboard,equipment,each,Standard,Professional stage keyboard or synthesizer.,Various models from leading manufacturers.,X,kind equipment,Procure,04 Physical,250.0,210.0,290.0,168,1 backline tech,60131200,5500,,Expense,CC-VENUE,2.x master catalog,XPMS 3.0 canon,Exact,Active,
5000.10.05-XPMS-002,5000.10.05,5000 Production,5000.10 Backline & Instruments,Keyboards & Controllers,Stand - Keyboard,Keyboard Stand,equipment,each,Standard,Professional keyboard stand for stage use.,"X-stand, Z-stand (column), A-frame, or double-tier.",X,kind equipment,Procure,04 Physical,20.0,17.0,23.0,168,1 backline tech,60131200,5500,,Expense,CC-VENUE,2.x master catalog,XPMS 3.0 canon,Exact,Active,
5000.50.01-XOS-001,5000.50.01,5000 Production,5000.50 Production Leadership,Venue production management,Venue Production Management,,service,lump sum,Standard,Representative line for venue production management so the category can carry cost. Replace with the specific item on award.,,Y,kind service,Procure,04 Physical,,,,,,,5500,,Expense,CC-VENUE,,XOS 4.0 gap fill,Representative,Proposed,5000.50.01-XOS-001
5000.50.02-XOS-001,5000.50.02,5000 Production,5000.50 Production Leadership,Event production management,Event Production Management,,service,lump sum,Standard,Representative line for event production management so the category can carry cost. Replace with the specific item on award.,,Y,kind service,Procure,04 Physical,,,,,,,5500,,Expense,CC-VENUE,,XOS 4.0 gap fill,Representative,Proposed,5000.50.02-XOS-001
5000.51.01-XOS-001,5000.51.01,5000 Production,5000.51 Stage Crew,Stagehand,Stagehand,,service,lump sum,Standard,Representative line for stagehand so the category can carry cost. Replace with the specific item on award.,,Y,kind service,Procure,04 Physical,,,,,,,5500,,Expense,CC-VENUE,,XOS 4.0 gap fill,Representative,Proposed,5000.51.01-XOS-001
5000.51.02-XOS-001,5000.51.02,5000 Production,5000.51 Stage Crew,Rigging,Rigging,,service,lump sum,Standard,Representative line for rigging so the category can carry cost. Replace with the specific item on award.,,Y,kind service,Procure,04 Physical,,,,,,,5500,,Expense,CC-VENUE,,XOS 4.0 gap fill,Representative,Proposed,5000.51.02-XOS-001
5000.52.01-XOS-001,5000.52.01,5000 Production,5000.52 Production Supply,Equipment rental,Equipment Rental,,service,lump sum,Standard,Representative line for equipment rental so the category can carry cost. Replace with the specific item on award.,,Y,kind service,Procure,04 Physical,,,,,,,5500,,Expense,CC-VENUE,,XOS 4.0 gap fill,Representative,Proposed,5000.52.01-XOS-001
5000.52.02-XOS-001,5000.52.02,5000 Production,5000.52 Production Supply,Trucking and logistics,Trucking and Logistics,,service,lump sum,Standard,Representative line for trucking and logistics so the category can carry cost. Replace with the specific item on award.,,Y,kind service,Procure,04 Physical,,,,,,,5500,,Expense,CC-VENUE,,XOS 4.0 gap fill,Representative,Proposed,5000.52.02-XOS-001
5000.52.03-XOS-001,5000.52.03,5000 Production,5000.52 Production Supply,Rigging engineering,Rigging Engineering,,service,lump sum,Standard,Representative line for rigging engineering so the category can carry cost. Replace with the specific item on award.,,Y,kind service,Procure,04 Physical,,,,,,,5500,,Expense,CC-VENUE,,XOS 4.0 gap fill,Representative,Proposed,5000.52.03-XOS-001
5000.60.01-XOS-001,5000.60.01,5000 Production,5000.60 Production Ramp-Up Program,Scope activities,Scope Activities · Production,,service,lump sum,Standard,Representative line for scope activities so the category can carry cost. Replace with the specific item on award.,,Y,kind service,Scope,04 Physical,,,,,,,5500,,Expense,CC-E00,,XOS 4.0 gap fill,Representative,Proposed,5000.60.01-XOS-001
5000.60.02-XOS-001,5000.60.02,5000 Production,5000.60 Production Ramp-Up Program,Engage activities,Engage Activities · Production,,service,lump sum,Standard,Representative line for engage activities so the category can carry cost. Replace with the specific item on award.,,Y,kind service,Engage,04 Physical,,,,,,,5500,,Expense,CC-E00,,XOS 4.0 gap fill,Representative,Proposed,5000.60.02-XOS-001
5000.60.03-XOS-001,5000.60.03,5000 Production,5000.60 Production Ramp-Up Program,Advance activities,Advance Activities · Production,,service,lump sum,Standard,Representative line for advance activities so the category can carry cost. Replace with the specific item on award.,,Y,kind service,Advance,04 Physical,,,,,,,5500,,Expense,CC-E00,,XOS 4.0 gap fill,Representative,Proposed,5000.60.03-XOS-001
5000.60.04-XOS-001,5000.60.04,5000 Production,5000.60 Production Ramp-Up Program,Procure activities,Procure Activities · Production,,service,lump sum,Standard,Representative line for procure activities so the category can carry cost. Replace with the specific item on award.,,Y,kind service,Procure,04 Physical,,,,,,,5500,,Expense,CC-E00,,XOS 4.0 gap fill,Representative,Proposed,5000.60.04-XOS-001
5000.60.05-XOS-001,5000.60.05,5000 Production,5000.60 Production Ramp-Up Program,Build activities,Build Activities · Production,,service,lump sum,Standard,Representative line for build activities so the category can carry cost. Replace with the specific item on award.,,Y,kind service,Build,04 Physical,,,,,,,5500,,Expense,CC-E00,,XOS 4.0 gap fill,Representative,Proposed,5000.60.05-XOS-001
5000.60.06-XOS-001,5000.60.06,5000 Production,5000.60 Production Ramp-Up Program,Install activities,Install Activities · Production,,service,lump sum,Standard,Representative line for install activities so the category can carry cost. Replace with the specific item on award.,,Y,kind service,Install,04 Physical,,,,,,,5500,,Expense,CC-E00,,XOS 4.0 gap fill,Representative,Proposed,5000.60.06-XOS-001
5000.60.07-XOS-001,5000.60.07,5000 Production,5000.60 Production Ramp-Up Program,Operate activities,Operate Activities · Production,,service,lump sum,Standard,Representative line for operate activities so the category can carry cost. Replace with the specific item on award.,,Y,kind service,Operate,04 Physical,,,,,,,5500,,Expense,CC-E00,,XOS 4.0 gap fill,Representative,Proposed,5000.60.07-XOS-001
5000.60.08-XOS-001,5000.60.08,5000 Production,5000.60 Production Ramp-Up Program,Amplify activities,Amplify Activities · Production,,service,lump sum,Standard,Representative line for amplify activities so the category can carry cost. Replace with the specific item on award.,,Y,kind service,Amplify,04 Physical,,,,,,,5500,,Expense,CC-E00,,XOS 4.0 gap fill,Representative,Proposed,5000.60.08-XOS-001
5000.60.09-XOS-001,5000.60.09,5000 Production,5000.60 Production Ramp-Up Program,Close activities,Close Activities · Production,,service,lump sum,Standard,Representative line for close activities so the category can carry cost. Replace with the specific item on award.,,Y,kind service,Close,04 Physical,,,,,,,5500,,Expense,CC-E00,,XOS 4.0 gap fill,Representative,Proposed,5000.60.09-XOS-001
6000.01.01-XOS-001,6000.01.01,4000 Environment,6000.01 Event Operations & Production Management,Production Management,Bar Furniture · Base,"FF&E Finishes, Accents & Accessories",experience,each,Base,Standard highboy cocktail tables and bar stools.,Zone: Main Stage and Bar. Tier fit: T1; T4. Upgrades: LED / illuminated bar base. Add-ons: Backbar shelving display. Substitutions: Communal bar rail.,Y,kind experience,Build,04 Physical,,,,,,,5600,,Expense,CC-VENUE,,Catalog Framework · Architecture (Sight),Department fallback,Proposed,SGT-23
6000.01.01-XOS-002,6000.01.01,4000 Environment,6000.01 Event Operations & Production Management,Production Management,Bar Furniture · Elevated,"FF&E Finishes, Accents & Accessories",experience,each,Elevated,Designer highboys with linen or LED bases and upholstered stools.,Zone: Main Stage and Bar. Tier fit: T1; T4. Upgrades: LED / illuminated bar base. Add-ons: Backbar shelving display. Substitutions: Communal bar rail.,Y,kind experience,Build,04 Physical,,,,,,,5600,,Expense,CC-VENUE,,Catalog Framework · Architecture (Sight),Department fallback,Proposed,SGT-23
6000.01.01-XOS-003,6000.01.01,4000 Environment,6000.01 Event Operations & Production Management,Production Management,Bar Furniture · Premium,"FF&E Finishes, Accents & Accessories",experience,each,Premium,"Custom bar facades with stone tops, integrated lighting, and sculptural stools.",Zone: Main Stage and Bar. Tier fit: T1; T4. Upgrades: LED / illuminated bar base. Add-ons: Backbar shelving display. Substitutions: Communal bar rail.,Y,kind experience,Build,04 Physical,,,,,,,5600,,Expense,CC-VENUE,,Catalog Framework · Architecture (Sight),Department fallback,Proposed,SGT-23
6000.01.01-XPMS-001,6000.01.01,6000 Operations,6000.01 Event Operations & Production Management,Production Management,Caller - Show,Show Caller,labor,each,Standard,"Calls cues for multi-element shows including lighting, video, audio, and pyro.",Show-critical | Headset and intercom | Script and cue sheet.,Y,kind labor,Operate,04 Physical,500.0,425.0,575.0,72,1 person,80111600,5600,,Expense,CC-VENUE,2.x master catalog,XPMS 3.0 canon,Exact,Active,
6000.01.01-XPMS-012,6000.01.01,6000 Operations,6000.01 Event Operations & Production Management,Production Management,Cleaning or Waste,Cleaning / waste,package,each,Standard,Operations · Cleaning / waste.,,X,default: a nameable resource,Operate,04 Physical,,,,,,,5600,,Expense,CC-VENUE,,XPMS 3.0 canon,Exact,Proposed,
6000.01.01-XOS-004,6000.01.01,6000 Operations,6000.01 Event Operations & Production Management,Production Management,Cocktail or Standing Reception Flow · Base,Floor Plan,experience,each,Base,"Open standing layout, scattered highboys, bar-forward circulation for 80; 150.",Zone: All Zones. Tier fit: T1; T4. Upgrades: Timed zone reveal lighting. Add-ons: Coat / bag check stand. Substitutions: Seated dinner layout.,Y,kind experience,Scope,04 Physical,,,,,,,5600,,Expense,CC-VENUE,,Catalog Framework · Architecture (Sight),Department fallback,Proposed,SGT-07
6000.01.01-XOS-005,6000.01.01,6000 Operations,6000.01 Event Operations & Production Management,Production Management,Cocktail or Standing Reception Flow · Elevated,Floor Plan,experience,each,Elevated,"Zoned standing layout with lounge islands, two bar positions, and a defined dance core.",Zone: All Zones. Tier fit: T1; T4. Upgrades: Timed zone reveal lighting. Add-ons: Coat / bag check stand. Substitutions: Seated dinner layout.,Y,kind experience,Scope,04 Physical,,,,,,,5600,,Expense,CC-VENUE,,Catalog Framework · Architecture (Sight),Department fallback,Proposed,SGT-07
6000.01.01-XOS-006,6000.01.01,6000 Operations,6000.01 Event Operations & Production Management,Production Management,Cocktail or Standing Reception Flow · Premium,Floor Plan,experience,each,Premium,"Choreographed reveal flow: arrival lounge to main reveal to after-room, with timed zone activation.",Zone: All Zones. Tier fit: T1; T4. Upgrades: Timed zone reveal lighting. Add-ons: Coat / bag check stand. Substitutions: Seated dinner layout.,Y,kind experience,Scope,04 Physical,,,,,,,5600,,Expense,CC-VENUE,,Catalog Framework · Architecture (Sight),Department fallback,Proposed,SGT-07
6000.01.01-XOS-007,6000.01.01,4000 Environment,6000.01 Event Operations & Production Management,Production Management,Decor Accessories & Objets · Base,"FF&E Finishes, Accents & Accessories",experience,each,Base,"Candles, simple vessels, and basic table accents.",Zone: All Zones. Tier fit: T2; T4. Upgrades: Sculptural prop package. Add-ons: Artist-themed objet set. Substitutions: No accessory styling.,Y,kind experience,Build,04 Physical,,,,,,,5600,,Expense,CC-VENUE,,Catalog Framework · Architecture (Sight),Department fallback,Proposed,SGT-27
6000.01.01-XOS-008,6000.01.01,4000 Environment,6000.01 Event Operations & Production Management,Production Management,Decor Accessories & Objets · Elevated,"FF&E Finishes, Accents & Accessories",experience,each,Elevated,"Curated objets, books, trays, and layered tabletop styling.",Zone: All Zones. Tier fit: T2; T4. Upgrades: Sculptural prop package. Add-ons: Artist-themed objet set. Substitutions: No accessory styling.,Y,kind experience,Build,04 Physical,,,,,,,5600,,Expense,CC-VENUE,,Catalog Framework · Architecture (Sight),Department fallback,Proposed,SGT-27
6000.01.01-XOS-009,6000.01.01,4000 Environment,6000.01 Event Operations & Production Management,Production Management,Decor Accessories & Objets · Premium,"FF&E Finishes, Accents & Accessories",experience,each,Premium,"Gallery-grade props, sculptural objects, and bespoke styling kit per zone.",Zone: All Zones. Tier fit: T2; T4. Upgrades: Sculptural prop package. Add-ons: Artist-themed objet set. Substitutions: No accessory styling.,Y,kind experience,Build,04 Physical,,,,,,,5600,,Expense,CC-VENUE,,Catalog Framework · Architecture (Sight),Department fallback,Proposed,SGT-27
6000.01.01-XOS-010,6000.01.01,4000 Environment,6000.01 Event Operations & Production Management,Production Management,Dining Tables & Chairs · Base,"FF&E Finishes, Accents & Accessories",experience,each,Base,House banquet tables with chiavari or folding chairs.,Zone: El Patio. Tier fit: T2; T4. Upgrades: Custom tabletops; statement chairs. Add-ons: Head-table feature build. Substitutions: Communal long benches.,Y,kind experience,Build,04 Physical,,,,,,,5600,,Expense,CC-VENUE,,Catalog Framework · Architecture (Sight),Department fallback,Proposed,SGT-24
6000.01.01-XOS-011,6000.01.01,4000 Environment,6000.01 Event Operations & Production Management,Production Management,Dining Tables & Chairs · Elevated,"FF&E Finishes, Accents & Accessories",experience,each,Elevated,Designer dining tables with upholstered chairs and layered linen.,Zone: El Patio. Tier fit: T2; T4. Upgrades: Custom tabletops; statement chairs. Add-ons: Head-table feature build. Substitutions: Communal long benches.,Y,kind experience,Build,04 Physical,,,,,,,5600,,Expense,CC-VENUE,,Catalog Framework · Architecture (Sight),Department fallback,Proposed,SGT-24
6000.01.01-XOS-012,6000.01.01,4000 Environment,6000.01 Event Operations & Production Management,Production Management,Dining Tables & Chairs · Premium,"FF&E Finishes, Accents & Accessories",experience,each,Premium,Bespoke tables with stone/wood tops and statement chairs.,Zone: El Patio. Tier fit: T2; T4. Upgrades: Custom tabletops; statement chairs. Add-ons: Head-table feature build. Substitutions: Communal long benches.,Y,kind experience,Build,04 Physical,,,,,,,5600,,Expense,CC-VENUE,,Catalog Framework · Architecture (Sight),Department fallback,Proposed,SGT-24
6000.01.01-XPMS-002,6000.01.01,6000 Operations,6000.01 Event Operations & Production Management,Production Management,Director - Technical,Technical Director,labor,each,Standard,"Overall technical production lead, system design and oversight.",Full-day | Pre-production plus show | Cross-department technical authority.,Y,kind labor,Operate,04 Physical,1000.0,850.0,1150.0,72,1 person,80111600,5600,,Expense,CC-VENUE,2.x master catalog,XPMS 3.0 canon,Exact,Active,
6000.01.01-XOS-013,6000.01.01,4000 Environment,6000.01 Event Operations & Production Management,Production Management,Drape & Soft Goods · Base,"FF&E Finishes, Accents & Accessories",experience,each,Base,Black or white pipe-and-drape masking where needed.,Zone: Main Stage and Bar. Tier fit: T1; T4. Upgrades: Swagged ceiling; printed fabric. Add-ons: Fire-rated upgrade. Substitutions: Hard scenic walls.,Y,kind experience,Build,04 Physical,,,,,,,5600,,Expense,CC-VENUE,,Catalog Framework · Architecture (Sight),Department fallback,Proposed,SGT-26
6000.01.01-XOS-014,6000.01.01,4000 Environment,6000.01 Event Operations & Production Management,Production Management,Drape & Soft Goods · Elevated,"FF&E Finishes, Accents & Accessories",experience,each,Elevated,Color-matched velour or sheer drape with valance treatments.,Zone: Main Stage and Bar. Tier fit: T1; T4. Upgrades: Swagged ceiling; printed fabric. Add-ons: Fire-rated upgrade. Substitutions: Hard scenic walls.,Y,kind experience,Build,04 Physical,,,,,,,5600,,Expense,CC-VENUE,,Catalog Framework · Architecture (Sight),Department fallback,Proposed,SGT-26
6000.01.01-XOS-015,6000.01.01,4000 Environment,6000.01 Event Operations & Production Management,Production Management,Drape & Soft Goods · Premium,"FF&E Finishes, Accents & Accessories",experience,each,Premium,"Sculptural soft-good installations, swagged ceilings, and printed fabric features.",Zone: Main Stage and Bar. Tier fit: T1; T4. Upgrades: Swagged ceiling; printed fabric. Add-ons: Fire-rated upgrade. Substitutions: Hard scenic walls.,Y,kind experience,Build,04 Physical,,,,,,,5600,,Expense,CC-VENUE,,Catalog Framework · Architecture (Sight),Department fallback,Proposed,SGT-26
6000.01.01-XOS-016,6000.01.01,6000 Operations,6000.01 Event Operations & Production Management,Production Management,El Patio Outdoor Configuration · Base,Floor Plan,experience,each,Base,"Open patio with string lights, scattered cocktail seating, and a corner DJ position.",Zone: El Patio. Tier fit: T1; T4. Upgrades: Tented canopy; fire/water feature. Add-ons: Misting / climate fans. Substitutions: Indoor sanctuary configuration.,Y,kind experience,Scope,04 Physical,,,,,,,5600,,Expense,CC-VENUE,,Catalog Framework · Architecture (Sight),Department fallback,Proposed,SGT-10
6000.01.01-XOS-017,6000.01.01,6000 Operations,6000.01 Event Operations & Production Management,Production Management,El Patio Outdoor Configuration · Elevated,Floor Plan,experience,each,Elevated,"Patio lounge with sectionals, shade structures, planters, and a built DJ booth.",Zone: El Patio. Tier fit: T1; T4. Upgrades: Tented canopy; fire/water feature. Add-ons: Misting / climate fans. Substitutions: Indoor sanctuary configuration.,Y,kind experience,Scope,04 Physical,,,,,,,5600,,Expense,CC-VENUE,,Catalog Framework · Architecture (Sight),Department fallback,Proposed,SGT-10
6000.01.01-XOS-018,6000.01.01,6000 Operations,6000.01 Event Operations & Production Management,Production Management,El Patio Outdoor Configuration · Premium,Floor Plan,experience,each,Premium,"Full patio transformation: tented canopy, layered lounge terraces, water/fire features, and golden-hour stage.",Zone: El Patio. Tier fit: T1; T4. Upgrades: Tented canopy; fire/water feature. Add-ons: Misting / climate fans. Substitutions: Indoor sanctuary configuration.,Y,kind experience,Scope,04 Physical,,,,,,,5600,,Expense,CC-VENUE,,Catalog Framework · Architecture (Sight),Department fallback,Proposed,SGT-10
6000.01.01-XPMS-009,6000.01.01,6000 Operations,6000.01 Event Operations & Production Management,Production Management,Facilities & Maintenance Tech,Facilities & Maintenance Tech,opex,each,Standard,Operations · Facilities and Maintenance Tech.,,X,default: a nameable resource,Operate,04 Physical,,,,,,,5600,,Expense,CC-VENUE,,XPMS 3.0 canon,Exact,Proposed,
6000.01.01-XOS-019,6000.01.01,4000 Environment,6000.01 Event Operations & Production Management,Production Management,Floral Arrangements · Base,Greenery & Planters,experience,each,Base,Simple bud vases on bars and tables.,Zone: All Zones. Tier fit: T1; T4. Upgrades: Statement installs; daily refresh. Add-ons: Artist-themed bloom selection. Substitutions: Greenery-only arrangements.,Y,kind experience,Build,04 Physical,,,,,,,5600,,Expense,CC-VENUE,,Catalog Framework · Architecture (Sight),Department fallback,Proposed,SGT-46
6000.01.01-XOS-020,6000.01.01,4000 Environment,6000.01 Event Operations & Production Management,Production Management,Floral Arrangements · Elevated,Greenery & Planters,experience,each,Elevated,Designer floral arrangements per zone in the palette.,Zone: All Zones. Tier fit: T1; T4. Upgrades: Statement installs; daily refresh. Add-ons: Artist-themed bloom selection. Substitutions: Greenery-only arrangements.,Y,kind experience,Build,04 Physical,,,,,,,5600,,Expense,CC-VENUE,,Catalog Framework · Architecture (Sight),Department fallback,Proposed,SGT-46
6000.01.01-XOS-021,6000.01.01,4000 Environment,6000.01 Event Operations & Production Management,Production Management,Floral Arrangements · Premium,Greenery & Planters,experience,each,Premium,Statement floral installations with daily fresh refresh.,Zone: All Zones. Tier fit: T1; T4. Upgrades: Statement installs; daily refresh. Add-ons: Artist-themed bloom selection. Substitutions: Greenery-only arrangements.,Y,kind experience,Build,04 Physical,,,,,,,5600,,Expense,CC-VENUE,,Catalog Framework · Architecture (Sight),Department fallback,Proposed,SGT-46
6000.01.01-XOS-022,6000.01.01,4000 Environment,6000.01 Event Operations & Production Management,Production Management,Hanging or Vertical Garden · Base,Greenery & Planters,experience,each,Base,A few hanging plants over a single zone.,Zone: Exhibition Room. Tier fit: T2; T4. Upgrades: Living wall + irrigation. Add-ons: Preserved-moss panel. Substitutions: Floral wall instead.,Y,kind experience,Build,04 Physical,,,,,,,5600,,Expense,CC-VENUE,,Catalog Framework · Architecture (Sight),Department fallback,Proposed,SGT-45
6000.01.01-XOS-023,6000.01.01,4000 Environment,6000.01 Event Operations & Production Management,Production Management,Hanging or Vertical Garden · Elevated,Greenery & Planters,experience,each,Elevated,Designed vertical greenery wall or hanging cluster.,Zone: Exhibition Room. Tier fit: T2; T4. Upgrades: Living wall + irrigation. Add-ons: Preserved-moss panel. Substitutions: Floral wall instead.,Y,kind experience,Build,04 Physical,,,,,,,5600,,Expense,CC-VENUE,,Catalog Framework · Architecture (Sight),Department fallback,Proposed,SGT-45
6000.01.01-XOS-024,6000.01.01,4000 Environment,6000.01 Event Operations & Production Management,Production Management,Hanging or Vertical Garden · Premium,Greenery & Planters,experience,each,Premium,Engineered living wall with irrigation and integrated lighting.,Zone: Exhibition Room. Tier fit: T2; T4. Upgrades: Living wall + irrigation. Add-ons: Preserved-moss panel. Substitutions: Floral wall instead.,Y,kind experience,Build,04 Physical,,,,,,,5600,,Expense,CC-VENUE,,Catalog Framework · Architecture (Sight),Department fallback,Proposed,SGT-45
6000.01.01-XPMS-008,6000.01.01,6000 Operations,6000.01 Event Operations & Production Management,Production Management,Janitorial & Cleaning (base),Janitorial & Cleaning,opex,each,Standard,Operations · Janitorial and Cleaning (base).,,X,default: a nameable resource,Operate,04 Physical,,,,,,,5600,,Expense,CC-VENUE,,XPMS 3.0 canon,Exact,Proposed,
6000.01.01-XOS-025,6000.01.01,6000 Operations,6000.01 Event Operations & Production Management,Production Management,Listening Room or Salon · Base,Floor Plan,experience,each,Base,Lounge-seating semicircle facing a small performer pocket; carpet and warm lamps.,Zone: Exhibition Room. Tier fit: T1; T3. Upgrades: Spatial-audio seat array; vinyl wall. Add-ons: Headphone listening stations. Substitutions: Box theater.,Y,kind experience,Scope,05 Experiential,,,,,,,5600,,Expense,CC-VENUE,,Catalog Framework · Architecture (Sight),Department fallback,Proposed,SGT-09
6000.01.01-XOS-026,6000.01.01,6000 Operations,6000.01 Event Operations & Production Management,Production Management,Listening Room or Salon · Elevated,Floor Plan,experience,each,Elevated,"Layered lounge salon with rugs, side tables, and an intimate elevated performer nook.",Zone: Exhibition Room. Tier fit: T1; T3. Upgrades: Spatial-audio seat array; vinyl wall. Add-ons: Headphone listening stations. Substitutions: Box theater.,Y,kind experience,Scope,05 Experiential,,,,,,,5600,,Expense,CC-VENUE,,Catalog Framework · Architecture (Sight),Department fallback,Proposed,SGT-09
6000.01.01-XOS-027,6000.01.01,6000 Operations,6000.01 Event Operations & Production Management,Production Management,Listening Room or Salon · Premium,Floor Plan,experience,each,Premium,"Acoustically tuned salon with tiered lounge terracing, vinyl wall, and spatial-audio listening seats.",Zone: Exhibition Room. Tier fit: T1; T3. Upgrades: Spatial-audio seat array; vinyl wall. Add-ons: Headphone listening stations. Substitutions: Box theater.,Y,kind experience,Scope,05 Experiential,,,,,,,5600,,Expense,CC-VENUE,,Catalog Framework · Architecture (Sight),Department fallback,Proposed,SGT-09
6000.01.01-XPMS-014,6000.01.01,6000 Operations,6000.01 Event Operations & Production Management,Production Management,Logistics or Freight,Logistics / freight,package,each,Standard,Operations · Logistics / freight.,,Z,name signals logistics or timeline,Operate,04 Physical,,,,,,,5600,,Expense,CC-VENUE,,XPMS 3.0 canon,Exact,Proposed,
6000.01.01-XOS-028,6000.01.01,4000 Environment,6000.01 Event Operations & Production Management,Production Management,Lounge Seating · Base,"FF&E Finishes, Accents & Accessories",experience,each,Base,House sofas and club chairs in neutral upholstery; standard rental.,Zone: El Patio. Tier fit: T1; T4. Upgrades: Custom upholstery; bespoke build. Add-ons: Ottoman / pouf clusters. Substitutions: Banquette built-ins.,Y,kind experience,Build,04 Physical,,,,,,,5600,,Expense,CC-VENUE,,Catalog Framework · Architecture (Sight),Department fallback,Proposed,SGT-22
6000.01.01-XOS-029,6000.01.01,4000 Environment,6000.01 Event Operations & Production Management,Production Management,Lounge Seating · Elevated,"FF&E Finishes, Accents & Accessories",experience,each,Elevated,Designer modular sectionals with accent armchairs and curated palette.,Zone: El Patio. Tier fit: T1; T4. Upgrades: Custom upholstery; bespoke build. Add-ons: Ottoman / pouf clusters. Substitutions: Banquette built-ins.,Y,kind experience,Build,04 Physical,,,,,,,5600,,Expense,CC-VENUE,,Catalog Framework · Architecture (Sight),Department fallback,Proposed,SGT-22
6000.01.01-XOS-030,6000.01.01,4000 Environment,6000.01 Event Operations & Production Management,Production Management,Lounge Seating · Premium,"FF&E Finishes, Accents & Accessories",experience,each,Premium,Custom-built or premium-brand lounge sets with bespoke upholstery and silhouettes.,Zone: El Patio. Tier fit: T1; T4. Upgrades: Custom upholstery; bespoke build. Add-ons: Ottoman / pouf clusters. Substitutions: Banquette built-ins.,Y,kind experience,Build,04 Physical,,,,,,,5600,,Expense,CC-VENUE,,Catalog Framework · Architecture (Sight),Department fallback,Proposed,SGT-22
6000.01.01-XPMS-010,6000.01.01,6000 Operations,6000.01 Event Operations & Production Management,Production Management,Maintenance & Repairs Reserve,Maintenance & Repairs Reserve,opex,each,Standard,Operations · Maintenance and Repairs Reserve.,,X,default: a nameable resource,Operate,04 Physical,,,,,,,5600,,Expense,CC-VENUE,,XPMS 3.0 canon,Exact,Proposed,
6000.01.01-XPMS-003,6000.01.01,6000 Operations,6000.01 Event Operations & Production Management,Production Management,Manager - Production,Production Manager,labor,each,Standard,"Overall production operations lead, manages crew and timeline.",Full-day (10 to 12hr) | Pre-production plus show days | Cross-departmental authority.,Y,kind labor,Operate,04 Physical,800.0,675.0,925.0,72,1 person,80111600,5600,,Expense,CC-VENUE,2.x master catalog,XPMS 3.0 canon,Exact,Active,
6000.01.01-XPMS-004,6000.01.01,6000 Operations,6000.01 Event Operations & Production Management,Production Management,Manager - Site Operations,Site Operations Manager,labor,each,Standard,"On-site operations lead for logistics, infrastructure, and site flow.",Full-day | Multi-day build plus show | Site-wide authority.,Y,kind labor,Operate,04 Physical,700.0,600.0,800.0,72,1 person,80111600,5600,,Expense,CC-VENUE,2.x master catalog,XPMS 3.0 canon,Exact,Active,
6000.01.01-XPMS-005,6000.01.01,6000 Operations,6000.01 Event Operations & Production Management,Production Management,Manager - Stage,Stage Manager,labor,each,Standard,"Manages stage flow, artist changeovers, and show calling.",Full-day | Show-critical | All-department communications.,Y,kind labor,Operate,04 Physical,650.0,550.0,750.0,72,1 person,80111600,5600,,Expense,CC-VENUE,2.x master catalog,XPMS 3.0 canon,Exact,Active,
6000.01.01-XPMS-013,6000.01.01,6000 Operations,6000.01 Event Operations & Production Management,Production Management,Medical (EMT),Medical,service,each,Standard,Operations · Medical (EMT).,,Y,kind service,Operate,04 Physical,,,,,,,5600,,Expense,CC-VENUE,,XPMS 3.0 canon,Exact,Proposed,
6000.01.01-XPMS-018,6000.01.01,6000 Operations,6000.01 Event Operations & Production Management,Production Management,Operational Plan & Run of Show Development,Operational Plan & Run of Show Development,service,each,Standard,"Development of the operational plan: run of show, crew calls, changeover choreography, contingency and escalation. The document the show is actually run from.",,Y,kind service,Scope,05 Experiential,,,,,,,5600,,Expense,CC-VENUE,,XPMS 3.0 canon,Exact,Proposed,
6000.01.01-XOS-031,6000.01.01,4000 Environment,6000.01 Event Operations & Production Management,Production Management,Potted Floor Plants · Base,Greenery & Planters,experience,each,Base,Rental potted palms and greenery at key corners.,Zone: El Patio. Tier fit: T1; T4. Upgrades: Specimen trees; bespoke planters. Add-ons: Uplit planter package. Substitutions: Faux greenery substitution.,Y,kind experience,Build,04 Physical,,,,,,,5600,,Expense,CC-VENUE,,Catalog Framework · Architecture (Sight),Department fallback,Proposed,SGT-44
6000.01.01-XOS-032,6000.01.01,4000 Environment,6000.01 Event Operations & Production Management,Production Management,Potted Floor Plants · Elevated,Greenery & Planters,experience,each,Elevated,Curated potted-plant program with designer planters in palette.,Zone: El Patio. Tier fit: T1; T4. Upgrades: Specimen trees; bespoke planters. Add-ons: Uplit planter package. Substitutions: Faux greenery substitution.,Y,kind experience,Build,04 Physical,,,,,,,5600,,Expense,CC-VENUE,,Catalog Framework · Architecture (Sight),Department fallback,Proposed,SGT-44
6000.01.01-XOS-033,6000.01.01,4000 Environment,6000.01 Event Operations & Production Management,Production Management,Potted Floor Plants · Premium,Greenery & Planters,experience,each,Premium,Large specimen plants and trees in bespoke planters throughout.,Zone: El Patio. Tier fit: T1; T4. Upgrades: Specimen trees; bespoke planters. Add-ons: Uplit planter package. Substitutions: Faux greenery substitution.,Y,kind experience,Build,04 Physical,,,,,,,5600,,Expense,CC-VENUE,,Catalog Framework · Architecture (Sight),Department fallback,Proposed,SGT-44
6000.01.01-XOS-034,6000.01.01,6000 Operations,6000.01 Event Operations & Production Management,Production Management,Restroom or ADA or Regulatory · Base,Venue Signage,experience,each,Base,Printed restroom and capacity/occupancy signage to code.,Zone: All Zones. Tier fit: T1; T4. Upgrades: Dimensional restroom ID. Add-ons: Bilingual (EN/ES) set. Substitutions: Standard code-only signage.,Y,kind experience,Build,04 Physical,,,,,,,5600,,Expense,CC-VENUE,,Catalog Framework · Architecture (Sight),Department fallback,Proposed,SGT-18
6000.01.01-XOS-035,6000.01.01,6000 Operations,6000.01 Event Operations & Production Management,Production Management,Restroom or ADA or Regulatory · Elevated,Venue Signage,experience,each,Elevated,Branded restroom and regulatory signage on rigid substrate.,Zone: All Zones. Tier fit: T1; T4. Upgrades: Dimensional restroom ID. Add-ons: Bilingual (EN/ES) set. Substitutions: Standard code-only signage.,Y,kind experience,Build,04 Physical,,,,,,,5600,,Expense,CC-VENUE,,Catalog Framework · Architecture (Sight),Department fallback,Proposed,SGT-18
6000.01.01-XOS-036,6000.01.01,6000 Operations,6000.01 Event Operations & Production Management,Production Management,Restroom or ADA or Regulatory · Premium,Venue Signage,experience,each,Premium,Dimensional restroom identity and discreet code signage matched to the design system.,Zone: All Zones. Tier fit: T1; T4. Upgrades: Dimensional restroom ID. Add-ons: Bilingual (EN/ES) set. Substitutions: Standard code-only signage.,Y,kind experience,Build,04 Physical,,,,,,,5600,,Expense,CC-VENUE,,Catalog Framework · Architecture (Sight),Department fallback,Proposed,SGT-18
6000.01.01-XOS-037,6000.01.01,6000 Operations,6000.01 Event Operations & Production Management,Production Management,Seated Dinner or Banquet · Base,Floor Plan,experience,each,Base,Rounds of 10 with house linen; head table near stage; basic place settings.,Zone: El Patio. Tier fit: T2; T4. Upgrades: Sculptural centerpieces; chef's table. Add-ons: Lounge after-dinner conversion. Substitutions: Family-style long tables.,Y,kind experience,Scope,04 Physical,,,,,,,5600,,Expense,CC-VENUE,,Catalog Framework · Architecture (Sight),Department fallback,Proposed,SGT-08
6000.01.01-XOS-038,6000.01.01,6000 Operations,6000.01 Event Operations & Production Management,Production Management,Seated Dinner or Banquet · Elevated,Floor Plan,experience,each,Elevated,"Mixed rounds and long kings tables, layered linen, and a centered performance sightline.",Zone: El Patio. Tier fit: T2; T4. Upgrades: Sculptural centerpieces; chef's table. Add-ons: Lounge after-dinner conversion. Substitutions: Family-style long tables.,Y,kind experience,Scope,04 Physical,,,,,,,5600,,Expense,CC-VENUE,,Catalog Framework · Architecture (Sight),Department fallback,Proposed,SGT-08
6000.01.01-XOS-039,6000.01.01,6000 Operations,6000.01 Event Operations & Production Management,Production Management,Seated Dinner or Banquet · Premium,Floor Plan,experience,each,Premium,"Designer tablescape program with custom runners, sculptural centerpieces, and a stage-integrated chef's table.",Zone: El Patio. Tier fit: T2; T4. Upgrades: Sculptural centerpieces; chef's table. Add-ons: Lounge after-dinner conversion. Substitutions: Family-style long tables.,Y,kind experience,Scope,04 Physical,,,,,,,5600,,Expense,CC-VENUE,,Catalog Framework · Architecture (Sight),Department fallback,Proposed,SGT-08
6000.01.01-XPMS-015,6000.01.01,6000 Operations,6000.01 Event Operations & Production Management,Production Management,Security & Monitoring (base),Venue Security & Monitoring,opex,each,Standard,Operations · Security and Monitoring (base).,,X,default: a nameable resource,Operate,04 Physical,,,,,,,5600,,Expense,CC-VENUE,,XPMS 3.0 canon,Exact,Proposed,
6000.01.01-XPMS-017,6000.01.01,6000 Operations,6000.01 Event Operations & Production Management,Production Management,Site Measurement & As-Built Capture,Site Measurement & As-Built Capture,service,each,Standard,"Dimensional capture of an existing space; laser, photogrammetry or LiDAR; producing a measured base drawing. Distinct from a survey: this yields geometry, not judgement.",,Y,kind service,Scope,05 Experiential,,,,,,,5600,,Expense,CC-VENUE,,XPMS 3.0 canon,Exact,Proposed,
6000.01.01-XPMS-016,6000.01.01,6000 Operations,6000.01 Event Operations & Production Management,Production Management,Site Survey & Venue Assessment,Site Survey & Venue Assessment,service,each,Standard,"Physical assessment of a candidate venue: dimensions, load-in path and its tightest pinch point, dock height, power service, rigging structure, egress and documented capacities. The capability document a later requirement reconciles against.",,Y,kind service,Scope,05 Experiential,,,,,,,5600,,Expense,CC-VENUE,,XPMS 3.0 canon,Exact,Proposed,
6000.01.01-XOS-040,6000.01.01,4000 Environment,6000.01 Event Operations & Production Management,Production Management,Soft Flooring & Rugs · Base,"FF&E Finishes, Accents & Accessories",experience,each,Base,Area rugs to define lounge zones; neutral tones.,Zone: All Zones. Tier fit: T1; T4. Upgrades: Custom printed rug / floor graphic. Add-ons: Anti-fatigue bar matting. Substitutions: Bare floor (no rugs).,Y,kind experience,Build,04 Physical,,,,,,,5600,,Expense,CC-VENUE,,Catalog Framework · Architecture (Sight),Department fallback,Proposed,SGT-25
6000.01.01-XOS-041,6000.01.01,4000 Environment,6000.01 Event Operations & Production Management,Production Management,Soft Flooring & Rugs · Elevated,"FF&E Finishes, Accents & Accessories",experience,each,Elevated,Layered rug program in palette with runners and lounge anchors.,Zone: All Zones. Tier fit: T1; T4. Upgrades: Custom printed rug / floor graphic. Add-ons: Anti-fatigue bar matting. Substitutions: Bare floor (no rugs).,Y,kind experience,Build,04 Physical,,,,,,,5600,,Expense,CC-VENUE,,Catalog Framework · Architecture (Sight),Department fallback,Proposed,SGT-25
6000.01.01-XOS-042,6000.01.01,4000 Environment,6000.01 Event Operations & Production Management,Production Management,Soft Flooring & Rugs · Premium,"FF&E Finishes, Accents & Accessories",experience,each,Premium,Custom logo or pattern rugs and printed floor graphics throughout.,Zone: All Zones. Tier fit: T1; T4. Upgrades: Custom printed rug / floor graphic. Add-ons: Anti-fatigue bar matting. Substitutions: Bare floor (no rugs).,Y,kind experience,Build,04 Physical,,,,,,,5600,,Expense,CC-VENUE,,Catalog Framework · Architecture (Sight),Department fallback,Proposed,SGT-25
6000.01.01-XOS-043,6000.01.01,4000 Environment,6000.01 Event Operations & Production Management,Production Management,Textiles & Pillows · Base,"FF&E Finishes, Accents & Accessories",experience,each,Base,Throw pillows in palette on lounge seating.,Zone: El Patio. Tier fit: T1; T4. Upgrades: Custom-printed cushions. Add-ons: Outdoor-rated textiles. Substitutions: No added textiles.,Y,kind experience,Build,04 Physical,,,,,,,5600,,Expense,CC-VENUE,,Catalog Framework · Architecture (Sight),Department fallback,Proposed,SGT-28
6000.01.01-XOS-044,6000.01.01,4000 Environment,6000.01 Event Operations & Production Management,Production Management,Textiles & Pillows · Elevated,"FF&E Finishes, Accents & Accessories",experience,each,Elevated,"Layered pillows, throws, and accent textiles per lounge.",Zone: El Patio. Tier fit: T1; T4. Upgrades: Custom-printed cushions. Add-ons: Outdoor-rated textiles. Substitutions: No added textiles.,Y,kind experience,Build,04 Physical,,,,,,,5600,,Expense,CC-VENUE,,Catalog Framework · Architecture (Sight),Department fallback,Proposed,SGT-28
6000.01.01-XOS-045,6000.01.01,4000 Environment,6000.01 Event Operations & Production Management,Production Management,Textiles & Pillows · Premium,"FF&E Finishes, Accents & Accessories",experience,each,Premium,Custom-printed textiles and bespoke cushions matched to the artist palette.,Zone: El Patio. Tier fit: T1; T4. Upgrades: Custom-printed cushions. Add-ons: Outdoor-rated textiles. Substitutions: No added textiles.,Y,kind experience,Build,04 Physical,,,,,,,5600,,Expense,CC-VENUE,,Catalog Framework · Architecture (Sight),Department fallback,Proposed,SGT-28
6000.01.01-GHXST-001,6000.01.01,6000 Operations,6000.01 Event Operations & Production Management,Production Management,Tool Kit - Production,,tool,each,Standard,Comprehensive tool kit for on-site production work.,"Drills, wrenches, pliers, tape measures, levels, hardware.",X,kind tool,Procurement,04 Physical,60.0,50.0,70.0,24,1 person,,5600,,Expense,CC-VENUE,2.x master catalog,2.x master catalog,Keyword,Proposed,SITE-TOOL-HDWR-001 · 6000.020.00
6000.01.01-XOS-046,6000.01.01,4000 Environment,6000.01 Event Operations & Production Management,Production Management,Tropical Canopy or Overhead · Base,Greenery & Planters,experience,each,Base,Sparse hanging greenery accent overhead.,Zone: El Patio. Tier fit: T3; T4. Upgrades: Suspended floral canopy + lighting. Add-ons: Misting integration. Substitutions: Fabric ceiling instead.,Y,kind experience,Build,04 Physical,,,,,,,5600,,Expense,CC-VENUE,,Catalog Framework · Architecture (Sight),Department fallback,Proposed,SGT-47
6000.01.01-XOS-047,6000.01.01,4000 Environment,6000.01 Event Operations & Production Management,Production Management,Tropical Canopy or Overhead · Elevated,Greenery & Planters,experience,each,Elevated,Designed overhead greenery canopy over a lounge or bar.,Zone: El Patio. Tier fit: T3; T4. Upgrades: Suspended floral canopy + lighting. Add-ons: Misting integration. Substitutions: Fabric ceiling instead.,Y,kind experience,Build,04 Physical,,,,,,,5600,,Expense,CC-VENUE,,Catalog Framework · Architecture (Sight),Department fallback,Proposed,SGT-47
6000.01.01-XOS-048,6000.01.01,4000 Environment,6000.01 Event Operations & Production Management,Production Management,Tropical Canopy or Overhead · Premium,Greenery & Planters,experience,each,Premium,Full tropical canopy build with lighting and suspended florals.,Zone: El Patio. Tier fit: T3; T4. Upgrades: Suspended floral canopy + lighting. Add-ons: Misting integration. Substitutions: Fabric ceiling instead.,Y,kind experience,Build,04 Physical,,,,,,,5600,,Expense,CC-VENUE,,Catalog Framework · Architecture (Sight),Department fallback,Proposed,SGT-47
6000.01.01-XPMS-006,6000.01.01,6000 Operations,6000.01 Event Operations & Production Management,Production Management,Utilities · Power & HVAC,Utilities,opex,each,Standard,Operations · Utilities; Power and HVAC.,,X,default: a nameable resource,Operate,04 Physical,,,,,,,5600,,Expense,CC-VENUE,,XPMS 3.0 canon,Exact,Proposed,
6000.01.01-XPMS-007,6000.01.01,6000 Operations,6000.01 Event Operations & Production Management,Production Management,Utilities · Water & Sewer,Utilities,opex,each,Standard,Operations · Utilities; Water and Sewer.,,X,default: a nameable resource,Operate,04 Physical,,,,,,,5600,,Expense,CC-VENUE,,XPMS 3.0 canon,Exact,Proposed,
6000.01.01-XPMS-011,6000.01.01,6000 Operations,6000.01 Event Operations & Production Management,Production Management,Venue Operations Staff (core),Venue Operations Staff,opex,each,Standard,Operations · Venue Operations Leadership.,,X,default: a nameable resource,Operate,04 Physical,,,,,,,5600,,Expense,CC-VENUE,,XPMS 3.0 canon,Exact,Proposed,
6000.02.01-XPMS-006,6000.02.01,6000 Operations,6000.02 Logistics & Transport,Forklifts & Loaders,Basement Storage Racking,Basement Storage Racking,service,each,Standard,Racking + organization.,,Y,kind service,Build,04 Physical,,,,,,,5600,,Expense,CC-VENUE,,XPMS 3.0 canon,Exact,Proposed,
6000.02.01-XPMS-001,6000.02.01,6000 Operations,6000.02 Logistics & Transport,Forklifts & Loaders,Forklift - Standard,Forklift,equipment,each,Standard,Warehouse or event forklift for loading and placement.,,X,kind equipment,Build,04 Physical,,,,,,22101600,5600,,Expense,CC-VENUE,,XPMS 3.0 canon,Exact,Active,
6000.02.01-XPMS-004,6000.02.01,6000 Operations,6000.02 Logistics & Transport,Forklifts & Loaders,Freight or Delivery or Receiving,Freight / Delivery / Receiving,package,each,Standard,FF&E + gear freight.,,Z,name signals logistics or timeline,Build,04 Physical,,,,,,,5600,,Expense,CC-VENUE,,XPMS 3.0 canon,Exact,Proposed,
6000.02.01-GHXST-001,6000.02.01,6000 Operations,6000.02 Logistics & Transport,Forklifts & Loaders,Hand Truck,,tool,each,Standard,Two-wheel hand truck or platform dolly for moving equipment.,Standard 2-wheel through appliance dolly.,X,kind tool,Procurement,04 Physical,15.0,13.0,17.0,24,1 person,,5600,,Expense,CC-VENUE,2.x master catalog,2.x master catalog,Discipline hint,Proposed,SITE-TOOL-HDWR-004 · 6000.020.00
6000.02.01-GHXST-002,6000.02.01,6000 Operations,6000.02 Logistics & Transport,Forklifts & Loaders,Ladder - A-Frame,,tool,each,Standard,Aluminum A-frame step ladder for general site work.,6ft through 16ft.,X,kind tool,Procurement,04 Physical,25.0,21.0,29.0,24,1 person,,5600,,Expense,CC-VENUE,2.x master catalog,2.x master catalog,Discipline hint,Proposed,SITE-TOOL-HDWR-002 · 6000.020.00
6000.02.01-GHXST-003,6000.02.01,6000 Operations,6000.02 Logistics & Transport,Forklifts & Loaders,Ladder - Extension,,tool,each,Standard,Aluminum extension ladder for elevated access.,20ft through 40ft.,X,kind tool,Procurement,04 Physical,35.0,30.0,40.0,24,1 person,,5600,,Expense,CC-VENUE,2.x master catalog,2.x master catalog,Discipline hint,Proposed,SITE-TOOL-HDWR-003 · 6000.020.00
6000.02.01-XPMS-002,6000.02.01,6000 Operations,6000.02 Logistics & Transport,Forklifts & Loaders,Loader - Skid Steer,Skid Steer Loader,equipment,each,Standard,"Compact loader for grading, moving material, and site prep.",,X,kind equipment,Build,04 Physical,,,,,,22101600,5600,,Expense,CC-VENUE,,XPMS 3.0 canon,Exact,Active,
6000.02.01-XPMS-007,6000.02.01,6000 Operations,6000.02 Logistics & Transport,Forklifts & Loaders,Logistics Coordination Labor,Logistics Coordination Labor,service,each,Standard,Coordination labor.,,Y,kind service,Build,04 Physical,,,,,,,5600,,Expense,CC-VENUE,,XPMS 3.0 canon,Exact,Proposed,
6000.02.01-GHXST-004,6000.02.01,6000 Operations,6000.02 Logistics & Transport,Forklifts & Loaders,Metal Detector - Handheld,,credential,each,Standard,Portable wand metal detector for secondary screening.,Standard sensitivity | Vibrate and audible alert.,X,kind credential,Advance,04 Physical,15.0,13.0,17.0,168,1 trained operator per unit,,5600,,Expense,CC-VENUE,2.x master catalog,2.x master catalog,Discipline hint,Proposed,WORK-ACCS-ACTC-002 · 6000.110.00
6000.02.01-GHXST-005,6000.02.01,6000 Operations,6000.02 Logistics & Transport,Forklifts & Loaders,Metal Detector - Walk-Through,,credential,each,Standard,Walk-through metal detector for venue entry screening.,6-zone through 33-zone | With person counter.,X,kind credential,Advance,04 Physical,175.0,150.0,200.0,168,1 trained operator per unit,,5600,,Expense,CC-VENUE,2.x master catalog,2.x master catalog,Discipline hint,Proposed,WORK-ACCS-ACTC-001 · 6000.110.00
6000.02.01-XPMS-005,6000.02.01,6000 Operations,6000.02 Logistics & Transport,Forklifts & Loaders,Offsite Storage During Build,Offsite Storage During Build,service,each,Standard,3 months offsite storage.,,Y,kind service,Build,04 Physical,,,,,,,5600,,Expense,CC-VENUE,,XPMS 3.0 canon,Exact,Proposed,
6000.02.01-GHXST-006,6000.02.01,6000 Operations,6000.02 Logistics & Transport,Forklifts & Loaders,Pallet Jack - Manual,,tool,each,Standard,Manual hydraulic pallet jack for moving loaded pallets.,"5,500 lb capacity | 48in forks.",X,kind tool,Procurement,04 Physical,35.0,30.0,40.0,24,1 person,,5600,,Expense,CC-VENUE,2.x master catalog,2.x master catalog,Discipline hint,Proposed,SITE-TOOL-HDWR-005 · 6000.020.00
6000.02.01-GHXST-007,6000.02.01,6000 Operations,6000.02 Logistics & Transport,Forklifts & Loaders,Scanner Station - Ticket,,credential,each,Standard,Ticket scanning hardware and box office setup.,"Handheld scanner, kiosk, or will-call station.",X,kind credential,Advance,04 Physical,75.0,65.0,85.0,672,1 person per station,,5600,,Expense,CC-VENUE,2.x master catalog,2.x master catalog,Discipline hint,Proposed,WORK-ACCS-ACTC-004 · 6000.110.00
6000.02.01-XPMS-003,6000.02.01,6000 Operations,6000.02 Logistics & Transport,Forklifts & Loaders,Telehandler,Telehandler,equipment,each,Standard,Telescopic handler for high-reach material placement.,,X,kind equipment,Build,04 Physical,,,,,,22101600,5600,,Expense,CC-VENUE,,XPMS 3.0 canon,Exact,Active,
6000.02.02-XPMS-001,6000.02.02,6000 Operations,6000.02 Logistics & Transport,Flights,Baggage Fee - Excess,Excess Baggage Fee,travel,each,Standard,Additional or overweight baggage fees for equipment transport.,Per checked bag | Oversize and overweight surcharges.,Z,kind travel,Advance,04 Physical,75.0,65.0,85.0,72,1 person,78111500,5600,,Expense,CC-VENUE,2.x master catalog,XPMS 3.0 canon,Exact,Active,
6000.02.02-XPMS-002,6000.02.02,6000 Operations,6000.02 Logistics & Transport,Flights,Flight - Charter,Charter Flight,travel,each,Standard,Private charter flight for talent or time-sensitive transport.,Turboprop through heavy jet.,Z,kind travel,Advance,04 Physical,15000.0,12800.0,17200.0,72,1 person,78111500,5600,,Expense,CC-VENUE,2.x master catalog,XPMS 3.0 canon,Exact,Active,
6000.02.02-XPMS-003,6000.02.02,6000 Operations,6000.02 Logistics & Transport,Flights,Flight - Domestic - Business or First,Domestic Business or First Class Flight,travel,each,Standard,Round-trip domestic business or first class airfare.,Priority boarding | Lounge access | 2 or more bags included.,Z,kind travel,Advance,04 Physical,1200.0,1025.0,1375.0,72,1 person,78111500,5600,,Expense,CC-VENUE,2.x master catalog,XPMS 3.0 canon,Exact,Active,
6000.02.02-XPMS-004,6000.02.02,6000 Operations,6000.02 Logistics & Transport,Flights,Flight - Domestic - Economy,Domestic Economy Flight,travel,each,Standard,Round-trip domestic economy airfare.,Coach class | Carry-on included | Checked bag varies by airline.,Z,kind travel,Advance,04 Physical,400.0,340.0,460.0,72,1 person,78111500,5600,,Expense,CC-VENUE,2.x master catalog,XPMS 3.0 canon,Exact,Active,
6000.02.02-XPMS-005,6000.02.02,6000 Operations,6000.02 Logistics & Transport,Flights,Flight - International - Business or First,International Business or First Class Flight,travel,each,Standard,Round-trip international business or first class airfare.,Lie-flat seat | Lounge access | Priority everything.,Z,kind travel,Advance,04 Physical,5025.0,4250.0,5800.0,72,1 person,78111500,5600,,Expense,CC-VENUE,2.x master catalog,XPMS 3.0 canon,Exact,Active,
6000.02.02-XPMS-006,6000.02.02,6000 Operations,6000.02 Logistics & Transport,Flights,Flight - International - Economy,International Economy Flight,travel,each,Standard,Round-trip international economy airfare.,Coach class | Checked bag typically included | Meal service.,Z,kind travel,Advance,04 Physical,1000.0,850.0,1150.0,72,1 person,78111500,5600,,Expense,CC-VENUE,2.x master catalog,XPMS 3.0 canon,Exact,Active,
6000.02.03-GHXST-001,6000.02.03,6000 Operations,6000.02 Logistics & Transport,Water Transport,Barrier - Jersey - Water-Filled,,equipment,each,Standard,Polyethylene water-filled traffic barrier for vehicle mitigation and perimeter control.,"72in L x 24in W x 42in H | 150 lbs empty, 1500 lbs filled | UV-resistant poly.",X,kind equipment,Build,04 Physical,40.0,34.0,46.0,48,"2 stagehands, water truck for fill",,5600,,Expense,CC-VENUE,2.x master catalog,2.x master catalog,Keyword,Proposed,SITE-INFR-FENC-002 · 6000.020.00
6000.02.03-XPMS-001,6000.02.03,6000 Operations,6000.02 Logistics & Transport,Water Transport,Charter - Boat,Boat Charter,travel,each,Standard,Water taxi or boat charter for waterfront events.,6-pax through 50-pax and above | Various vessel types.,Z,kind travel,Advance,04 Physical,400.0,340.0,460.0,168,1 licensed driver (CDL if applicable),78111900,5600,,Expense,CC-VENUE,2.x master catalog,XPMS 3.0 canon,Exact,Active,
6000.02.04-XPMS-007,6000.02.04,6000 Operations,6000.02 Logistics & Transport,Ground Transport,Last-Mile Courier Runner with Vehicle,Last-Mile Courier Runner with Vehicle,labor,each,Standard,"Dedicated runner with vehicle for purchases, pickups, and artist errands.",,Y,kind labor,Operate,04 Physical,,,,,,,5600,,Expense,CC-VENUE,,XPMS 3.0 canon,Exact,Proposed,
6000.02.04-XPMS-001,6000.02.04,6000 Operations,6000.02 Logistics & Transport,Ground Transport,Limousine,Limousine,travel,each,Standard,Luxury sedan or limousine for VIP transport.,Sedan through stretch limo | Chauffeur included.,Z,kind travel,Advance,04 Physical,150.0,130.0,170.0,168,1 licensed driver (CDL if applicable),78111800,5600,,Expense,CC-VENUE,2.x master catalog,XPMS 3.0 canon,Exact,Active,
6000.02.04-GHXST-001,6000.02.04,6000 Operations,6000.02 Logistics & Transport,Ground Transport,Mat - Ground Protection,,equipment,each,Standard,Heavy-duty composite ground protection mat for vehicles and pedestrians.,4ft x 8ft | 90 lbs | 80-ton load capacity | HDPE composite.,X,kind equipment,Build,04 Physical,25.0,21.0,29.0,168,2 to 4 stagehands,,5600,,Expense,CC-VENUE,2.x master catalog,2.x master catalog,Keyword,Proposed,SITE-INFR-FLOR-001 · 6000.020.00
6000.02.04-XPMS-002,6000.02.04,6000 Operations,6000.02 Logistics & Transport,Ground Transport,Motor Coach - Charter,Charter Motor Coach,travel,each,Standard,Full-size charter motor coach for large group transport.,40 to 56 passenger | Restroom | Climate control | Luggage bays.,Z,kind travel,Advance,04 Physical,1500.0,1275.0,1725.0,168,1 licensed driver (CDL if applicable),78111800,5600,,Expense,CC-VENUE,2.x master catalog,XPMS 3.0 canon,Exact,Active,
6000.02.04-XPMS-003,6000.02.04,6000 Operations,6000.02 Logistics & Transport,Ground Transport,Pedicab,Pedicab,travel,each,Standard,Human-powered pedicab for short-range guest transport.,2 to 3 passenger | With canopy | Branded options.,Z,kind travel,Advance,04 Physical,200.0,170.0,230.0,168,1 licensed driver (CDL if applicable),78111800,5600,,Expense,CC-VENUE,2.x master catalog,XPMS 3.0 canon,Exact,Active,
6000.02.04-XPMS-004,6000.02.04,6000 Operations,6000.02 Logistics & Transport,Ground Transport,Shuttle - Airport,Group Airport Shuttle,travel,each,Standard,Passenger van or shuttle for group airport transfers.,12 to 40 passenger vehicles | With luggage trailer available.,Z,kind travel,Advance,04 Physical,250.0,210.0,290.0,168,1 licensed driver (CDL if applicable),78111800,5600,,Expense,CC-VENUE,2.x master catalog,XPMS 3.0 canon,Exact,Active,
6000.02.04-XPMS-005,6000.02.04,6000 Operations,6000.02 Logistics & Transport,Ground Transport,Shuttle - Sprinter,Executive Sprinter Shuttle,travel,each,Standard,Mercedes Sprinter for VIP or artist transport.,12 to 14 passenger | Executive interior | WiFi available.,Z,kind travel,Advance,04 Physical,600.0,500.0,700.0,168,1 licensed driver (CDL if applicable),78111800,5600,,Expense,CC-VENUE,2.x master catalog,XPMS 3.0 canon,Exact,Active,
6000.02.04-XPMS-006,6000.02.04,6000 Operations,6000.02 Logistics & Transport,Ground Transport,Transfer - Sedan,Sedan Transfer,travel,each,Standard,Private sedan or SUV for airport-to-venue or hotel transport.,Sedan or SUV | Up to 3 passengers plus luggage.,Z,kind travel,Advance,04 Physical,100.0,85.0,115.0,168,1 licensed driver (CDL if applicable),78111800,5600,,Expense,CC-VENUE,2.x master catalog,XPMS 3.0 canon,Exact,Active,
6000.02.05-XPMS-001,6000.02.05,6000 Operations,6000.02 Logistics & Transport,Cars & Trucks,Rental - Cargo Van or Box Truck,Rental Cargo Van or Box Truck,vehicle,each,Standard,Cargo van or small box truck for equipment runs.,Cargo van through 15ft box truck | Liftgate options.,X,kind vehicle,Procure,04 Physical,100.0,85.0,115.0,168,1 licensed driver (CDL if applicable),78111600,5600,,Expense,CC-VENUE,2.x master catalog,XPMS 3.0 canon,Exact,Active,
6000.02.05-XPMS-002,6000.02.05,6000 Operations,6000.02 Logistics & Transport,Cars & Trucks,Rental Car - Economy,Economy Rental Car,vehicle,each,Standard,Economy or compact rental car for individual production use.,Economy or compact | 4-door | Automatic.,X,kind vehicle,Procure,04 Physical,56.0,47.0,65.0,168,1 licensed driver (CDL if applicable),78111600,5600,,Expense,CC-VENUE,2.x master catalog,XPMS 3.0 canon,Exact,Active,
6000.02.05-XPMS-003,6000.02.05,6000 Operations,6000.02 Logistics & Transport,Cars & Trucks,Rental Car - Full-Size or SUV,Full-Size Rental Car or SUV,vehicle,each,Standard,Full-size sedan or SUV for production leads.,Full-size sedan through full-size SUV.,X,kind vehicle,Procure,04 Physical,85.0,70.0,100.0,168,1 licensed driver (CDL if applicable),78111600,5600,,Expense,CC-VENUE,2.x master catalog,XPMS 3.0 canon,Exact,Active,
6000.02.05-XPMS-004,6000.02.05,6000 Operations,6000.02 Logistics & Transport,Cars & Trucks,Van - 15 Passenger,15-Passenger Van,vehicle,each,Standard,15-passenger van for crew transport.,15-passenger | V8 | Automatic | Luggage space.,X,kind vehicle,Procure,04 Physical,175.0,150.0,200.0,168,1 licensed driver (CDL if applicable),78111600,5600,,Expense,CC-VENUE,2.x master catalog,XPMS 3.0 canon,Exact,Active,
6000.02.06-XPMS-001,6000.02.06,6000 Operations,6000.02 Logistics & Transport,Utility Vehicles,ATV - All Terrain,All-Terrain Vehicle,vehicle,each,Standard,All-terrain vehicle for off-road site access.,Gas | 4x4 | 500 to 1000cc | Roll cage.,X,kind vehicle,Procure,04 Physical,275.0,235.0,315.0,168,1 licensed driver (CDL if applicable),25101700,5600,,Expense,CC-VENUE,2.x master catalog,XPMS 3.0 canon,Exact,Active,
6000.02.06-XPMS-002,6000.02.06,6000 Operations,6000.02 Logistics & Transport,Utility Vehicles,Golf Cart - 4 Seat,4-Seat Golf Cart,vehicle,each,Standard,Electric 4-passenger golf cart for site transportation.,48V electric | 15 to 25 mph | 30 to 40 mile range.,X,kind vehicle,Procure,04 Physical,125.0,105.0,145.0,48,1 person (no license needed),25101700,5600,,Expense,CC-VENUE,2.x master catalog,XPMS 3.0 canon,Exact,Active,
6000.02.06-XPMS-004,6000.02.06,6000 Operations,6000.02 Logistics & Transport,Utility Vehicles,Scooter - Electric,Electric Scooter,vehicle,each,Standard,Electric scooter for quick personal site transport.,Electric | 15 to 20 mph | 25 to 40 mile range.,X,kind vehicle,Procure,04 Physical,48.5,42.0,55.0,168,1 licensed driver (CDL if applicable),25101700,5600,,Expense,CC-VENUE,2.x master catalog,XPMS 3.0 canon,Exact,Active,
6000.02.06-XPMS-005,6000.02.06,6000 Operations,6000.02 Logistics & Transport,Utility Vehicles,UTV - Utility Vehicle,Utility Task Vehicle,vehicle,each,Standard,John Deere Gator or equivalent with cargo dump bed.,"Gas or electric | 4x4 | 1,000 lb cargo capacity | Dump bed.",X,kind vehicle,Procure,04 Physical,250.0,210.0,290.0,48,1 licensed operator,25101700,5600,,Expense,CC-VENUE,2.x master catalog,XPMS 3.0 canon,Exact,Active,
6000.02.07-XPMS-001,6000.02.07,6000 Operations,6000.02 Logistics & Transport,Trucks & Transport,Box Truck - 16ft,16-Foot Box Truck,vehicle,each,Standard,Medium-duty box truck for equipment and supply transport.,"16ft box | 6,000 lb payload | Liftgate available.",X,kind vehicle,Procure,04 Physical,250.0,210.0,290.0,168,1 licensed driver (CDL if applicable),25101500,5600,,Expense,CC-VENUE,2.x master catalog,XPMS 3.0 canon,Exact,Active,
6000.02.07-XPMS-002,6000.02.07,6000 Operations,6000.02 Logistics & Transport,Trucks & Transport,Box Truck - 26ft,26-Foot Box Truck,vehicle,each,Standard,Large box truck for major load-in and load-out transport.,"26ft box | 10,000 lb payload | Liftgate.",X,kind vehicle,Procure,04 Physical,350.0,300.0,400.0,168,1 licensed driver (CDL if applicable),25101500,5600,,Expense,CC-VENUE,2.x master catalog,XPMS 3.0 canon,Exact,Active,
6000.02.07-XPMS-003,6000.02.07,6000 Operations,6000.02 Logistics & Transport,Trucks & Transport,Tractor-Trailer - 53ft,Semi Tractor-Trailer,vehicle,each,Standard,Full semi truck and trailer for large-scale equipment transport.,"53ft dry van or flatbed | 45,000 lb payload | Air ride.",X,kind vehicle,Procure,04 Physical,900.0,775.0,1025.0,168,CDL Class A driver,25101500,5600,,Expense,CC-VENUE,2.x master catalog,XPMS 3.0 canon,Exact,Active,
6000.02.07-XPMS-004,6000.02.07,6000 Operations,6000.02 Logistics & Transport,Trucks & Transport,Truck - Flatbed,Flatbed Truck,vehicle,each,Standard,"Flatbed truck for oversized loads, staging, and scenic transport.","24 to 48ft bed | 20,000 to 48,000 lb payload.",X,kind vehicle,Procure,04 Physical,500.0,425.0,575.0,168,1 licensed driver (CDL if applicable),25101500,5600,,Expense,CC-VENUE,2.x master catalog,XPMS 3.0 canon,Exact,Active,
6000.02.07-XPMS-005,6000.02.07,6000 Operations,6000.02 Logistics & Transport,Trucks & Transport,Truck - Pickup,Pickup Truck,vehicle,each,Standard,Full-size pickup truck for site operations.,Half-ton through 1-ton | 4x4 available.,X,kind vehicle,Procure,04 Physical,125.0,105.0,145.0,168,1 licensed driver (CDL if applicable),25101500,5600,,Expense,CC-VENUE,2.x master catalog,XPMS 3.0 canon,Exact,Active,
6000.02.07-XPMS-006,6000.02.07,6000 Operations,6000.02 Logistics & Transport,Trucks & Transport,Van - Sprinter,Sprinter Van,vehicle,each,Standard,Cargo or passenger sprinter van for crew and equipment shuttle.,"High roof | 144in or 170in wheelbase | 3,000 lb payload.",X,kind vehicle,Procure,04 Physical,200.0,170.0,230.0,168,1 licensed driver (CDL if applicable),25101500,5600,,Expense,CC-VENUE,2.x master catalog,XPMS 3.0 canon,Exact,Active,
6000.02.08-XPMS-001,6000.02.08,6000 Operations,6000.02 Logistics & Transport,Specialty Vehicles,Sweeper - Street,Street Sweeper,vehicle,each,Standard,Mechanical street sweeper for paved areas and parking lots.,Compact through full-size | Ride-on scrubber available.,X,kind vehicle,Procure,04 Physical,500.0,425.0,575.0,168,1 licensed driver (CDL if applicable),25101900,5600,,Expense,CC-VENUE,2.x master catalog,XPMS 3.0 canon,Exact,Active,
6000.02.08-XPMS-002,6000.02.08,6000 Operations,6000.02 Logistics & Transport,Specialty Vehicles,Truck - Fuel Service,Fuel Service Truck,vehicle,each,Standard,Mobile fuel delivery truck for generators and vehicles.,"500 through 2,500 gallon | Diesel or multi-fuel.",X,kind vehicle,Procure,04 Physical,500.0,425.0,575.0,168,1 licensed driver (CDL if applicable),25101900,5600,,Expense,CC-VENUE,2.x master catalog,XPMS 3.0 canon,Exact,Active,
6000.02.08-XPMS-003,6000.02.08,6000 Operations,6000.02 Logistics & Transport,Specialty Vehicles,Truck - Water,Water Truck,vehicle,each,Standard,"Tanker truck for dust suppression, site watering, or filling.","2,000 through 6,000 gallon | With spray bar.",X,kind vehicle,Procure,04 Physical,600.0,500.0,700.0,168,1 licensed driver (CDL if applicable),25101900,5600,,Expense,CC-VENUE,2.x master catalog,XPMS 3.0 canon,Exact,Active,
6000.03.01-XPMS-001,6000.03.01,6000 Operations,6000.03 Labor & Crewing,Department Heads,Designer - Lighting,Lighting Designer,labor,each,Standard,Lighting designer and console programmer.,Full-day | Pre-viz plus programming plus show | Console-specific.,Y,kind labor,Operate,04 Physical,750.0,650.0,850.0,72,1 person,80111700,5600,,Expense,CC-VENUE,2.x master catalog,XPMS 3.0 canon,Exact,Active,
6000.03.01-XPMS-002,6000.03.01,6000 Operations,6000.03 Labor & Crewing,Department Heads,Director - Security,Security Director,labor,each,Standard,"Lead security operations, threat assessment, and team management.",Full-day | Pre-event plus show | Cross-agency coordination.,Y,kind labor,Operate,04 Physical,800.0,675.0,925.0,72,1 person,80111700,5600,,Expense,CC-VENUE,2.x master catalog,XPMS 3.0 canon,Exact,Active,
6000.03.01-XPMS-003,6000.03.01,6000 Operations,6000.03 Labor & Crewing,Department Heads,Director - Video,Video Director,labor,each,Standard,Video switching and directing lead for IMAG and content playback.,Full-day | Show-critical | Multi-camera or playback.,Y,kind labor,Operate,04 Physical,700.0,600.0,800.0,72,1 person,80111700,5600,,Expense,CC-VENUE,2.x master catalog,XPMS 3.0 canon,Exact,Active,
6000.03.01-XPMS-004,6000.03.01,6000 Operations,6000.03 Labor & Crewing,Department Heads,Engineer - Audio FOH,Front-of-House Audio Engineer,labor,each,Standard,Front-of-house audio mix engineer for live performance.,Full-day | Sound check plus show | Console-specific.,Y,kind labor,Operate,04 Physical,700.0,600.0,800.0,72,1 person,80111700,5600,,Expense,CC-VENUE,2.x master catalog,XPMS 3.0 canon,Exact,Active,
6000.03.01-GHXST-001,6000.03.01,6000 Operations,6000.03 Labor & Crewing,Department Heads,Hotel Block - Group Rate,,lodging,each,Standard,Negotiated group rate hotel block for production team.,10 or more rooms | Group rate | Rooming list management | Attrition clause.,X,kind lodging,Advance,04 Physical,130.0,110.0,150.0,72,1 person,,5600,,Expense,CC-VENUE,2.x master catalog,2.x master catalog,Discipline hint,Proposed,TRVL-LODG-HOTL-003 · 8000.100.00
6000.03.01-GHXST-002,6000.03.01,6000 Operations,6000.03 Labor & Crewing,Department Heads,Hotel Room - Standard,,lodging,each,Standard,Standard hotel room for crew and production staff.,Queen or King bed | WiFi | Near venue preferred.,X,kind lodging,Advance,04 Physical,150.0,130.0,170.0,72,1 person,,5600,,Expense,CC-VENUE,2.x master catalog,2.x master catalog,Discipline hint,Proposed,TRVL-LODG-HOTL-001 · 8000.100.00
6000.03.01-GHXST-003,6000.03.01,6000 Operations,6000.03 Labor & Crewing,Department Heads,Hotel Suite - Premium,,lodging,each,Standard,Suite or premium room for talent and senior production.,Suite with living area | Premium amenities.,X,kind lodging,Advance,04 Physical,500.0,425.0,575.0,72,1 person,,5600,,Expense,CC-VENUE,2.x master catalog,2.x master catalog,Discipline hint,Proposed,TRVL-LODG-HOTL-002 · 8000.100.00
6000.03.01-XPMS-005,6000.03.01,6000 Operations,6000.03 Labor & Crewing,Department Heads,Manager - Catering,Catering Manager,labor,each,Standard,"Oversees all catering operations, meal planning, and dietary needs.",Full-day | Multi-day | Kitchen plus service management.,Y,kind labor,Operate,04 Physical,500.0,425.0,575.0,72,1 person,80111700,5600,,Expense,CC-VENUE,2.x master catalog,XPMS 3.0 canon,Exact,Active,
6000.03.01-XPMS-006,6000.03.01,6000 Operations,6000.03 Labor & Crewing,Department Heads,Manager - Guest Experience,Guest Experience Manager,labor,each,Standard,"Leads guest services, info, accessibility, and complaints.",Full-day | FOH authority | Guest-facing.,Y,kind labor,Operate,04 Physical,547.5,470.0,625.0,72,1 person,80111700,5600,,Expense,CC-VENUE,2.x master catalog,XPMS 3.0 canon,Exact,Active,
6000.03.01-GHXST-004,6000.03.01,6000 Operations,6000.03 Labor & Crewing,Department Heads,RV - Motorhome,,lodging,each,Standard,RV or motorhome for mobile talent or crew accommodation.,Class A through travel trailer | With hookups.,X,kind lodging,Advance,04 Physical,350.0,300.0,400.0,72,1 person,,5600,,Expense,CC-VENUE,2.x master catalog,2.x master catalog,Discipline hint,Proposed,TRVL-LODG-ALTL-002 · 8000.100.00
6000.03.01-GHXST-005,6000.03.01,6000 Operations,6000.03 Labor & Crewing,Department Heads,Rental - Vacation,,lodging,each,Standard,Short-term rental house or apartment for crew or talent.,1-bedroom through 4-bedroom or more | House or apartment.,X,kind lodging,Advance,04 Physical,250.0,210.0,290.0,72,1 person,,5600,,Expense,CC-VENUE,2.x master catalog,2.x master catalog,Discipline hint,Proposed,TRVL-LODG-ALTL-001 · 8000.100.00
6000.03.01-XPMS-007,6000.03.01,6000 Operations,6000.03 Labor & Crewing,Department Heads,Rigger - Head,Head Rigger,labor,each,Standard,Lead rigger overseeing all overhead and structural rigging.,Full-day | Build plus show | Certified rigger (ETCP preferred).,Y,kind labor,Operate,04 Physical,800.0,675.0,925.0,72,1 person,80111700,5600,,Expense,CC-VENUE,2.x master catalog,XPMS 3.0 canon,Exact,Active,
6000.03.02-XPMS-001,6000.03.02,6000 Operations,6000.03 Labor & Crewing,Certified Operators,Driver - CDL,CDL Commercial Driver,labor,each,Standard,"Commercial driver for trucks over 26,001 GVWR.",,Y,kind labor,Build,04 Physical,,,,,,80111800,5600,,Expense,CC-VENUE,,XPMS 3.0 canon,Exact,Active,
6000.03.02-XPMS-002,6000.03.02,6000 Operations,6000.03 Labor & Crewing,Certified Operators,Operator - Aerial Lift,Certified Aerial Lift Operator,labor,each,Standard,Certified aerial lift operator for elevated work.,,Y,kind labor,Build,04 Physical,,,,,,80111800,5600,,Expense,CC-VENUE,,XPMS 3.0 canon,Exact,Active,
6000.03.02-XPMS-003,6000.03.02,6000 Operations,6000.03 Labor & Crewing,Certified Operators,Operator - Crane,Certified Crane Operator,labor,each,Standard,Certified crane operator for heavy lifts.,,Y,kind labor,Build,04 Physical,,,,,,80111800,5600,,Expense,CC-VENUE,,XPMS 3.0 canon,Exact,Active,
6000.03.02-XPMS-004,6000.03.02,6000 Operations,6000.03 Labor & Crewing,Certified Operators,Operator - Forklift,Certified Forklift Operator,labor,each,Standard,"Certified forklift operator for loading, unloading, and placement.",,Y,kind labor,Build,04 Physical,,,,,,80111800,5600,,Expense,CC-VENUE,,XPMS 3.0 canon,Exact,Active,
6000.03.03-XPMS-001,6000.03.03,6000 Operations,6000.03 Labor & Crewing,Event Staff,Ambassador - Brand,Brand Ambassador,labor,each,Standard,Outgoing promotional staff for activations and brand engagement.,4 to 8hr shift | On-brand appearance | Trained on messaging.,Y,kind labor,Operate,04 Physical,200.0,170.0,230.0,336,Per event staffing plan,80111501,5600,,Expense,CC-VENUE,2.x master catalog,XPMS 3.0 canon,Exact,Active,
6000.03.03-XPMS-002,6000.03.03,6000 Operations,6000.03 Labor & Crewing,Event Staff,Attendant - Parking,Parking Attendant,labor,each,Standard,Parking lot and traffic flow management staff.,6 to 10hr shift | Reflective vest | Flashlight and wand.,Y,kind labor,Operate,04 Physical,150.0,130.0,170.0,336,Per event staffing plan,80111501,5600,,Expense,CC-VENUE,2.x master catalog,XPMS 3.0 canon,Exact,Active,
6000.03.03-GHXST-001,6000.03.03,6000 Operations,6000.03 Labor & Crewing,Event Staff,Carpet - Event,,equipment,each,Standard,"Event carpet for aisles, entrances, and VIP areas.",6ft wide rolls | Various pile heights.,X,kind equipment,Build,04 Physical,3.0,2.55,3.45,168,2 to 4 stagehands,,5600,,Expense,CC-VENUE,2.x master catalog,2.x master catalog,Keyword,Proposed,SITE-INFR-FLOR-005 · 6000.020.00
6000.03.03-GHXST-002,6000.03.03,6000 Operations,6000.03 Labor & Crewing,Event Staff,Photographer - Event,,labor,each,Standard,Professional event photographer for documentation and content.,4 to 8hr coverage | Edited deliverables | Digital.,Y,kind labor,Build,04 Physical,600.0,500.0,700.0,672,Self (individual),,5600,,Expense,CC-VENUE,2.x master catalog,2.x master catalog,Keyword,Proposed,LABR-SKIL-CREA-001 · 6000.100.00
6000.03.03-XPMS-003,6000.03.03,6000 Operations,6000.03 Labor & Crewing,Event Staff,Runner - Production,Production Runner,labor,each,Standard,"General production support, errands, equipment moves, and runner duties.",8 to 12hr shift | Vehicle access preferred | Radio equipped.,Y,kind labor,Operate,04 Physical,200.0,170.0,230.0,336,Per event staffing plan,80111501,5600,,Expense,CC-VENUE,2.x master catalog,XPMS 3.0 canon,Exact,Active,
6000.03.03-XPMS-004,6000.03.03,6000 Operations,6000.03 Labor & Crewing,Event Staff,Security Guard - Armed,Armed Security Guard,labor,each,Standard,Licensed armed security for high-value or executive protection.,8 to 12hr shift | State-licensed | Armed | Executive protection.,Y,kind labor,Operate,04 Physical,500.0,425.0,575.0,336,Per event staffing plan,80111501,5600,,Expense,CC-VENUE,2.x master catalog,XPMS 3.0 canon,Exact,Active,
6000.03.03-XPMS-005,6000.03.03,6000 Operations,6000.03 Labor & Crewing,Event Staff,Security Guard - Unarmed,Unarmed Security Guard,labor,each,Standard,Licensed unarmed security guard for access control and crowd management.,8 to 12hr shift | State-licensed | Uniformed.,Y,kind labor,Operate,04 Physical,225.0,190.0,260.0,336,Per event staffing plan,80111501,5600,,Expense,CC-VENUE,2.x master catalog,XPMS 3.0 canon,Exact,Active,
6000.03.03-XPMS-006,6000.03.03,6000 Operations,6000.03 Labor & Crewing,Event Staff,Staff - Janitorial,Janitorial Staff,labor,each,Standard,"On-site cleaning staff for restrooms, FOH, and BOH.",8 to 12hr shift | Restroom monitoring | Trash runs | FOH cleaning.,Y,kind labor,Operate,04 Physical,175.0,150.0,200.0,336,Per event staffing plan,80111501,5600,,Expense,CC-VENUE,2.x master catalog,XPMS 3.0 canon,Exact,Active,
6000.03.03-XPMS-007,6000.03.03,6000 Operations,6000.03 Labor & Crewing,Event Staff,Staff - Registration,Registration Staff,labor,each,Standard,Front desk or registration table staff.,6 to 10hr shift | Trained on system | Customer-facing.,Y,kind labor,Operate,04 Physical,175.0,150.0,200.0,336,Per event staffing plan,80111501,5600,,Expense,CC-VENUE,2.x master catalog,XPMS 3.0 canon,Exact,Active,
6000.03.03-XPMS-008,6000.03.03,6000 Operations,6000.03 Labor & Crewing,Event Staff,Usher - Event,Event Usher,labor,each,Standard,"Front-of-house staff for ticket scanning, seating, and guest assistance.",6 to 10hr shift | Uniformed | Trained on scanning system.,Y,kind labor,Operate,04 Physical,150.0,130.0,170.0,336,Per event staffing plan,80111501,5600,,Expense,CC-VENUE,2.x master catalog,XPMS 3.0 canon,Exact,Active,
6000.03.03-GHXST-003,6000.03.03,6000 Operations,6000.03 Labor & Crewing,Event Staff,Videographer - Event,,labor,each,Standard,Professional videographer for recap or content capture.,4 to 8hr | Raw or edited deliverables | 4K.,Y,kind labor,Build,04 Physical,800.0,675.0,925.0,672,Self (individual),,5600,,Expense,CC-VENUE,2.x master catalog,2.x master catalog,Keyword,Proposed,LABR-SKIL-CREA-002 · 6000.100.00
6000.03.04-XPMS-001,6000.03.04,6000 Operations,6000.03 Labor & Crewing,Specialty Staff,Attendant - Valet,Valet Attendant,labor,each,Standard,Professional valet driver for guest vehicle parking.,4 to 8hr shift | Licensed driver | Insured service.,Y,kind labor,Operate,04 Physical,175.0,150.0,200.0,672,Self (individual or team),80111502,5600,,Expense,CC-VENUE,2.x master catalog,XPMS 3.0 canon,Exact,Active,
6000.03.04-XPMS-002,6000.03.04,6000 Operations,6000.03 Labor & Crewing,Specialty Staff,Bartender - Event,Event Bartender,labor,each,Standard,Licensed bartender for event bar service.,6 to 10hr shift | TIPS or ServSafe certified | With bar tools.,Y,kind labor,Operate,04 Physical,250.0,210.0,290.0,672,Self (individual or team),80111502,5600,,Expense,CC-VENUE,2.x master catalog,XPMS 3.0 canon,Exact,Active,
6000.03.04-XPMS-003,6000.03.04,6000 Operations,6000.03 Labor & Crewing,Specialty Staff,DJ - Event,Event DJ,labor,each,Standard,DJ for event entertainment.,4 to 8hr set | With equipment or gear provided.,Y,kind labor,Operate,04 Physical,750.0,650.0,850.0,672,Self (individual or team),80111502,5600,,Expense,CC-VENUE,2.x master catalog,XPMS 3.0 canon,Exact,Active,
6000.03.04-XPMS-004,6000.03.04,6000 Operations,6000.03 Labor & Crewing,Specialty Staff,Fire Watch,Fire Watch Personnel,labor,each,Standard,"Required fire watch personnel for pyro, tents, or assembly permits.",Per fire marshal or permit requirement | Certified.,Y,kind labor,Operate,04 Physical,350.0,300.0,400.0,672,Self (individual or team),80111502,5600,,Expense,CC-VENUE,2.x master catalog,XPMS 3.0 canon,Exact,Active,
6000.03.04-XPMS-005,6000.03.04,6000 Operations,6000.03 Labor & Crewing,Specialty Staff,Flagger - Traffic,Certified Traffic Flagger,labor,each,Standard,Certified traffic control flagger for road closures and site access.,8hr shift | ATSSA or state-certified | With PPE and equipment.,Y,kind labor,Operate,04 Physical,275.0,235.0,315.0,672,Self (individual or team),80111502,5600,,Expense,CC-VENUE,2.x master catalog,XPMS 3.0 canon,Exact,Active,
6000.03.04-XPMS-006,6000.03.04,6000 Operations,6000.03 Labor & Crewing,Specialty Staff,Interpreter,Professional Interpreter,labor,each,Standard,Professional interpreter for live events or meetings.,"Simultaneous, consecutive, or sign language (ASL).",Y,kind labor,Operate,04 Physical,700.0,600.0,800.0,672,Self (individual or team),80111502,5600,,Expense,CC-VENUE,2.x master catalog,XPMS 3.0 canon,Exact,Active,
6000.03.04-XPMS-008,6000.03.04,6000 Operations,6000.03 Labor & Crewing,Specialty Staff,Officer - Off-Duty,Off-Duty Law Enforcement,labor,each,Standard,Off-duty law enforcement for event security and traffic.,4 to 8hr detail | Armed | Uniformed | Jurisdictional.,Y,kind labor,Operate,04 Physical,400.0,340.0,460.0,672,Self (individual or team),80111502,5600,,Expense,CC-VENUE,2.x master catalog,XPMS 3.0 canon,Exact,Active,
6000.03.04-XPMS-009,6000.03.04,6000 Operations,6000.03 Labor & Crewing,Specialty Staff,Server - Event,Event Server,labor,each,Standard,Professional server for plated or passed service.,6 to 10hr shift | ServSafe preferred | Uniformed.,Y,kind labor,Operate,04 Physical,200.0,170.0,230.0,672,Self (individual or team),80111502,5600,,Expense,CC-VENUE,2.x master catalog,XPMS 3.0 canon,Exact,Active,
6000.03.05-XPMS-008,6000.03.05,6000 Operations,6000.03 Labor & Crewing,Technical Crew,Build-Crew Radios or Comms,Build-Crew Radios / Comms,package,each,Standard,Crew radios rental.,,Y,name signals process or service,Build,04 Physical,,,,,,,5600,,Expense,CC-VENUE,,XPMS 3.0 canon,Exact,Proposed,
6000.03.05-XPMS-001,6000.03.05,6000 Operations,6000.03 Labor & Crewing,Technical Crew,Carpenter - Scenic,Scenic Carpenter,labor,each,Standard,Skilled carpenter for scenic construction and stage builds.,,Y,kind labor,Build,04 Physical,,,,,,80111900,5600,,Expense,CC-VENUE,,XPMS 3.0 canon,Exact,Active,
6000.03.05-XPMS-002,6000.03.05,6000 Operations,6000.03 Labor & Crewing,Technical Crew,Electrician - Licensed,Licensed Electrician,labor,each,Standard,Licensed electrician for temporary power installation.,,Y,kind labor,Build,04 Physical,,,,,,80111900,5600,,Expense,CC-VENUE,,XPMS 3.0 canon,Exact,Active,
6000.03.05-XPMS-003,6000.03.05,6000 Operations,6000.03 Labor & Crewing,Technical Crew,Rigger - Certified,Certified Rigger,labor,each,Standard,"Arena or outdoor rigging technician, ETCP preferred.",8 to 12hr shift | Build plus show | Working at height.,Y,kind labor,Build,04 Physical,547.5,470.0,625.0,672,Self (individual),80111900,5600,,Expense,CC-VENUE,2.x master catalog,XPMS 3.0 canon,Exact,Active,
6000.03.05-XPMS-004,6000.03.05,6000 Operations,6000.03 Labor & Crewing,Technical Crew,Technician - Audio,Audio Technician,labor,each,Standard,"Audio system tech, patch, RF coordination, and stage tech support.",,Y,kind labor,Build,04 Physical,,,,,,80111900,5600,,Expense,CC-VENUE,,XPMS 3.0 canon,Exact,Active,
6000.03.05-XPMS-005,6000.03.05,6000 Operations,6000.03 Labor & Crewing,Technical Crew,Technician - Lighting,Lighting Technician,labor,each,Standard,"Lighting focus, programming support, and fixture maintenance.",,Y,kind labor,Build,04 Physical,,,,,,80111900,5600,,Expense,CC-VENUE,,XPMS 3.0 canon,Exact,Active,
6000.03.05-XPMS-006,6000.03.05,6000 Operations,6000.03 Labor & Crewing,Technical Crew,Technician - Video,Video Technician,labor,each,Standard,"LED wall build, camera operation, and cable management.",,Y,kind labor,Build,04 Physical,,,,,,80111900,5600,,Expense,CC-VENUE,,XPMS 3.0 canon,Exact,Active,
6000.03.05-XPMS-007,6000.03.05,6000 Operations,6000.03 Labor & Crewing,Technical Crew,Welder - Certified,Certified Welder,labor,each,Standard,Certified welder for on-site fabrication and repair.,"8 to 12hr shift | MIG, TIG, or Stick | Structural or scenic.",Y,kind labor,Build,04 Physical,547.5,470.0,625.0,672,Self (individual),80111900,5600,,Expense,CC-VENUE,2.x master catalog,XPMS 3.0 canon,Exact,Active,
6000.03.06-XPMS-001,6000.03.06,6000 Operations,6000.03 Labor & Crewing,Staff Apparel,Jacket - Staff,Staff Jacket,uniform,each,Standard,Branded crew jacket or hoodie for cold-weather events.,"S through 3XL | Fleece, softshell, or puffer.",X,kind uniform,Procure,04 Physical,40.0,34.0,46.0,672,1 to 2 people for sizing and distribution,53101500,5600,,Expense,CC-VENUE,2.x master catalog,XPMS 3.0 canon,Exact,Active,
6000.03.06-XPMS-002,6000.03.06,6000 Operations,6000.03 Labor & Crewing,Staff Apparel,Polo - Staff,Staff Polo Shirt,uniform,each,Standard,Custom embroidered or printed polo for leads and management.,S through 3XL | Pique cotton or performance poly.,X,kind uniform,Procure,04 Physical,25.0,21.0,29.0,672,1 to 2 people for sizing and distribution,53101500,5600,,Expense,CC-VENUE,2.x master catalog,XPMS 3.0 canon,Exact,Active,
6000.03.06-XPMS-003,6000.03.06,6000 Operations,6000.03 Labor & Crewing,Staff Apparel,Poncho - Rain,Rain Poncho,uniform,each,Standard,Waterproof outerwear for wet-weather events.,S through 3XL | Disposable poncho or reusable jacket.,X,kind uniform,Procure,04 Physical,15.0,13.0,17.0,672,1 to 2 people for sizing and distribution,53101500,5600,,Expense,CC-VENUE,2.x master catalog,XPMS 3.0 canon,Exact,Active,
6000.03.06-XPMS-004,6000.03.06,6000 Operations,6000.03 Labor & Crewing,Staff Apparel,T-Shirt - Staff,Staff T-Shirt,uniform,each,Standard,Custom printed staff t-shirt for identification.,S through 3XL | Cotton or poly blend | Screen print or DTG.,X,kind uniform,Procure,04 Physical,12.0,10.0,14.0,672,1 to 2 people for sizing and distribution,53101500,5600,,Expense,CC-VENUE,2.x master catalog,XPMS 3.0 canon,Exact,Active,
6000.03.06-XPMS-005,6000.03.06,6000 Operations,6000.03 Labor & Crewing,Staff Apparel,Vest - Safety - Hi-Vis,High-Visibility Safety Vest,uniform,each,Standard,ANSI-rated high-visibility safety vest for site operations.,S through 5XL | Class 2 or Class 3 | With or without pockets.,X,kind uniform,Procure,04 Physical,12.0,10.0,14.0,672,1 to 2 people for sizing and distribution,53101500,5600,,Expense,CC-VENUE,2.x master catalog,XPMS 3.0 canon,Exact,Active,
6000.03.07-XPMS-001,6000.03.07,6000 Operations,6000.03 Labor & Crewing,Stagehands,Stagehand - IATSE,IATSE Stagehand,labor,each,Standard,"Union stagehand for load-in, show, and load-out.",8hr call (minimum) | IATSE local rates apply | OT after 8hrs.,Y,kind labor,Operate,04 Physical,500.0,425.0,575.0,168,2 to 4 stagehands,80111500,5600,,Expense,CC-VENUE,2.x master catalog,XPMS 3.0 canon,Exact,Active,
6000.03.07-XPMS-002,6000.03.07,6000 Operations,6000.03 Labor & Crewing,Stagehands,Stagehand - Non-Union,Non-Union Stagehand,labor,each,Standard,"Non-union stagehand for load-in, show, and load-out.",8 to 12hr shift | General production labor.,Y,kind labor,Operate,04 Physical,250.0,210.0,290.0,168,2 to 4 stagehands,80111500,5600,,Expense,CC-VENUE,2.x master catalog,XPMS 3.0 canon,Exact,Active,
6000.04.01-XPMS-007,6000.04.01,6000 Operations,6000.04 Security & Access Control,Security & Access Control,Bag Screening Station,Bag Screening Station,equipment,each,Standard,"Screening table lane with bins, signage, and divestment flow at entry.",,X,kind equipment,Operate,04 Physical,,,,,,,5600,,Expense,CC-VENUE,,XPMS 3.0 canon,Exact,Proposed,
6000.04.01-GHXST-001,6000.04.01,6000 Operations,6000.04 Security & Access Control,Security & Access Control,Camera - Security - Temp,,equipment,each,Standard,Temporary security camera system for site monitoring.,"Fixed, PTZ, or wireless | With recording and night vision.",X,kind equipment,Procurement,04 Physical,60.0,50.0,70.0,336,1 to 2 security techs,,5600,,Expense,CC-VENUE,2.x master catalog,2.x master catalog,Keyword,Proposed,WORK-HLTH-SECU-001 · 6000.140.00
6000.04.01-XPMS-008,6000.04.01,6000 Operations,6000.04 Security & Access Control,Security & Access Control,Event Safety & Security Plan,Event Safety & Security Plan,service,each,Standard,"Site-specific safety and security plan: CAD overlays, staffing plan, and AHJ submission package.",,Y,kind service,Advance,04 Physical,,,,,,,5600,,Expense,CC-VENUE,,XPMS 3.0 canon,Exact,Proposed,
6000.04.01-GHXST-002,6000.04.01,6000 Operations,6000.04 Security & Access Control,Security & Access Control,Floor - Raised Access,,equipment,each,Standard,Modular raised floor system for leveling or cable management.,2ft x 2ft panels | Adjustable pedestals | 4in to 24in height.,X,kind equipment,Build,04 Physical,8.0,7.0,9.0,168,2 to 4 stagehands,,5600,,Expense,CC-VENUE,2.x master catalog,2.x master catalog,Keyword,Proposed,SITE-INFR-FLOR-007 · 6000.020.00
6000.04.01-XPMS-002,6000.04.01,6000 Operations,6000.04 Security & Access Control,Security & Access Control,Handheld Security Wand,Handheld Security Wand,equipment,each,Standard,Handheld metal-detection wand for secondary screening.,,X,kind equipment,Operate,04 Physical,,,,,,,5600,,Expense,CC-VENUE,,XPMS 3.0 canon,Exact,Proposed,
6000.04.01-XPMS-003,6000.04.01,6000 Operations,6000.04 Security & Access Control,Security & Access Control,K9 Explosive Sweep Team,K9 Explosive Sweep Team,service,each,Standard,Certified explosive-detection canine team conducting pre-open and mid-event sweeps.,,Y,kind service,Operate,04 Physical,,,,,,,5600,,Expense,CC-VENUE,,XPMS 3.0 canon,Exact,Proposed,
6000.04.01-GHXST-003,6000.04.01,6000 Operations,6000.04 Security & Access Control,Security & Access Control,Lighting - Security,,equipment,each,Standard,Temporary high-intensity security lighting.,"LED flood, motion-activated, solar, or battery.",X,kind equipment,Procurement,04 Physical,35.0,30.0,40.0,336,1 to 2 security techs,,5600,,Expense,CC-VENUE,2.x master catalog,2.x master catalog,Keyword,Proposed,WORK-HLTH-SECU-002 · 6000.140.00
6000.04.01-XPMS-005,6000.04.01,6000 Operations,6000.04 Security & Access Control,Security & Access Control,Overnight Site Security Patrol,Overnight Site Security Patrol,service,each,Standard,"Overnight roving patrol protecting site, equipment, and compound during build and dark days.",,Y,kind service,Build,04 Physical,,,,,,,5600,,Expense,CC-VENUE,,XPMS 3.0 canon,Exact,Proposed,
6000.04.01-GHXST-004,6000.04.01,6000 Operations,6000.04 Security & Access Control,Security & Access Control,Scanner - RFID Access,,credential,each,Standard,Automated access control scanning for credentialed entry.,"Handheld reader, fixed turnstile reader, or tap gate.",X,kind credential,Advance,04 Physical,125.0,105.0,145.0,672,1 person per station,,5600,,Expense,CC-VENUE,2.x master catalog,2.x master catalog,Keyword,Proposed,WORK-ACCS-ACTC-003 · 6000.110.00
6000.04.01-XPMS-006,6000.04.01,6000 Operations,6000.04 Security & Access Control,Security & Access Control,Security Command Post Package,Security Command Post Package,equipment,each,Standard,"Staffed command-post setup with radios, CCTV feeds, incident log, and access manifests.",,X,kind equipment,Operate,04 Physical,,,,,,,5600,,Expense,CC-VENUE,,XPMS 3.0 canon,Exact,Proposed,
6000.04.01-XPMS-001,6000.04.01,6000 Operations,6000.04 Security & Access Control,Security & Access Control,Security Supervisor,Security Supervisor,labor,each,Standard,"Shift supervisor managing guard posts, incident reporting, and client liaison.",,Y,kind labor,Operate,04 Physical,,,,,,,5600,,Expense,CC-VENUE,,XPMS 3.0 canon,Exact,Proposed,
6000.04.01-XPMS-004,6000.04.01,6000 Operations,6000.04 Security & Access Control,Security & Access Control,Temporary CCTV Kit - 4 Camera,Temporary CCTV Kit,equipment,each,Standard,Rapid-deploy four-camera surveillance kit with NVR and monitor at security command.,,X,kind equipment,Operate,04 Physical,,,,,,,5600,,Expense,CC-VENUE,,XPMS 3.0 canon,Exact,Proposed,
6000.05.01-XPMS-001,6000.05.01,6000 Operations,"6000.05 Medical, Safety & EMS",Safety Equipment,Defibrillator - AED,Automated External Defibrillator,tool,each,Standard,Portable AED unit with carrying case and signage.,Standard with cabinet and signage.,X,kind tool,Procure,04 Physical,100.0,85.0,115.0,24,1 person,46191600,5600,,Expense,CC-VENUE,2.x master catalog,XPMS 3.0 canon,Exact,Active,
6000.05.01-XPMS-002,6000.05.01,6000 Operations,"6000.05 Medical, Safety & EMS",Safety Equipment,Fire Extinguisher - ABC,Fire Extinguisher,tool,each,Standard,"ABC dry chemical fire extinguisher, event-rated.",5 lb through 20 lb | CO2 available for electrical.,X,kind tool,Procure,04 Physical,25.0,21.0,29.0,24,1 person,46191600,5600,,Expense,CC-VENUE,2.x master catalog,XPMS 3.0 canon,Exact,Active,
6000.05.01-XPMS-003,6000.05.01,6000 Operations,"6000.05 Medical, Safety & EMS",Safety Equipment,First Aid Kit - Event,Event First Aid Kit,tool,each,Standard,Comprehensive first aid kit per OSHA and event standards.,25-person through 100-person | Trauma kit available.,X,kind tool,Procure,04 Physical,75.0,65.0,85.0,24,1 person,46191600,5600,,Expense,CC-VENUE,2.x master catalog,XPMS 3.0 canon,Exact,Active,
6000.05.01-XPMS-004,6000.05.01,6000 Operations,"6000.05 Medical, Safety & EMS",Safety Equipment,Kit - Crowd Management,Crowd Management Kit,tool,each,Standard,"Bull horns, traffic wands, flashlights, and reflective vests bundle.","2 bull horns, 6 wands, 12 flashlights, 24 vests.",X,kind tool,Procure,04 Physical,150.0,130.0,170.0,24,1 person,46191600,5600,,Expense,CC-VENUE,2.x master catalog,XPMS 3.0 canon,Exact,Active,
6000.05.01-XPMS-005,6000.05.01,6000 Operations,"6000.05 Medical, Safety & EMS",Safety Equipment,Kit - Spill Containment,Spill Containment Kit,tool,each,Standard,"Containment and cleanup kit for fuel, chemical, or biohazard spills.",5 gal through 55 gal capacity | Biohazard options.,X,kind tool,Procure,04 Physical,75.0,65.0,85.0,24,1 person,46191600,5600,,Expense,CC-VENUE,2.x master catalog,XPMS 3.0 canon,Exact,Active,
6000.05.01-XPMS-006,6000.05.01,6000 Operations,"6000.05 Medical, Safety & EMS",Safety Equipment,Site Protection or Safety or PPE,Site Protection / Safety / PPE,package,each,Standard,Site protection and PPE.,,X,default: a nameable resource,Build,04 Physical,,,,,,,5600,,Expense,CC-VENUE,,XPMS 3.0 canon,Exact,Proposed,
6000.05.02-XPMS-001,6000.05.02,6000 Operations,"6000.05 Medical, Safety & EMS",Medical,Ambulance - Standby,Standby Ambulance,equipment,each,Standard,Dedicated ambulance and crew on-site for medical emergencies.,BLS or ALS ambulance | With 2-person crew.,X,kind equipment,Procure,04 Physical,1000.0,850.0,1150.0,336,2 EMTs or paramedics per ambulance,85121800,5600,,Expense,CC-VENUE,2.x master catalog,XPMS 3.0 canon,Exact,Active,
6000.05.02-XPMS-002,6000.05.02,6000 Operations,"6000.05 Medical, Safety & EMS",Medical,EMT - On-Site,On-Site EMT,equipment,each,Standard,Licensed EMT or paramedic for on-site medical coverage.,"EMT-Basic, EMT-Intermediate, or Paramedic (ALS).",X,kind equipment,Procure,04 Physical,400.0,340.0,460.0,336,"1 to 4 medical staff (EMT, paramedic, or RN)",85121800,5600,,Expense,CC-VENUE,2.x master catalog,XPMS 3.0 canon,Exact,Active,
6000.05.02-XPMS-004,6000.05.02,6000 Operations,"6000.05 Medical, Safety & EMS",Medical,EMT Team - 2 Person with Kit,EMT Team,labor,each,Standard,Two licensed EMTs with BLS kit and AED posted on site; 10-hr day.,,Y,kind labor,Operate,04 Physical,,,,,,,5600,,Expense,CC-VENUE,,XPMS 3.0 canon,Exact,Proposed,
6000.05.02-XPMS-003,6000.05.02,6000 Operations,"6000.05 Medical, Safety & EMS",Medical,Station - Medical,Medical Treatment Station,equipment,each,Standard,Dedicated medical treatment area with supplies and cots.,"10x10 through 20x20 | With AC, lighting, and privacy curtains.",X,kind equipment,Procure,04 Physical,500.0,425.0,575.0,336,"1 to 4 medical staff (EMT, paramedic, or RN)",85121800,5600,,Expense,CC-VENUE,2.x master catalog,XPMS 3.0 canon,Exact,Active,
6000.05.03-XPMS-001,6000.05.03,6000 Operations,"6000.05 Medical, Safety & EMS",PPE,Glasses - Safety,Safety Glasses,equipment,each,Standard,ANSI Z87.1 rated eye protection.,"Clear, tinted, anti-fog, or over-glasses (OTG).",X,kind equipment,Procure,04 Physical,6.0,5.0,7.0,48,1 safety officer for distribution,46181500,5600,,Expense,CC-VENUE,2.x master catalog,XPMS 3.0 canon,Exact,Active,
6000.05.03-XPMS-002,6000.05.03,6000 Operations,"6000.05 Medical, Safety & EMS",PPE,Gloves - Work,Work Gloves,equipment,each,Standard,"Protective work gloves for rigging, loading, and construction.","Leather, mechanic, cut-resistant, or insulated.",X,kind equipment,Procure,04 Physical,10.0,8.0,12.0,48,1 safety officer for distribution,46181500,5600,,Expense,CC-VENUE,2.x master catalog,XPMS 3.0 canon,Exact,Active,
6000.05.03-XPMS-003,6000.05.03,6000 Operations,"6000.05 Medical, Safety & EMS",PPE,Hard Hat - ANSI,Hard Hat,equipment,each,Standard,ANSI-rated construction hard hat for site operations.,Type I (top impact) or Type II (top plus lateral) | Face shield option.,X,kind equipment,Procure,04 Physical,15.0,13.0,17.0,48,1 safety officer for distribution,46181500,5600,,Expense,CC-VENUE,2.x master catalog,XPMS 3.0 canon,Exact,Active,
6000.05.03-XPMS-004,6000.05.03,6000 Operations,"6000.05 Medical, Safety & EMS",PPE,Hearing Protection,Hearing Protection,equipment,each,Standard,Noise reduction ear plugs or ear muffs.,"Foam plugs (NRR 32), reusable plugs, over-ear muffs, or custom molded.",X,kind equipment,Procure,04 Physical,5.12,4.25,6.0,48,1 safety officer for distribution,46181500,5600,,Expense,CC-VENUE,2.x master catalog,XPMS 3.0 canon,Exact,Active,
6000.06.01-XPMS-001,6000.06.01,6000 Operations,6000.06 Site Operations & Facilities,Specialty Rentals,Fuel Card - Prepaid,Fuel Card,vehicle,each,Standard,Prepaid fuel card for rental vehicle fleet.,100 through 500 dollar denominations | Fleet card options.,X,kind vehicle,Procure,04 Physical,250.0,210.0,290.0,72,1 person,78111700,5600,,Expense,CC-VENUE,2.x master catalog,XPMS 3.0 canon,Exact,Active,
6000.06.01-XPMS-002,6000.06.01,6000 Operations,6000.06 Site Operations & Facilities,Specialty Rentals,Parking Pass - Off-Site,Off-Site Parking Pass,vehicle,each,Standard,Pre-paid parking for off-site crew parking or overflow.,Daily through monthly | Garage or surface lot.,X,kind vehicle,Procure,04 Physical,25.0,21.0,29.0,72,1 person,78111700,5600,,Expense,CC-VENUE,2.x master catalog,XPMS 3.0 canon,Exact,Active,
6000.06.01-XPMS-005,6000.06.01,6000 Operations,6000.06 Site Operations & Facilities,Specialty Rentals,Permit Fees & Inspections,Permit Fees & Inspections,service,each,Standard,BY OWNER (Spotify).,,Y,kind service,Build,04 Physical,,,,,,,5600,,Expense,CC-VENUE,,XPMS 3.0 canon,Exact,Proposed,
6000.06.01-XPMS-004,6000.06.01,6000 Operations,6000.06 Site Operations & Facilities,Specialty Rentals,Pressure Washer with Operator,Pressure Washer with Operator,equipment,each,Standard,Hot-water pressure washing for site restoration and surface cleaning.,,X,kind equipment,Close,04 Physical,,,,,,,5600,,Expense,CC-VENUE,,XPMS 3.0 canon,Exact,Proposed,
6000.06.01-XPMS-003,6000.06.01,6000 Operations,6000.06 Site Operations & Facilities,Specialty Rentals,Trailer - Enclosed,Enclosed Trailer,vehicle,each,Standard,Enclosed trailer for equipment or merchandise transport.,6x12 through 8.5x24 | With ramp.,X,kind vehicle,Procure,04 Physical,75.0,65.0,85.0,72,1 person,78111700,5600,,Expense,CC-VENUE,2.x master catalog,XPMS 3.0 canon,Exact,Active,
6000.06.02-XPMS-008,6000.06.02,6000 Operations,6000.06 Site Operations & Facilities,Portable Facilities,ADA Ramp System - Modular,ADA Ramp System,equipment,each,Standard,Code-compliant modular ramp run with handrails for stage or threshold access.,,X,kind equipment,Install,04 Physical,,,,,,,5600,,Expense,CC-VENUE,,XPMS 3.0 canon,Exact,Proposed,
6000.06.02-XPMS-001,6000.06.02,6000 Operations,6000.06 Site Operations & Facilities,Portable Facilities,Booth - Guard,Guard Booth,equipment,each,Standard,Small portable booth for security checkpoints or ticketing.,,X,kind equipment,Build,04 Physical,,,,,,30181600,5600,,Expense,CC-VENUE,,XPMS 3.0 canon,Exact,Active,
6000.06.02-GHXST-001,6000.06.02,6000 Operations,6000.06 Site Operations & Facilities,Portable Facilities,Dance Floor - Portable,,equipment,each,Standard,"Modular interlocking dance floor panels, indoor and outdoor rated.",3ft x 3ft panels | Multiple finishes available.,X,kind equipment,Build,04 Physical,4.0,3.4,4.6,168,2 to 4 stagehands,,5600,,Expense,CC-VENUE,2.x master catalog,2.x master catalog,Keyword,Proposed,SITE-INFR-FLOR-002 · 6000.020.00
6000.06.02-XPMS-002,6000.06.02,6000 Operations,6000.06 Site Operations & Facilities,Portable Facilities,Hand Wash Station - Portable,Portable Hand Wash Station,equipment,each,Standard,Freestanding portable hand washing station with foot pump.,2-basin or 4-basin | With soap and paper towels.,X,kind equipment,Build,04 Physical,75.0,65.0,85.0,48,Delivery truck driver,30181600,5600,,Expense,CC-VENUE,2.x master catalog,XPMS 3.0 canon,Exact,Active,
6000.06.02-XPMS-003,6000.06.02,6000 Operations,6000.06 Site Operations & Facilities,Portable Facilities,Restroom - Portable - ADA,ADA Portable Restroom,equipment,each,Standard,Wheelchair-accessible single-unit portable restroom with ramp.,60in x 60in x 88in | Wide door | Grab bars | Ramp.,X,kind equipment,Build,04 Physical,175.0,150.0,200.0,48,Delivery truck driver,30181600,5600,,Expense,CC-VENUE,2.x master catalog,XPMS 3.0 canon,Exact,Active,
6000.06.02-XPMS-004,6000.06.02,6000 Operations,6000.06 Site Operations & Facilities,Portable Facilities,Restroom - Portable - Standard,Standard Portable Restroom,equipment,each,Standard,Single-unit portable toilet with hand sanitizer dispenser.,44in x 48in x 90in | 175 lbs | 60 gal holding tank.,X,kind equipment,Build,04 Physical,125.0,105.0,145.0,48,Delivery truck driver,30181600,5600,,Expense,CC-VENUE,2.x master catalog,XPMS 3.0 canon,Exact,Active,
6000.06.02-XPMS-005,6000.06.02,6000 Operations,6000.06 Site Operations & Facilities,Portable Facilities,Restroom Trailer - Luxury,Luxury Restroom Trailer,equipment,each,Standard,Multi-stall climate-controlled restroom trailer with running water and flushing toilets.,,X,kind equipment,Build,04 Physical,,,,,,30181600,5600,,Expense,CC-VENUE,,XPMS 3.0 canon,Exact,Active,
6000.06.02-XPMS-006,6000.06.02,6000 Operations,6000.06 Site Operations & Facilities,Portable Facilities,Shower Trailer - Portable,Portable Shower Trailer,equipment,each,Standard,"Multi-stall shower trailer for crew, talent, or camping events.",2-stall through 8-stall | With changing area.,X,kind equipment,Build,04 Physical,900.0,775.0,1025.0,336,"CDL driver, 1 helper for hookup",30181600,5600,,Expense,CC-VENUE,2.x master catalog,XPMS 3.0 canon,Exact,Active,
6000.06.02-XPMS-007,6000.06.02,6000 Operations,6000.06 Site Operations & Facilities,Portable Facilities,Trailer - Office,Office Trailer,equipment,each,Standard,Temporary office trailer for production and administration.,8x20 through 12x60 | Double-wide available.,X,kind equipment,Build,04 Physical,250.0,210.0,290.0,336,"CDL driver, 1 helper for hookup",30181600,5600,,Expense,CC-VENUE,2.x master catalog,XPMS 3.0 canon,Exact,Active,
6000.06.03-XPMS-001,6000.06.03,6000 Operations,6000.06 Site Operations & Facilities,Climate Control,Air Conditioner - Portable,Portable Air Conditioner,equipment,each,Standard,Spot cooler or portable AC unit for tents and structures.,,X,kind equipment,Install,04 Physical,,,,,,40101500,5600,,Expense,CC-VENUE,,XPMS 3.0 canon,Exact,Active,
6000.06.03-XPMS-002,6000.06.03,6000 Operations,6000.06 Site Operations & Facilities,Climate Control,Fan - Industrial,Industrial Fan,equipment,each,Standard,High-volume air mover for ventilation and cooling.,,X,kind equipment,Install,04 Physical,,,,,,40101500,5600,,Expense,CC-VENUE,,XPMS 3.0 canon,Exact,Active,
6000.06.03-XPMS-003,6000.06.03,6000 Operations,6000.06 Site Operations & Facilities,Climate Control,Heater - Portable,Portable Heater,equipment,each,Standard,Forced air or radiant heater for cold-weather events.,,X,kind equipment,Install,04 Physical,,,,,,40101500,5600,,Expense,CC-VENUE,,XPMS 3.0 canon,Exact,Active,
6000.06.03-XPMS-004,6000.06.03,6000 Operations,6000.06 Site Operations & Facilities,Climate Control,Industrial Misting Fan,Industrial Misting Fan,equipment,each,Standard,High-volume misting fan for outdoor heat mitigation.,,X,kind equipment,Operate,04 Physical,,,,,,,5600,,Expense,CC-VENUE,,XPMS 3.0 canon,Exact,Proposed,
6000.06.03-XPMS-005,6000.06.03,6000 Operations,6000.06 Site Operations & Facilities,Climate Control,Propane Patio Heater,Propane Patio Heater,equipment,each,Standard,Freestanding propane patio heater with tank for outdoor comfort.,,X,kind equipment,Operate,04 Physical,,,,,,,5600,,Expense,CC-VENUE,,XPMS 3.0 canon,Exact,Proposed,
6000.06.04-XPMS-001,6000.06.04,6000 Operations,6000.06 Site Operations & Facilities,Water & Plumbing,Tank - Gray Water,Gray Water Collection Tank,equipment,each,Standard,Gray water collection tank for sink and shower drainage.,,X,kind equipment,Install,04 Physical,,,,,,47131600,5600,,Expense,CC-VENUE,,XPMS 3.0 canon,Exact,Active,
6000.06.04-XPMS-002,6000.06.04,6000 Operations,6000.06 Site Operations & Facilities,Water & Plumbing,Water Tank - Potable,Potable Water Tank,equipment,each,Standard,Mobile potable water storage for events without municipal access.,,X,kind equipment,Install,04 Physical,,,,,,47131600,5600,,Expense,CC-VENUE,,XPMS 3.0 canon,Exact,Active,
6000.07.01-XPMS-001,6000.07.01,6000 Operations,6000.07 Credentialing & Accreditation,Credentials,All-Access Credential · Production,,credential,each,Standard,Auto-created during 0063 backfill from deliverables.ee120edb-2e95-4884-9f19-499cb584b1a3.,,X,kind credential,Advance,04 Physical,,,,,,,5600,,Expense,CC-VENUE,,XPMS 3.0 canon,Exact,Active,
6000.07.01-XPMS-002,6000.07.01,6000 Operations,6000.07 Credentialing & Accreditation,Credentials,Badge - Credential,Laminated Credential Badge,credential,each,Standard,"Custom printed credential with lanyard for staff, artist, or vendor.",PVC card | Holographic | RFID or NFC | Tyvek wristband alternative.,X,kind credential,Advance,04 Physical,5.12,4.25,6.0,336,1 to 2 people for distribution,44103100,5600,,Expense,CC-VENUE,2.x master catalog,XPMS 3.0 canon,Exact,Active,
6000.07.01-XPMS-003,6000.07.01,6000 Operations,6000.07 Credentialing & Accreditation,Credentials,Pass - Parking,Parking Pass,credential,each,Standard,Vehicle access credential for parking lots and restricted areas.,"Hang tag, dashboard placard, windshield sticker, or RFID.",X,kind credential,Advance,04 Physical,3.0,2.55,3.45,336,1 to 2 people for distribution,44103100,5600,,Expense,CC-VENUE,2.x master catalog,XPMS 3.0 canon,Exact,Active,
6000.07.01-XPMS-004,6000.07.01,6000 Operations,6000.07 Credentialing & Accreditation,Credentials,Wristband - Event,Event Wristband,credential,each,Standard,Event wristband for general admission or tiered access.,"Tyvek (paper), cloth (fabric), silicone, or RFID-enabled.",X,kind credential,Advance,04 Physical,1.08,1.0,1.15,336,1 to 2 people for distribution,44103100,5600,,Expense,CC-VENUE,2.x master catalog,XPMS 3.0 canon,Exact,Active,
6000.08.01-XPMS-001,6000.08.01,6000 Operations,6000.08 Production Office & Workplace,Expendables & Consumables,Cable Ties - Assorted,Cable Ties,tool,each,Standard,Nylon cable ties in assorted sizes.,4in through 24in | Velcro alternative available.,X,kind tool,Procure,04 Physical,10.0,8.0,12.0,24,None,31201500,5600,,Expense,CC-VENUE,2.x master catalog,XPMS 3.0 canon,Exact,Active,
6000.08.01-XPMS-006,6000.08.01,6000 Operations,6000.08 Production Office & Workplace,Expendables & Consumables,New Accent Furniture,New Accent Furniture,service,each,Standard,Gaps vs owned inventory.,,Y,kind service,Build,04 Physical,,,,,,,5600,,Expense,CC-VENUE,,XPMS 3.0 canon,Exact,Proposed,
6000.08.01-XPMS-005,6000.08.01,6000 Operations,6000.08 Production Office & Workplace,Expendables & Consumables,Owned Lounge or High-Top Furniture (Relocate & Refurb),Owned Lounge / High-Top Furniture,package,each,Standard,Existing inventory refurb.,,X,default: a nameable resource,Build,04 Physical,,,,,,,5600,,Expense,CC-VENUE,,XPMS 3.0 canon,Exact,Proposed,
6000.08.01-XPMS-002,6000.08.01,6000 Operations,6000.08 Production Office & Workplace,Expendables & Consumables,Sandbag - Ballast,Ballast Sandbag,tool,each,Standard,Filled or unfilled sandbag for ballast and anchoring.,25 lb through 50 lb | Saddle-style for pipe.,X,kind tool,Procure,04 Physical,6.0,5.0,7.0,24,None,31201500,5600,,Expense,CC-VENUE,2.x master catalog,XPMS 3.0 canon,Exact,Active,
6000.08.01-XPMS-003,6000.08.01,6000 Operations,6000.08 Production Office & Workplace,Expendables & Consumables,Strap - Ratchet,Ratchet Strap,tool,each,Standard,Ratchet or cam buckle tie-down strap for securing loads.,1in through 4in widths | 15 to 27ft lengths.,X,kind tool,Procure,04 Physical,10.0,8.0,12.0,24,None,31201500,5600,,Expense,CC-VENUE,2.x master catalog,XPMS 3.0 canon,Exact,Active,
6000.08.01-XPMS-004,6000.08.01,6000 Operations,6000.08 Production Office & Workplace,Expendables & Consumables,Tape - Gaffer,Gaffer Tape,tool,each,Standard,Professional-grade cloth gaffer tape for production.,2in x 60yd | Matte finish | Residue-free.,X,kind tool,Procure,04 Physical,15.0,13.0,17.0,24,None,31201500,5600,,Expense,CC-VENUE,2.x master catalog,XPMS 3.0 canon,Exact,Active,
6000.08.02-XPMS-001,6000.08.02,6000 Operations,6000.08 Production Office & Workplace,Office & Production,Chair - Folding,Folding Chair,equipment,each,Standard,Standard folding event chair.,,X,kind equipment,Procure,04 Physical,,,,,,56101500,5600,,Expense,CC-VENUE,,XPMS 3.0 canon,Exact,Active,
6000.08.02-XPMS-002,6000.08.02,6000 Operations,6000.08 Production Office & Workplace,Office & Production,Office Package - Production,Production Office Package,equipment,each,Standard,Complete temporary production office with furniture and equipment.,"Desk, chair, whiteboard, printer, power strip, trash can, and supplies.",X,kind equipment,Procure,04 Physical,200.0,170.0,230.0,48,1 to 2 setup crew,56101500,5600,,Expense,CC-VENUE,2.x master catalog,XPMS 3.0 canon,Exact,Active,
6000.08.02-XPMS-003,6000.08.02,6000 Operations,6000.08 Production Office & Workplace,Office & Production,Printer - Portable,Portable Printer,equipment,each,Standard,Temporary printer or multifunction device for production office.,"Inkjet, laser, MFP, or large format.",X,kind equipment,Procure,04 Physical,60.0,50.0,70.0,48,1 person,56101500,5600,,Expense,CC-VENUE,2.x master catalog,XPMS 3.0 canon,Exact,Active,
6000.08.02-GHXST-001,6000.08.02,6000 Operations,6000.08 Production Office & Workplace,Office & Production,Shipping Container - Office,,equipment,each,Standard,"Modified ISO container for bar, retail, greenroom, or storage use.",20ft or 40ft | Single or double door | With HVAC and electric.,X,kind equipment,Build,04 Physical,500.0,425.0,575.0,336,"Crane operator, 2 spotters",,5600,,Expense,CC-VENUE,2.x master catalog,2.x master catalog,Keyword,Proposed,SITE-INFR-TENT-006 · 6000.020.00
6000.08.02-XPMS-004,6000.08.02,6000 Operations,6000.08 Production Office & Workplace,Office & Production,Table - Cocktail,Cocktail Table,equipment,each,Standard,Cocktail-height round table for standing events.,,X,kind equipment,Procure,04 Physical,,,,,,56101500,5600,,Expense,CC-VENUE,,XPMS 3.0 canon,Exact,Active,
6000.08.02-XPMS-005,6000.08.02,6000 Operations,6000.08 Production Office & Workplace,Office & Production,Table - Folding - 6ft,6-Foot Folding Table,equipment,each,Standard,Standard 6ft rectangular folding banquet table.,,X,kind equipment,Procure,04 Physical,,,,,,56101500,5600,,Expense,CC-VENUE,,XPMS 3.0 canon,Exact,Active,
6000.08.02-XPMS-006,6000.08.02,6000 Operations,6000.08 Production Office & Workplace,Office & Production,Table - Folding - 8ft,8-Foot Folding Table,equipment,each,Standard,Standard 8ft rectangular folding banquet table.,,X,kind equipment,Procure,04 Physical,,,,,,56101500,5600,,Expense,CC-VENUE,,XPMS 3.0 canon,Exact,Active,
6000.08.02-XPMS-007,6000.08.02,6000 Operations,6000.08 Production Office & Workplace,Office & Production,Table - Round - 60in or 72in,60-Inch Round Table,equipment,each,Standard,Standard 60 or 72 inch round banquet table for dining or meetings.,,X,kind equipment,Procure,04 Physical,,,,,,56101500,5600,,Expense,CC-VENUE,,XPMS 3.0 canon,Exact,Active,
6000.08.02-XPMS-008,6000.08.02,6000 Operations,6000.08 Production Office & Workplace,Office & Production,Whiteboard - Freestanding,Freestanding Whiteboard,equipment,each,Standard,Freestanding whiteboard or corkboard for production office.,,X,kind equipment,Procure,04 Physical,,,,,,56101500,5600,,Expense,CC-VENUE,,XPMS 3.0 canon,Exact,Active,
6000.09.01-XPMS-001,6000.09.01,6000 Operations,6000.09 Waste & Environmental Services,Waste Management,Compactor - Portable,Portable Compactor,equipment,each,Standard,On-site waste compactor to reduce haul frequency.,,X,kind equipment,Install,04 Physical,,,,,,76111500,5600,,Expense,CC-VENUE,,XPMS 3.0 canon,Exact,Active,
6000.09.01-XPMS-002,6000.09.01,6000 Operations,6000.09 Waste & Environmental Services,Waste Management,Dumpster - Roll-Off,Roll-Off Dumpster,equipment,each,Standard,Open-top roll-off dumpster for construction and event waste.,,X,kind equipment,Install,04 Physical,,,,,,76111500,5600,,Expense,CC-VENUE,,XPMS 3.0 canon,Exact,Active,
6000.09.01-XPMS-003,6000.09.01,6000 Operations,6000.09 Waste & Environmental Services,Waste Management,Receptacle - Trash and Recycling,Trash and Recycling Receptacle,equipment,each,Standard,Event-grade waste receptacle with liner and signage.,,X,kind equipment,Install,04 Physical,,,,,,76111500,5600,,Expense,CC-VENUE,,XPMS 3.0 canon,Exact,Active,
6000.09.01-XPMS-004,6000.09.01,6000 Operations,6000.09 Waste & Environmental Services,Waste Management,Service - Waste Removal,Waste Removal Service,equipment,each,Standard,Scheduled waste collection and disposal during multi-day events.,,X,kind equipment,Install,04 Physical,,,,,,76111500,5600,,Expense,CC-VENUE,,XPMS 3.0 canon,Exact,Active,
6000.50.01-XOS-001,6000.50.01,6000 Operations,6000.50 House Management,House management,Benefits,,payroll,year,Standard,Health and other benefits.,,Y,kind payroll,Procure,04 Physical,,,,,,,5600,,Expense,CC-VENUE,,XOS 4.0 GL coverage,Representative,Proposed,6000.50.01-XOS-6120-1471
6000.50.01-XOS-007,6000.50.01,6000 Operations,6000.50 House Management,House management,House Management,,service,lump sum,Standard,Representative line for house management so the category can carry cost. Replace with the specific item on award.,,Y,kind service,Procure,04 Physical,,,,,,,5600,,Expense,CC-VENUE,,XOS 4.0 gap fill,Representative,Proposed,6000.50.01-XOS-001
6000.50.01-XOS-002,6000.50.01,6000 Operations,6000.50 House Management,House management,Payroll Taxes,,payroll,year,Standard,Employer payroll taxes at the statutory rate.,,Y,kind payroll,Procure,04 Physical,,,,,,,5600,,Expense,CC-VENUE,,XOS 4.0 GL coverage,Representative,Proposed,6000.50.01-XOS-6120-1470
6000.50.01-XOS-003,6000.50.01,6000 Operations,6000.50 House Management,House management,Salary · Deputy House Manager,,payroll,year,Standard,Annual salary.,,Y,kind payroll,Procure,04 Physical,,,,,,,5600,,Expense,CC-VENUE,,XOS 4.0 GL coverage,Representative,Proposed,6000.50.01-XOS-6110-1467
6000.50.01-XOS-004,6000.50.01,6000 Operations,6000.50 House Management,House management,Salary · Front of House Lead,,payroll,year,Standard,Part-time salary.,,Y,kind payroll,Procure,04 Physical,,,,,,,5600,,Expense,CC-VENUE,,XOS 4.0 GL coverage,Representative,Proposed,6000.50.01-XOS-6110-1468
6000.50.01-XOS-005,6000.50.01,6000 Operations,6000.50 House Management,House management,Salary · House Manager,,payroll,year,Standard,Annual salary.,,Y,kind payroll,Procure,04 Physical,,,,,,,5600,,Expense,CC-VENUE,,XOS 4.0 GL coverage,Representative,Proposed,6000.50.01-XOS-6110-1466
6000.50.01-XOS-006,6000.50.01,6000 Operations,6000.50 House Management,House management,Salary · Programming Lead,,payroll,year,Standard,Annual salary.,,Y,kind payroll,Procure,04 Physical,,,,,,,5600,,Expense,CC-VENUE,,XOS 4.0 GL coverage,Representative,Proposed,6000.50.01-XOS-6110-1469
6000.50.02-XOS-001,6000.50.02,6000 Operations,6000.50 House Management,Deputy house management,Deputy House Management,,service,lump sum,Standard,Representative line for deputy house management so the category can carry cost. Replace with the specific item on award.,,Y,kind service,Procure,04 Physical,,,,,,,5600,,Expense,CC-VENUE,,XOS 4.0 gap fill,Representative,Proposed,6000.50.02-XOS-001
6000.51.01-XOS-001,6000.51.01,6000 Operations,6000.51 Venue Services,Janitorial,Janitorial,,service,lump sum,Standard,Representative line for janitorial so the category can carry cost. Replace with the specific item on award.,,Y,kind service,Procure,04 Physical,,,,,,,5600,,Expense,CC-VENUE,,XOS 4.0 gap fill,Representative,Proposed,6000.51.01-XOS-001
6000.51.02-XOS-001,6000.51.02,6000 Operations,6000.51 Venue Services,Waste and recycling,Waste and Recycling,,service,lump sum,Standard,Representative line for waste and recycling so the category can carry cost. Replace with the specific item on award.,,Y,kind service,Procure,04 Physical,,,,,,,5600,,Expense,CC-VENUE,,XOS 4.0 gap fill,Representative,Proposed,6000.51.02-XOS-001
6000.51.03-XOS-001,6000.51.03,6000 Operations,6000.51 Venue Services,Pest control,Pest Control,,service,lump sum,Standard,Representative line for pest control so the category can carry cost. Replace with the specific item on award.,,Y,kind service,Procure,04 Physical,,,,,,,5600,,Expense,CC-VENUE,,XOS 4.0 gap fill,Representative,Proposed,6000.51.03-XOS-001
6000.51.04-XOS-001,6000.51.04,6000 Operations,6000.51 Venue Services,Fire and life safety,Fire and Life Safety,,service,lump sum,Standard,Representative line for fire and life safety so the category can carry cost. Replace with the specific item on award.,,Y,kind service,Procure,04 Physical,,,,,,,5600,,Expense,CC-VENUE,,XOS 4.0 gap fill,Representative,Proposed,6000.51.04-XOS-001
6000.51.05-XOS-001,6000.51.05,6000 Operations,6000.51 Venue Services,Key and access control,Key and Access Control,,service,lump sum,Standard,Representative line for key and access control so the category can carry cost. Replace with the specific item on award.,,Y,kind service,Procure,04 Physical,,,,,,,5600,,Expense,CC-VENUE,,XOS 4.0 gap fill,Representative,Proposed,6000.51.05-XOS-001
6000.52.01-XOS-001,6000.52.01,6000 Operations,6000.52 Event Security,Security supervision,Security Supervision,,service,lump sum,Standard,Representative line for security supervision so the category can carry cost. Replace with the specific item on award.,,Y,kind service,Procure,04 Physical,,,,,,,5600,,Expense,CC-VENUE,,XOS 4.0 gap fill,Representative,Proposed,6000.52.01-XOS-001
6000.52.02-XOS-001,6000.52.02,6000 Operations,6000.52 Event Security,Security officer,Security Officer,,service,lump sum,Standard,Representative line for security officer so the category can carry cost. Replace with the specific item on award.,,Y,kind service,Procure,04 Physical,,,,,,,5600,,Expense,CC-VENUE,,XOS 4.0 gap fill,Representative,Proposed,6000.52.02-XOS-001
6000.53.01-XOS-001,6000.53.01,6000 Operations,6000.53 Occupancy and Utilities,Base rent,Base Rent,,space,sq ft per year,Standard,Representative line for base rent so the category can carry cost. Replace with the specific item on award.,,X,kind space,Procure,04 Physical,,,,,,,5600,,Expense,CC-VENUE,,XOS 4.0 gap fill,Representative,Proposed,6000.53.01-XOS-001
6000.53.02-XOS-001,6000.53.02,6000 Operations,6000.53 Occupancy and Utilities,Operating expense recovery,Operating Expense Recovery,,space,sq ft per year,Standard,Representative line for operating expense recovery so the category can carry cost. Replace with the specific item on award.,,X,kind space,Procure,04 Physical,,,,,,,5600,,Expense,CC-VENUE,,XOS 4.0 gap fill,Representative,Proposed,6000.53.02-XOS-001
6000.53.03-XOS-001,6000.53.03,6000 Operations,6000.53 Occupancy and Utilities,Real estate taxes,Real Estate Taxes,,space,sq ft per year,Standard,Representative line for real estate taxes so the category can carry cost. Replace with the specific item on award.,,X,kind space,Procure,04 Physical,,,,,,,5600,,Expense,CC-VENUE,,XOS 4.0 gap fill,Representative,Proposed,6000.53.03-XOS-001
6000.53.04-XOS-001,6000.53.04,6000 Operations,6000.53 Occupancy and Utilities,Electricity,Electricity,,space,sq ft per year,Standard,Representative line for electricity so the category can carry cost. Replace with the specific item on award.,,X,kind space,Procure,04 Physical,,,,,,,5600,,Expense,CC-VENUE,,XOS 4.0 gap fill,Representative,Proposed,6000.53.04-XOS-001
6000.53.05-XOS-001,6000.53.05,6000 Operations,6000.53 Occupancy and Utilities,Water and sewer,Water and Sewer,,space,sq ft per year,Standard,Representative line for water and sewer so the category can carry cost. Replace with the specific item on award.,,X,kind space,Procure,04 Physical,,,,,,,5600,,Expense,CC-VENUE,,XOS 4.0 gap fill,Representative,Proposed,6000.53.05-XOS-001
6000.60.01-XOS-001,6000.60.01,6000 Operations,6000.60 Operations Ramp-Up Program,Scope activities,Scope Activities · Operations,,service,lump sum,Standard,Representative line for scope activities so the category can carry cost. Replace with the specific item on award.,,Y,kind service,Scope,04 Physical,,,,,,,5600,,Expense,CC-E00,,XOS 4.0 gap fill,Representative,Proposed,6000.60.01-XOS-001
6000.60.02-XOS-001,6000.60.02,6000 Operations,6000.60 Operations Ramp-Up Program,Engage activities,Engage Activities · Operations,,service,lump sum,Standard,Representative line for engage activities so the category can carry cost. Replace with the specific item on award.,,Y,kind service,Engage,04 Physical,,,,,,,5600,,Expense,CC-E00,,XOS 4.0 gap fill,Representative,Proposed,6000.60.02-XOS-001
6000.60.03-XOS-001,6000.60.03,6000 Operations,6000.60 Operations Ramp-Up Program,Advance activities,Advance Activities · Operations,,service,lump sum,Standard,Representative line for advance activities so the category can carry cost. Replace with the specific item on award.,,Y,kind service,Advance,04 Physical,,,,,,,5600,,Expense,CC-E00,,XOS 4.0 gap fill,Representative,Proposed,6000.60.03-XOS-001
6000.60.04-XOS-001,6000.60.04,6000 Operations,6000.60 Operations Ramp-Up Program,Procure activities,Procure Activities · Operations,,service,lump sum,Standard,Representative line for procure activities so the category can carry cost. Replace with the specific item on award.,,Y,kind service,Procure,04 Physical,,,,,,,5600,,Expense,CC-E00,,XOS 4.0 gap fill,Representative,Proposed,6000.60.04-XOS-001
6000.60.05-XOS-001,6000.60.05,6000 Operations,6000.60 Operations Ramp-Up Program,Build activities,Build Activities · Operations,,service,lump sum,Standard,Representative line for build activities so the category can carry cost. Replace with the specific item on award.,,Y,kind service,Build,04 Physical,,,,,,,5600,,Expense,CC-E00,,XOS 4.0 gap fill,Representative,Proposed,6000.60.05-XOS-001
6000.60.06-XOS-001,6000.60.06,6000 Operations,6000.60 Operations Ramp-Up Program,Install activities,Install Activities · Operations,,service,lump sum,Standard,Representative line for install activities so the category can carry cost. Replace with the specific item on award.,,Y,kind service,Install,04 Physical,,,,,,,5600,,Expense,CC-E00,,XOS 4.0 gap fill,Representative,Proposed,6000.60.06-XOS-001
6000.60.07-XOS-001,6000.60.07,6000 Operations,6000.60 Operations Ramp-Up Program,Operate activities,Operate Activities · Operations,,service,lump sum,Standard,Representative line for operate activities so the category can carry cost. Replace with the specific item on award.,,Y,kind service,Operate,04 Physical,,,,,,,5600,,Expense,CC-E00,,XOS 4.0 gap fill,Representative,Proposed,6000.60.07-XOS-001
6000.60.08-XOS-001,6000.60.08,6000 Operations,6000.60 Operations Ramp-Up Program,Amplify activities,Amplify Activities · Operations,,service,lump sum,Standard,Representative line for amplify activities so the category can carry cost. Replace with the specific item on award.,,Y,kind service,Amplify,04 Physical,,,,,,,5600,,Expense,CC-E00,,XOS 4.0 gap fill,Representative,Proposed,6000.60.08-XOS-001
6000.60.09-XOS-001,6000.60.09,6000 Operations,6000.60 Operations Ramp-Up Program,Close activities,Close Activities · Operations,,service,lump sum,Standard,Representative line for close activities so the category can carry cost. Replace with the specific item on award.,,Y,kind service,Close,04 Physical,,,,,,,5600,,Expense,CC-E00,,XOS 4.0 gap fill,Representative,Proposed,6000.60.09-XOS-001
7000.01.01-XPMS-005,7000.01.01,7000 Experience,7000.01 Guest Experience & Journey,Guest Experience & Journey,ADA Accessibility Compliance Package,ADA Accessibility Compliance Package,service,each,Standard,"Accessibility audit plus ramp, viewing-platform, and service provisions to meet ADA at temporary events.",,Y,kind service,Advance,04 Physical,,,,,,,5700,,Expense,CC-VENUE,,XPMS 3.0 canon,Exact,Proposed,
7000.01.01-GHXST-001,7000.01.01,7000 Experience,7000.01 Guest Experience & Journey,Guest Experience & Journey,ATM - Portable,,equipment,each,Standard,Portable ATM for cash access at events.,Freestanding or countertop | With surcharge configuration.,X,kind equipment,Procurement,04 Physical,250.0,210.0,290.0,72,1 person,,5700,,Expense,CC-VENUE,2.x master catalog,2.x master catalog,Discipline hint,Proposed,RETL-MRCH-POST-003 · 7000.080.00
7000.01.01-XPMS-010,7000.01.01,7000 Experience,7000.01 Guest Experience & Journey,Guest Experience & Journey,Accessibility & Inclusive Design Review,Accessibility & Inclusive Design Review,service,each,Standard,Review of the design against accessibility requirements for its jurisdiction and against inclusive-design practice beyond the legal minimum. Gate 6 verifies as-built; this establishes intent.,,Y,kind service,Scope,05 Experiential,,,,,,,5700,,Expense,CC-VENUE,,XPMS 3.0 canon,Exact,Proposed,
7000.01.01-XOS-007,7000.01.01,7000 Experience,7000.01 Guest Experience & Journey,Guest Experience & Journey,Accessories (Totes or Socks or Patches) · Base,Merch + Gifts/Swag + (Party Props),experience,each,Base,Printed tote or single accessory item.,Zone: Entrance / Lobby. Tier fit: T1; T4. Upgrades: Enamel pin / woven patch set. Add-ons: Artist-collab accessory. Substitutions: Sticker pack only.,Y,kind experience,Advance,01 Social,,,,,,,5700,,Expense,CC-VENUE,,Catalog Framework · Artifacts (Touch),Department fallback,Proposed,TCH-02
7000.01.01-XOS-008,7000.01.01,7000 Experience,7000.01 Guest Experience & Journey,Guest Experience & Journey,Accessories (Totes or Socks or Patches) · Elevated,Merch + Gifts/Swag + (Party Props),experience,each,Elevated,"Accessory set (tote, socks, sticker pack) in palette.",Zone: Entrance / Lobby. Tier fit: T1; T4. Upgrades: Enamel pin / woven patch set. Add-ons: Artist-collab accessory. Substitutions: Sticker pack only.,Y,kind experience,Advance,01 Social,,,,,,,5700,,Expense,CC-VENUE,,Catalog Framework · Artifacts (Touch),Department fallback,Proposed,TCH-02
7000.01.01-XOS-009,7000.01.01,7000 Experience,7000.01 Guest Experience & Journey,Guest Experience & Journey,Accessories (Totes or Socks or Patches) · Premium,Merch + Gifts/Swag + (Party Props),experience,each,Premium,"Premium accessory line with woven, enamel, and specialty finishes.",Zone: Entrance / Lobby. Tier fit: T1; T4. Upgrades: Enamel pin / woven patch set. Add-ons: Artist-collab accessory. Substitutions: Sticker pack only.,Y,kind experience,Advance,01 Social,,,,,,,5700,,Expense,CC-VENUE,,Catalog Framework · Artifacts (Touch),Department fallback,Proposed,TCH-02
7000.01.01-XOS-010,7000.01.01,7000 Experience,7000.01 Guest Experience & Journey,Guest Experience & Journey,Apparel (Tees or Caps or Hoodies) · Base,Merch + Gifts/Swag + (Party Props),experience,each,Base,Screen-printed tee with event/brand mark.,Zone: Entrance / Lobby. Tier fit: T1; T4. Upgrades: Cut-and-sew; embroidery. Add-ons: On-site DTG personalization. Substitutions: Cap / beanie only.,Y,kind experience,Advance,01 Social,,,,,,,5700,,Expense,CC-VENUE,,Catalog Framework · Artifacts (Touch),Department fallback,Proposed,TCH-01
7000.01.01-XOS-011,7000.01.01,7000 Experience,7000.01 Guest Experience & Journey,Guest Experience & Journey,Apparel (Tees or Caps or Hoodies) · Elevated,Merch + Gifts/Swag + (Party Props),experience,each,Elevated,"Premium-blank apparel range (tee, cap) with multi-placement print.",Zone: Entrance / Lobby. Tier fit: T1; T4. Upgrades: Cut-and-sew; embroidery. Add-ons: On-site DTG personalization. Substitutions: Cap / beanie only.,Y,kind experience,Advance,01 Social,,,,,,,5700,,Expense,CC-VENUE,,Catalog Framework · Artifacts (Touch),Department fallback,Proposed,TCH-01
7000.01.01-XOS-012,7000.01.01,7000 Experience,7000.01 Guest Experience & Journey,Guest Experience & Journey,Apparel (Tees or Caps or Hoodies) · Premium,Merch + Gifts/Swag + (Party Props),experience,each,Premium,Designer cut-and-sew capsule with embroidery and custom trims.,Zone: Entrance / Lobby. Tier fit: T1; T4. Upgrades: Cut-and-sew; embroidery. Add-ons: On-site DTG personalization. Substitutions: Cap / beanie only.,Y,kind experience,Advance,01 Social,,,,,,,5700,,Expense,CC-VENUE,,Catalog Framework · Artifacts (Touch),Department fallback,Proposed,TCH-01
7000.01.01-XOS-013,7000.01.01,7000 Experience,7000.01 Guest Experience & Journey,Guest Experience & Journey,Giveaway or Swag · Base,Merch + Gifts/Swag + (Party Props),experience,each,Base,Stickers and a wristband at entry.,Zone: All Zones. Tier fit: T1; T4. Upgrades: Swag-drop reveal moment. Add-ons: Spin-to-win swag station. Substitutions: Sticker / wristband only.,Y,kind experience,Advance,01 Social,,,,,,,5700,,Expense,CC-VENUE,,Catalog Framework · Artifacts (Touch),Department fallback,Proposed,TCH-05
7000.01.01-XOS-014,7000.01.01,7000 Experience,7000.01 Guest Experience & Journey,Guest Experience & Journey,Giveaway or Swag · Elevated,Merch + Gifts/Swag + (Party Props),experience,each,Elevated,"Branded swag set (drinkware, pin, koozie) per guest.",Zone: All Zones. Tier fit: T1; T4. Upgrades: Swag-drop reveal moment. Add-ons: Spin-to-win swag station. Substitutions: Sticker / wristband only.,Y,kind experience,Advance,01 Social,,,,,,,5700,,Expense,CC-VENUE,,Catalog Framework · Artifacts (Touch),Department fallback,Proposed,TCH-05
7000.01.01-XOS-015,7000.01.01,7000 Experience,7000.01 Guest Experience & Journey,Guest Experience & Journey,Giveaway or Swag · Premium,Merch + Gifts/Swag + (Party Props),experience,each,Premium,Designed swag drop with premium items and a reveal moment.,Zone: All Zones. Tier fit: T1; T4. Upgrades: Swag-drop reveal moment. Add-ons: Spin-to-win swag station. Substitutions: Sticker / wristband only.,Y,kind experience,Advance,01 Social,,,,,,,5700,,Expense,CC-VENUE,,Catalog Framework · Artifacts (Touch),Department fallback,Proposed,TCH-05
7000.01.01-XPMS-001,7000.01.01,7000 Experience,7000.01 Guest Experience & Journey,Guest Experience & Journey,Guest Journey Mapping Workshop,Guest Journey Mapping Workshop,service,each,Standard,Facilitated journey-mapping session producing touchpoint map and service blueprint for the activation.,,Y,kind service,Scope,05 Experiential,,,,,,,5700,,Expense,CC-VENUE,,XPMS 3.0 canon,Exact,Proposed,
7000.01.01-XPMS-004,7000.01.01,7000 Experience,7000.01 Guest Experience & Journey,Guest Experience & Journey,Guest Services Concierge,Guest Services Concierge,labor,each,Standard,"Trained concierge handling guest questions, escorts, and white-glove touches.",,Y,kind labor,Operate,05 Experiential,,,,,,,5700,,Expense,CC-VENUE,,XPMS 3.0 canon,Exact,Proposed,
7000.01.01-XPMS-006,7000.01.01,7000 Experience,7000.01 Guest Experience & Journey,Guest Experience & Journey,Guest Survey & Feedback Program,Guest Survey & Feedback Program,service,each,Standard,Designed intercept and post-event survey program with response analysis.,,Y,kind service,Amplify,02 Digital,,,,,,,5700,,Expense,CC-VENUE,,XPMS 3.0 canon,Exact,Proposed,
7000.01.01-XPMS-009,7000.01.01,7000 Experience,7000.01 Guest Experience & Journey,Guest Experience & Journey,Merch or Premiums or Goodies,Merch / premiums / goodies,package,each,Standard,Experience · Merch / premiums / goodies.,,X,default: a nameable resource,Operate,04 Physical,,,,,,,5700,,Expense,CC-VENUE,,XPMS 3.0 canon,Exact,Proposed,
7000.01.01-XOS-016,7000.01.01,7000 Experience,7000.01 Guest Experience & Journey,Guest Experience & Journey,Music Keepsake (Vinyl or Cassette) · Base,Merch + Gifts/Swag + (Party Props),experience,each,Base,Branded download card or playlist QR keepsake.,Zone: Exhibition Room. Tier fit: T2; T4. Upgrades: Numbered / signed pressing. Add-ons: Lathe-cut one-off edition. Substitutions: Digital QR keepsake.,Y,kind experience,Advance,01 Social,,,,,,,5700,,Expense,CC-VENUE,,Catalog Framework · Artifacts (Touch),Department fallback,Proposed,TCH-03
7000.01.01-XOS-017,7000.01.01,7000 Experience,7000.01 Guest Experience & Journey,Guest Experience & Journey,Music Keepsake (Vinyl or Cassette) · Elevated,Merch + Gifts/Swag + (Party Props),experience,each,Elevated,Limited cassette or 7-inch with custom sleeve.,Zone: Exhibition Room. Tier fit: T2; T4. Upgrades: Numbered / signed pressing. Add-ons: Lathe-cut one-off edition. Substitutions: Digital QR keepsake.,Y,kind experience,Advance,01 Social,,,,,,,5700,,Expense,CC-VENUE,,Catalog Framework · Artifacts (Touch),Department fallback,Proposed,TCH-03
7000.01.01-XOS-018,7000.01.01,7000 Experience,7000.01 Guest Experience & Journey,Guest Experience & Journey,Music Keepsake (Vinyl or Cassette) · Premium,Merch + Gifts/Swag + (Party Props),experience,each,Premium,Numbered vinyl pressing with gatefold art as a collectible.,Zone: Exhibition Room. Tier fit: T2; T4. Upgrades: Numbered / signed pressing. Add-ons: Lathe-cut one-off edition. Substitutions: Digital QR keepsake.,Y,kind experience,Advance,01 Social,,,,,,,5700,,Expense,CC-VENUE,,Catalog Framework · Artifacts (Touch),Department fallback,Proposed,TCH-03
7000.01.01-GHXST-002,7000.01.01,7000 Experience,7000.01 Guest Experience & Journey,Guest Experience & Journey,POS System - Mobile,,equipment,each,Standard,Mobile point-of-sale system for merch and concession sales.,"Square, Clover, Toast, or Shopify POS.",X,kind equipment,Procurement,04 Physical,48.5,42.0,55.0,72,1 person,,5700,,Expense,CC-VENUE,2.x master catalog,2.x master catalog,Discipline hint,Proposed,RETL-MRCH-POST-001 · 7000.080.00
7000.01.01-XPMS-007,7000.01.01,7000 Experience,7000.01 Guest Experience & Journey,Guest Experience & Journey,Permanent Community Portrait Gallery ( FtHumans of Miami Ft),Permanent Community Portrait Gallery,service,each,Standard,Experience · Permanent Community Portrait Gallery ('Humans of Miami').,,Y,kind service,Build,04 Physical,,,,,,,5700,,Expense,CC-VENUE,,XPMS 3.0 canon,Exact,Proposed,
7000.01.01-XPMS-008,7000.01.01,7000 Experience,7000.01 Guest Experience & Journey,Guest Experience & Journey,Photo or Interactive or Guest Moment,Photo / interactive / guest moment,package,each,Standard,Experience · Photo / interactive / guest moment.,,X,default: a nameable resource,Operate,04 Physical,,,,,,,5700,,Expense,CC-VENUE,,XPMS 3.0 canon,Exact,Proposed,
7000.01.01-XPMS-011,7000.01.01,7000 Experience,7000.01 Guest Experience & Journey,Guest Experience & Journey,Post-Event Guest Survey & NPS,Post-Event Guest Survey & NPS,service,each,Standard,"Fielding and analysis of post-event guest research, delivering satisfaction and recommendation measures with sample size and method stated.",,Y,kind service,Amplify,05 Experiential,,,,,,,5700,,Expense,CC-VENUE,,XPMS 3.0 canon,Exact,Proposed,
7000.01.01-XPMS-003,7000.01.01,7000 Experience,7000.01 Guest Experience & Journey,Guest Experience & Journey,Queue Management Package,Queue Management Package,equipment,each,Standard,"Stanchion, belt, and queue-signage package with flow plan for a managed entry zone.",,X,kind equipment,Operate,04 Physical,,,,,,,5700,,Expense,CC-VENUE,,XPMS 3.0 canon,Exact,Proposed,
7000.01.01-XOS-001,7000.01.01,7000 Experience,7000.01 Guest Experience & Journey,Guest Experience & Journey,Sculptural Centerpiece · Base,Art Installations,experience,each,Base,Single rented sculptural object as a focal point.,Zone: Exhibition Room. Tier fit: T2; T4. Upgrades: Engineered hero scale; motion. Add-ons: Local-artist commission credit. Substitutions: Floral sculptural feature.,Y,kind experience,Build,05 Experiential,,,,,,,5700,,Expense,CC-VENUE,,Catalog Framework · Architecture (Sight),Department fallback,Proposed,SGT-29
7000.01.01-XOS-002,7000.01.01,7000 Experience,7000.01 Guest Experience & Journey,Guest Experience & Journey,Sculptural Centerpiece · Elevated,Art Installations,experience,each,Elevated,Commissioned mid-scale sculpture in the design palette.,Zone: Exhibition Room. Tier fit: T2; T4. Upgrades: Engineered hero scale; motion. Add-ons: Local-artist commission credit. Substitutions: Floral sculptural feature.,Y,kind experience,Build,05 Experiential,,,,,,,5700,,Expense,CC-VENUE,,Catalog Framework · Architecture (Sight),Department fallback,Proposed,SGT-29
7000.01.01-XOS-003,7000.01.01,7000 Experience,7000.01 Guest Experience & Journey,Guest Experience & Journey,Sculptural Centerpiece · Premium,Art Installations,experience,each,Premium,Large-scale commissioned hero sculpture engineered as the room's anchor moment.,Zone: Exhibition Room. Tier fit: T2; T4. Upgrades: Engineered hero scale; motion. Add-ons: Local-artist commission credit. Substitutions: Floral sculptural feature.,Y,kind experience,Build,05 Experiential,,,,,,,5700,,Expense,CC-VENUE,,Catalog Framework · Architecture (Sight),Department fallback,Proposed,SGT-29
7000.01.01-XOS-004,7000.01.01,7000 Experience,7000.01 Guest Experience & Journey,Guest Experience & Journey,Suspended or Aerial Installation · Base,Art Installations,experience,each,Base,Hanging mobile or cluster from existing rig points.,Zone: Main Stage and Bar. Tier fit: T3; T4. Upgrades: Kinetic motion; integrated lighting. Add-ons: Sound-reactive control. Substitutions: Ground sculpture instead.,Y,kind experience,Build,05 Experiential,,,,,,,5700,,Expense,CC-VENUE,,Catalog Framework · Architecture (Sight),Department fallback,Proposed,SGT-30
7000.01.01-XOS-005,7000.01.01,7000 Experience,7000.01 Guest Experience & Journey,Guest Experience & Journey,Suspended or Aerial Installation · Elevated,Art Installations,experience,each,Elevated,"Designed suspended element (fabric, panels, or objects) over a key zone.",Zone: Main Stage and Bar. Tier fit: T3; T4. Upgrades: Kinetic motion; integrated lighting. Add-ons: Sound-reactive control. Substitutions: Ground sculpture instead.,Y,kind experience,Build,05 Experiential,,,,,,,5700,,Expense,CC-VENUE,,Catalog Framework · Architecture (Sight),Department fallback,Proposed,SGT-30
7000.01.01-XOS-006,7000.01.01,7000 Experience,7000.01 Guest Experience & Journey,Guest Experience & Journey,Suspended or Aerial Installation · Premium,Art Installations,experience,each,Premium,Engineered kinetic aerial installation with lighting and optional motion.,Zone: Main Stage and Bar. Tier fit: T3; T4. Upgrades: Kinetic motion; integrated lighting. Add-ons: Sound-reactive control. Substitutions: Ground sculpture instead.,Y,kind experience,Build,05 Experiential,,,,,,,5700,,Expense,CC-VENUE,,Catalog Framework · Architecture (Sight),Department fallback,Proposed,SGT-30
7000.01.01-XPMS-002,7000.01.01,7000 Experience,7000.01 Guest Experience & Journey,Guest Experience & Journey,Wayfinding Program Design & Plan,Wayfinding Program Design & Plan,service,each,Standard,"Site-wide wayfinding strategy, sign schedule, and placement plan handed to signage fabrication.",,Y,kind service,Scope,05 Experiential,,,,,,,5700,,Expense,CC-VENUE,,XPMS 3.0 canon,Exact,Proposed,
7000.01.01-XOS-019,7000.01.01,7000 Experience,7000.01 Guest Experience & Journey,Guest Experience & Journey,Welcome or Premium Gift · Base,Merch + Gifts/Swag + (Party Props),experience,each,Base,Single welcome item at check-in.,Zone: Entrance / Lobby. Tier fit: T1; T4. Upgrades: On-site personalization / engraving. Add-ons: Gifting-suite attendant. Substitutions: Single gift item.,Y,kind experience,Advance,01 Social,,,,,,,5700,,Expense,CC-VENUE,,Catalog Framework · Artifacts (Touch),Department fallback,Proposed,TCH-04
7000.01.01-XOS-020,7000.01.01,7000 Experience,7000.01 Guest Experience & Journey,Guest Experience & Journey,Welcome or Premium Gift · Elevated,Merch + Gifts/Swag + (Party Props),experience,each,Elevated,Curated welcome gift box with two to three items.,Zone: Entrance / Lobby. Tier fit: T1; T4. Upgrades: On-site personalization / engraving. Add-ons: Gifting-suite attendant. Substitutions: Single gift item.,Y,kind experience,Advance,01 Social,,,,,,,5700,,Expense,CC-VENUE,,Catalog Framework · Artifacts (Touch),Department fallback,Proposed,TCH-04
7000.01.01-XOS-021,7000.01.01,7000 Experience,7000.01 Guest Experience & Journey,Guest Experience & Journey,Welcome or Premium Gift · Premium,Merch + Gifts/Swag + (Party Props),experience,each,Premium,Luxury gifting suite with personalization and premium packaging.,Zone: Entrance / Lobby. Tier fit: T1; T4. Upgrades: On-site personalization / engraving. Add-ons: Gifting-suite attendant. Substitutions: Single gift item.,Y,kind experience,Advance,01 Social,,,,,,,5700,,Expense,CC-VENUE,,Catalog Framework · Artifacts (Touch),Department fallback,Proposed,TCH-04
7000.02.01-XPMS-001,7000.02.01,7000 Experience,7000.02 Activations & Brand Experiences,Creative & Specialty,Artist - Hair and Makeup,Hair and Makeup Artist,labor,each,Standard,Professional hair and makeup for talent or branding.,,Y,kind labor,Build,04 Physical,,,,,,80112000,5700,,Expense,CC-VENUE,,XPMS 3.0 canon,Exact,Active,
7000.02.01-XPMS-002,7000.02.01,7000 Experience,7000.02 Activations & Brand Experiences,Creative & Specialty,Designer - Graphic,On-Site Graphic Designer,labor,each,Standard,On-site graphic designer for day-of signage and changes.,,Y,kind labor,Build,04 Physical,,,,,,80112000,5700,,Expense,CC-VENUE,,XPMS 3.0 canon,Exact,Active,
7000.02.01-XPMS-003,7000.02.01,7000 Experience,7000.02 Activations & Brand Experiences,Creative & Specialty,Drone Pilot - Licensed,Licensed Drone Pilot,labor,each,Standard,FAA Part 107 licensed drone pilot for aerial capture.,,Y,kind labor,Build,04 Physical,,,,,,80112000,5700,,Expense,CC-VENUE,,XPMS 3.0 canon,Exact,Active,
7000.02.01-XPMS-007,7000.02.01,7000 Experience,7000.02 Activations & Brand Experiences,Creative & Specialty,Exhibition Rotating Content Production,Exhibition Rotating Content Production,service,each,Standard,Launch content set.,,Y,kind service,Build,04 Physical,,,,,,,5700,,Expense,CC-VENUE,,XPMS 3.0 canon,Exact,Proposed,
7000.02.01-XPMS-004,7000.02.01,7000 Experience,7000.02 Activations & Brand Experiences,Creative & Specialty,Photographer - Event,Event Photographer,labor,each,Standard,Professional event photographer for documentation and content.,,Y,kind labor,Build,04 Physical,,,,,,80112000,5700,,Expense,CC-VENUE,,XPMS 3.0 canon,Exact,Active,
7000.02.01-XPMS-008,7000.02.01,7000 Experience,7000.02 Activations & Brand Experiences,Creative & Specialty,Spotify Branding Integration Elements,Spotify Branding Integration Elements,package,each,Standard,Room-level brand integration.,,X,default: a nameable resource,Build,04 Physical,,,,,,,5700,,Expense,CC-VENUE,,XPMS 3.0 canon,Exact,Proposed,
7000.02.01-XPMS-005,7000.02.01,7000 Experience,7000.02 Activations & Brand Experiences,Creative & Specialty,Stylist - Wardrobe,Wardrobe Stylist,labor,each,Standard,Wardrobe management and costume coordination for talent.,,Y,kind labor,Build,04 Physical,,,,,,80112000,5700,,Expense,CC-VENUE,,XPMS 3.0 canon,Exact,Active,
7000.02.01-XPMS-006,7000.02.01,7000 Experience,7000.02 Activations & Brand Experiences,Creative & Specialty,Videographer - Event,Event Videographer,labor,each,Standard,Professional videographer for recap or content capture.,,Y,kind labor,Operate,04 Physical,,,,,,80112000,5700,,Expense,CC-VENUE,,XPMS 3.0 canon,Exact,Active,
7000.02.02-XOS-001,7000.02.02,7000 Experience,7000.02 Activations & Brand Experiences,Props,Party Props & Hand-Held · Base,Merch + Gifts/Swag + (Party Props),experience,each,Base,Branded fans or glasses for peak moments.,Zone: Main Stage and Bar. Tier fit: T1; T4. Upgrades: LED wristband sync; confetti drop. Add-ons: Photo-prop styling set. Substitutions: Confetti cannon only.,Y,kind experience,Show,05 Experiential,,,,,,,5700,,Expense,CC-VENUE,,Catalog Framework · Artifacts (Touch),Keyword,Proposed,TCH-06
7000.02.02-XOS-002,7000.02.02,7000 Experience,7000.02 Activations & Brand Experiences,Props,Party Props & Hand-Held · Elevated,Merch + Gifts/Swag + (Party Props),experience,each,Elevated,"Props kit (LED wristbands, fans, signs) distributed for the show.",Zone: Main Stage and Bar. Tier fit: T1; T4. Upgrades: LED wristband sync; confetti drop. Add-ons: Photo-prop styling set. Substitutions: Confetti cannon only.,Y,kind experience,Show,05 Experiential,,,,,,,5700,,Expense,CC-VENUE,,Catalog Framework · Artifacts (Touch),Keyword,Proposed,TCH-06
7000.02.02-XOS-003,7000.02.02,7000 Experience,7000.02 Activations & Brand Experiences,Props,Party Props & Hand-Held · Premium,Merch + Gifts/Swag + (Party Props),experience,each,Premium,Choreographed prop moment with custom LED and confetti for the climax.,Zone: Main Stage and Bar. Tier fit: T1; T4. Upgrades: LED wristband sync; confetti drop. Add-ons: Photo-prop styling set. Substitutions: Confetti cannon only.,Y,kind experience,Show,05 Experiential,,,,,,,5700,,Expense,CC-VENUE,,Catalog Framework · Artifacts (Touch),Keyword,Proposed,TCH-06
7000.02.02-XPMS-001,7000.02.02,7000 Experience,7000.02 Activations & Brand Experiences,Props,Party Props & Interactive Props,,service,each,Standard,Branded party and interactive props.,,Y,kind service,Operate,05 Experiential,,,,,,,5700,,Expense,CC-VENUE,,XPMS 3.0 canon,Exact,Active,
7000.02.03-XPMS-001,7000.02.03,7000 Experience,7000.02 Activations & Brand Experiences,Verbal Identity,Verbal Identity Activation,,service,each,Standard,In-experience verbal identity moments.,,Y,kind service,Operate,05 Experiential,,,,,,,5700,,Expense,CC-VENUE,,XPMS 3.0 canon,Exact,Active,
7000.03.01-XPMS-001,7000.03.01,7000 Experience,7000.03 Retail & Merchandise,Vendor Infrastructure,Activation Space - Sponsor,Sponsor Activation Space,equipment,each,Standard,Dedicated footprint for sponsor brand activation.,"10x10 through custom | Tented, hard-wall, or full build-out.",X,kind equipment,Procure,04 Physical,600.0,500.0,700.0,336,3 to 6 tent crew,80141600,5700,,Expense,CC-VENUE,2.x master catalog,XPMS 3.0 canon,Exact,Active,
7000.03.01-XPMS-002,7000.03.01,7000 Experience,7000.03 Retail & Merchandise,Vendor Infrastructure,Booth Space - Vendor,Vendor Booth Space,equipment,each,Standard,Designated vendor marketplace booth with power and table.,10x10 through 10x20 | Shared tent or open-air.,X,kind equipment,Procure,04 Physical,150.0,130.0,170.0,336,3 to 6 tent crew,80141600,5700,,Expense,CC-VENUE,2.x master catalog,XPMS 3.0 canon,Exact,Active,
7000.03.01-XPMS-004,7000.03.01,7000 Experience,7000.03 Retail & Merchandise,Vendor Infrastructure,Retail or Merch Micro-Nook Fixtures,Retail / Merch Micro-Nook Fixtures,package,each,Standard,Retail nook fixtures.,,X,default: a nameable resource,Build,04 Physical,,,,,,,5700,,Expense,CC-VENUE,,XPMS 3.0 canon,Exact,Proposed,
7000.03.01-XPMS-003,7000.03.01,7000 Experience,7000.03 Retail & Merchandise,Vendor Infrastructure,Vendor Pad - Food Truck,Food Vendor Pad,equipment,each,Standard,Level prepared pad for food truck or food vendor tent.,"10x20 through 20x30 | With power, water, and waste.",X,kind equipment,Procure,04 Physical,250.0,210.0,290.0,336,3 to 6 tent crew,80141600,5700,,Expense,CC-VENUE,2.x master catalog,XPMS 3.0 canon,Exact,Active,
7000.03.02-XPMS-001,7000.03.02,7000 Experience,7000.03 Retail & Merchandise,Packaging & Supplies,Bag - Shopping - Branded,Branded Shopping Bag,equipment,each,Standard,Custom branded bags for merchandise purchases.,"Small through large | Paper, plastic, or reusable.",X,kind equipment,Procure,04 Physical,48.5,42.0,55.0,72,1 person,55121500,5700,,Expense,CC-VENUE,2.x master catalog,XPMS 3.0 canon,Exact,Active,
7000.03.02-GHXST-001,7000.03.02,7000 Experience,7000.03 Retail & Merchandise,Packaging & Supplies,Supplies - Cash Handling,,equipment,each,Standard,"Cash drawer, coin changer, counterfeit detector, and money bags.","Drawer, counter, changer, and detection.",X,kind equipment,Procurement,04 Physical,60.0,50.0,70.0,72,1 person,,5700,,Expense,CC-VENUE,2.x master catalog,2.x master catalog,Keyword,Proposed,RETL-MRCH-POST-002 · 7000.080.00
7000.03.02-XPMS-002,7000.03.02,7000 Experience,7000.03 Retail & Merchandise,Packaging & Supplies,Supplies - Retail Packaging,Retail Packaging Supplies,equipment,each,Standard,"Receipt paper, tissue paper, stickers, and gift wrap.","Receipt rolls, tissue, brand stickers, and wrapping.",X,kind equipment,Procure,04 Physical,30.0,26.0,34.0,72,1 person,55121500,5700,,Expense,CC-VENUE,2.x master catalog,XPMS 3.0 canon,Exact,Active,
7000.03.03-XPMS-001,7000.03.03,7000 Experience,7000.03 Retail & Merchandise,Display & Fixtures,Booth - Merchandise,Merchandise Booth,equipment,each,Standard,Dedicated merch sales structure with counter and display.,"10x10 through 20x20 | With lighting, counter, racks, and POS.",X,kind equipment,Procure,04 Physical,500.0,425.0,575.0,72,1 person,52141500,5700,,Expense,CC-VENUE,2.x master catalog,XPMS 3.0 canon,Exact,Active,
7000.03.03-XPMS-002,7000.03.03,7000 Experience,7000.03 Retail & Merchandise,Display & Fixtures,Display Case - Lockable,Lockable Display Case,equipment,each,Standard,Secure glass or acrylic display case for high-value items.,2ft through 4ft | Countertop and freestanding options.,X,kind equipment,Procure,04 Physical,40.0,34.0,46.0,72,1 person,52141500,5700,,Expense,CC-VENUE,2.x master catalog,XPMS 3.0 canon,Exact,Active,
7000.03.03-XPMS-003,7000.03.03,7000 Experience,7000.03 Retail & Merchandise,Display & Fixtures,Mannequin - Display,Display Mannequin,equipment,each,Standard,Display mannequin for apparel merchandising.,"Full body, half body, or dress form.",X,kind equipment,Procure,04 Physical,30.0,26.0,34.0,72,1 person,52141500,5700,,Expense,CC-VENUE,2.x master catalog,XPMS 3.0 canon,Exact,Active,
7000.03.03-XPMS-004,7000.03.03,7000 Experience,7000.03 Retail & Merchandise,Display & Fixtures,Rack - Garment,Garment Rack,equipment,each,Standard,Rolling or stationary garment display rack.,"Single bar, double bar, round, or Z-rack.",X,kind equipment,Procure,04 Physical,20.0,17.0,23.0,72,1 person,52141500,5700,,Expense,CC-VENUE,2.x master catalog,XPMS 3.0 canon,Exact,Active,
7000.03.03-XPMS-005,7000.03.03,7000 Experience,7000.03 Retail & Merchandise,Display & Fixtures,Shelving - Display,Modular Display Shelving,equipment,each,Standard,Modular display shelving for product merchandising.,"Gridwall (2x6, 2x8), slatwall panel, or wire shelving.",X,kind equipment,Procure,04 Physical,30.0,26.0,34.0,72,1 person,52141500,5700,,Expense,CC-VENUE,2.x master catalog,XPMS 3.0 canon,Exact,Active,
7000.03.03-XPMS-006,7000.03.03,7000 Experience,7000.03 Retail & Merchandise,Display & Fixtures,Table - Display,Display Table,equipment,each,Standard,Merchandise display table or sales counter.,4ft through 8ft | Folding and custom options.,X,kind equipment,Procure,04 Physical,30.0,26.0,34.0,72,1 person,52141500,5700,,Expense,CC-VENUE,2.x master catalog,XPMS 3.0 canon,Exact,Active,
7000.03.04-XPMS-001,7000.03.04,7000 Experience,7000.03 Retail & Merchandise,Static Fixtures,Blacklight - UV,Blacklight Fixture,equipment,each,Standard,UV and blacklight fixture for glow effects and UV-reactive decor.,,X,kind equipment,Procure,04 Physical,,,,,,39111500,5700,,Expense,CC-VENUE,,XPMS 3.0 canon,Exact,Active,
7000.03.04-XPMS-002,7000.03.04,7000 Experience,7000.03 Retail & Merchandise,Static Fixtures,Blinder - Audience,Blinder,equipment,each,Standard,High-intensity audience blinder for dramatic wash effects.,,X,kind equipment,Procure,04 Physical,,,,,,39111500,5700,,Expense,CC-VENUE,,XPMS 3.0 canon,Exact,Active,
7000.03.04-XPMS-003,7000.03.04,7000 Experience,7000.03 Retail & Merchandise,Static Fixtures,Ellipsoidal - Source Four,Ellipsoidal Spotlight,equipment,each,Standard,Conventional or LED ellipsoidal spotlight for key and gobo projection.,,X,kind equipment,Procure,04 Physical,,,,,,39111500,5700,,Expense,CC-VENUE,,XPMS 3.0 canon,Exact,Active,
7000.03.04-XPMS-004,7000.03.04,7000 Experience,7000.03 Retail & Merchandise,Static Fixtures,Followspot,Followspot,equipment,each,Standard,Manually operated followspot for performer tracking.,,X,kind equipment,Procure,04 Physical,,,,,,39111500,5700,,Expense,CC-VENUE,,XPMS 3.0 canon,Exact,Active,
7000.03.04-XPMS-005,7000.03.04,7000 Experience,7000.03 Retail & Merchandise,Static Fixtures,PAR Can - LED,LED PAR Can,equipment,each,Standard,"Static LED PAR wash for uplighting, stage wash, or decor.",,X,kind equipment,Procure,04 Physical,,,,,,39111500,5700,,Expense,CC-VENUE,,XPMS 3.0 canon,Exact,Active,
7000.03.04-XPMS-006,7000.03.04,7000 Experience,7000.03 Retail & Merchandise,Static Fixtures,Pixel Tape - LED,LED Pixel Tape,equipment,each,Standard,Individually addressable LED tape for scenic and decorative effects.,,X,kind equipment,Procure,04 Physical,,,,,,39111500,5700,,Expense,CC-VENUE,,XPMS 3.0 canon,Exact,Active,
7000.03.04-XPMS-007,7000.03.04,7000 Experience,7000.03 Retail & Merchandise,Static Fixtures,String Lights - Bistro,Bistro String Lights,equipment,each,Standard,Decorative string lights for ambiance and outdoor areas.,,X,kind equipment,Procure,04 Physical,,,,,,39111500,5700,,Expense,CC-VENUE,,XPMS 3.0 canon,Exact,Active,
7000.03.04-XPMS-008,7000.03.04,7000 Experience,7000.03 Retail & Merchandise,Static Fixtures,Strobe - DMX,Strobe Light,equipment,each,Standard,High-intensity strobe fixture for dramatic flash effects.,,X,kind equipment,Procure,04 Physical,,,,,,39111500,5700,,Expense,CC-VENUE,,XPMS 3.0 canon,Exact,Active,
7000.03.05-XPMS-001,7000.03.05,7000 Experience,7000.03 Retail & Merchandise,Merchandise,Custom Merchandise Program,,service,each,Standard,"Custom merch design, production, fulfillment.",,Y,kind service,Operate,05 Experiential,,,,,,,5700,,Expense,CC-VENUE,,XPMS 3.0 canon,Exact,Active,
7000.04.01-XOS-001,7000.04.01,7000 Experience,7000.04 Sensory & Atmosphere,Scent Diffusion,Candles & Open Flame · Base,Scent Program,experience,each,Base,Unscented pillar candles for ambiance.,Zone: El Patio. Tier fit: T1; T4. Upgrades: Custom branded candle vessel. Add-ons: Artist-themed scent story. Substitutions: Flameless LED candles.,Y,kind experience,Build,05 Experiential,,,,,,,5700,,Expense,CC-VENUE,,Catalog Framework · Aromas (Scent),Keyword,Proposed,SCT-03
7000.04.01-XOS-002,7000.04.01,7000 Experience,7000.04 Sensory & Atmosphere,Scent Diffusion,Candles & Open Flame · Elevated,Scent Program,experience,each,Elevated,Scented candle program in palette across bars and tables.,Zone: El Patio. Tier fit: T1; T4. Upgrades: Custom branded candle vessel. Add-ons: Artist-themed scent story. Substitutions: Flameless LED candles.,Y,kind experience,Build,05 Experiential,,,,,,,5700,,Expense,CC-VENUE,,Catalog Framework · Aromas (Scent),Keyword,Proposed,SCT-03
7000.04.01-XOS-003,7000.04.01,7000 Experience,7000.04 Sensory & Atmosphere,Scent Diffusion,Candles & Open Flame · Premium,Scent Program,experience,each,Premium,Custom-poured signature candles with branded vessels (also gift-ready).,Zone: El Patio. Tier fit: T1; T4. Upgrades: Custom branded candle vessel. Add-ons: Artist-themed scent story. Substitutions: Flameless LED candles.,Y,kind experience,Build,05 Experiential,,,,,,,5700,,Expense,CC-VENUE,,Catalog Framework · Aromas (Scent),Keyword,Proposed,SCT-03
7000.04.01-XPMS-002,7000.04.01,7000 Experience,7000.04 Sensory & Atmosphere,Scent Diffusion,Cold-Air Scent Diffuser (Standalone),,equipment,each,Standard,Standalone cold-air nebulizing diffuser.,,X,kind equipment,Operate,05 Experiential,,,,,,,5700,,Expense,CC-VENUE,,XPMS 3.0 canon,Exact,Active,
7000.04.01-XOS-004,7000.04.01,7000 Experience,7000.04 Sensory & Atmosphere,Scent Diffusion,Fresh Florals & Botanicals (Aroma) · Base,Scent Program,experience,each,Base,Lightly fragrant blooms at the entry.,Zone: Entrance / Lobby. Tier fit: T1; T4. Upgrades: Aromatic herb / citrus accents. Add-ons: Daily fresh refresh. Substitutions: Non-fragrant greenery.,Y,kind experience,Build,05 Experiential,,,,,,,5700,,Expense,CC-VENUE,,Catalog Framework · Aromas (Scent),Keyword,Proposed,SCT-04
7000.04.01-XOS-005,7000.04.01,7000 Experience,7000.04 Sensory & Atmosphere,Scent Diffusion,Fresh Florals & Botanicals (Aroma) · Elevated,Scent Program,experience,each,Elevated,"Aromatic floral selection (jasmine, eucalyptus) placed for scent throw.",Zone: Entrance / Lobby. Tier fit: T1; T4. Upgrades: Aromatic herb / citrus accents. Add-ons: Daily fresh refresh. Substitutions: Non-fragrant greenery.,Y,kind experience,Build,05 Experiential,,,,,,,5700,,Expense,CC-VENUE,,Catalog Framework · Aromas (Scent),Keyword,Proposed,SCT-04
7000.04.01-XOS-006,7000.04.01,7000 Experience,7000.04 Sensory & Atmosphere,Scent Diffusion,Fresh Florals & Botanicals (Aroma) · Premium,Scent Program,experience,each,Premium,Designed aromatic botanical program coordinated with the floral and greenery plan.,Zone: Entrance / Lobby. Tier fit: T1; T4. Upgrades: Aromatic herb / citrus accents. Add-ons: Daily fresh refresh. Substitutions: Non-fragrant greenery.,Y,kind experience,Build,05 Experiential,,,,,,,5700,,Expense,CC-VENUE,,Catalog Framework · Aromas (Scent),Keyword,Proposed,SCT-04
7000.04.01-XPMS-001,7000.04.01,7000 Experience,7000.04 Sensory & Atmosphere,Scent Diffusion,HVAC Scent Diffusion System,,equipment,each,Standard,Ducted scent injection across HVAC.,,X,kind equipment,Operate,05 Experiential,,,,,,,5700,,Expense,CC-VENUE,,XPMS 3.0 canon,Exact,Active,
7000.04.01-XOS-007,7000.04.01,7000 Experience,7000.04 Sensory & Atmosphere,Scent Diffusion,Signature Space Scent (HVAC Diffusion) · Base,Scent Program,experience,each,Base,Single diffuser scenting the main entry zone.,Zone: All Zones. Tier fit: T1; T4. Upgrades: Custom scent blend; per-zone control. Add-ons: Scent transition by set moment. Substitutions: Standalone diffusers only.,Y,kind experience,Build,05 Experiential,,,,,,,5700,,Expense,CC-VENUE,,Catalog Framework · Aromas (Scent),Keyword,Proposed,SCT-01
7000.04.01-XOS-008,7000.04.01,7000 Experience,7000.04 Sensory & Atmosphere,Scent Diffusion,Signature Space Scent (HVAC Diffusion) · Elevated,Scent Program,experience,each,Elevated,Multi-point cold-air diffusion across primary zones with one signature scent.,Zone: All Zones. Tier fit: T1; T4. Upgrades: Custom scent blend; per-zone control. Add-ons: Scent transition by set moment. Substitutions: Standalone diffusers only.,Y,kind experience,Build,05 Experiential,,,,,,,5700,,Expense,CC-VENUE,,Catalog Framework · Aromas (Scent),Keyword,Proposed,SCT-01
7000.04.01-XOS-009,7000.04.01,7000 Experience,7000.04 Sensory & Atmosphere,Scent Diffusion,Signature Space Scent (HVAC Diffusion) · Premium,Scent Program,experience,each,Premium,Full HVAC-integrated scent system zoned per room with a custom-blended signature scent.,Zone: All Zones. Tier fit: T1; T4. Upgrades: Custom scent blend; per-zone control. Add-ons: Scent transition by set moment. Substitutions: Standalone diffusers only.,Y,kind experience,Build,05 Experiential,,,,,,,5700,,Expense,CC-VENUE,,Catalog Framework · Aromas (Scent),Keyword,Proposed,SCT-01
7000.04.01-XOS-010,7000.04.01,7000 Experience,7000.04 Sensory & Atmosphere,Scent Diffusion,Standalone Diffusers or Nebulizers · Base,Scent Program,experience,each,Base,Two plug-in nebulizers in lounge zones.,Zone: Exhibition Room. Tier fit: T1; T4. Upgrades: Density-tuned scheduling. Add-ons: Discreet concealment housing. Substitutions: HVAC integration instead.,Y,kind experience,Build,05 Experiential,,,,,,,5700,,Expense,CC-VENUE,,Catalog Framework · Aromas (Scent),Keyword,Proposed,SCT-02
7000.04.01-XOS-011,7000.04.01,7000 Experience,7000.04 Sensory & Atmosphere,Scent Diffusion,Standalone Diffusers or Nebulizers · Elevated,Scent Program,experience,each,Elevated,Designer nebulizer units placed per zone with scheduled intensity.,Zone: Exhibition Room. Tier fit: T1; T4. Upgrades: Density-tuned scheduling. Add-ons: Discreet concealment housing. Substitutions: HVAC integration instead.,Y,kind experience,Build,05 Experiential,,,,,,,5700,,Expense,CC-VENUE,,Catalog Framework · Aromas (Scent),Keyword,Proposed,SCT-02
7000.04.01-XOS-012,7000.04.01,7000 Experience,7000.04 Sensory & Atmosphere,Scent Diffusion,Standalone Diffusers or Nebulizers · Premium,Scent Program,experience,each,Premium,Concealed nebulizer network tuned to crowd density and time of night.,Zone: Exhibition Room. Tier fit: T1; T4. Upgrades: Density-tuned scheduling. Add-ons: Discreet concealment housing. Substitutions: HVAC integration instead.,Y,kind experience,Build,05 Experiential,,,,,,,5700,,Expense,CC-VENUE,,Catalog Framework · Aromas (Scent),Keyword,Proposed,SCT-02
7000.04.01-XOS-013,7000.04.01,7000 Experience,7000.04 Sensory & Atmosphere,Scent Diffusion,Take-Home Signature Scent · Base,Scent Program,experience,each,Base,Scented sachet or card as a parting touch.,Zone: Entrance / Lobby. Tier fit: T2; T4. Upgrades: Branded scent kit packaging. Add-ons: Artist-collab scent edition. Substitutions: No take-home scent.,Y,kind experience,Advance,05 Experiential,,,,,,,5700,,Expense,CC-VENUE,,Catalog Framework · Aromas (Scent),Keyword,Proposed,SCT-06
7000.04.01-XOS-014,7000.04.01,7000 Experience,7000.04 Sensory & Atmosphere,Scent Diffusion,Take-Home Signature Scent · Elevated,Scent Program,experience,each,Elevated,Travel candle or room spray in the signature scent as a gift.,Zone: Entrance / Lobby. Tier fit: T2; T4. Upgrades: Branded scent kit packaging. Add-ons: Artist-collab scent edition. Substitutions: No take-home scent.,Y,kind experience,Advance,05 Experiential,,,,,,,5700,,Expense,CC-VENUE,,Catalog Framework · Aromas (Scent),Keyword,Proposed,SCT-06
7000.04.01-XOS-015,7000.04.01,7000 Experience,7000.04 Sensory & Atmosphere,Scent Diffusion,Take-Home Signature Scent · Premium,Scent Program,experience,each,Premium,"Full take-home scent kit (candle, spray, oil) in branded packaging.",Zone: Entrance / Lobby. Tier fit: T2; T4. Upgrades: Branded scent kit packaging. Add-ons: Artist-collab scent edition. Substitutions: No take-home scent.,Y,kind experience,Advance,05 Experiential,,,,,,,5700,,Expense,CC-VENUE,,Catalog Framework · Aromas (Scent),Keyword,Proposed,SCT-06
7000.04.02-XPMS-002,7000.04.02,7000 Experience,7000.04 Sensory & Atmosphere,Aromatics,Branded Candle or Reed Diffuser,,equipment,each,Standard,Ambient branded candle or reed diffuser.,,X,kind equipment,Operate,05 Experiential,,,,,,,5700,,Expense,CC-VENUE,,XPMS 3.0 canon,Exact,Active,
7000.04.02-XPMS-001,7000.04.02,7000 Experience,7000.04 Sensory & Atmosphere,Aromatics,Signature Aroma Oil or Cartridge,,equipment,each,Standard,Fragrance oil cartridge for diffuser.,,X,kind equipment,Operate,05 Experiential,,,,,,,5700,,Expense,CC-VENUE,,XPMS 3.0 canon,Exact,Active,
7000.04.03-XPMS-001,7000.04.03,7000 Experience,7000.04 Sensory & Atmosphere,Scent Design,Signature Scent Design & Formulation,,service,each,Standard,Bespoke scent design and formulation.,,Y,kind service,Operate,05 Experiential,,,,,,,5700,,Expense,CC-VENUE,,XPMS 3.0 canon,Exact,Active,
7000.04.04-XPMS-001,7000.04.04,7000 Experience,7000.04 Sensory & Atmosphere,Scent Service,Scenting Technician,,labor,each,Standard,On-site scenting setup and service.,,Y,kind labor,Operate,05 Experiential,,,,,,,5700,,Expense,CC-VENUE,,XPMS 3.0 canon,Exact,Active,
7000.04.05-XPMS-001,7000.04.05,7000 Experience,7000.04 Sensory & Atmosphere,Soundscape,Ambient Soundscape Design & Playback,,service,each,Standard,Ambient soundscape design and playback.,,Y,kind service,Operate,05 Experiential,,,,,,,5700,,Expense,CC-VENUE,,XPMS 3.0 canon,Exact,Active,
7000.05.01-XPMS-002,7000.05.01,7000 Experience,7000.05 Photo & Shareable Moments,Photo Moments,360 Photo Booth with Attendant,360 Photo Booth with Attendant,equipment,each,Standard,"Rotating-arm 360 video booth with attendant, lighting, and instant share station.",,X,kind equipment,Operate,05 Experiential,,,,,,,5700,,Expense,CC-VENUE,,XPMS 3.0 canon,Exact,Proposed,
7000.05.01-XOS-001,7000.05.01,7000 Experience,7000.05 Photo & Shareable Moments,Photo Moments,Floral or Greenery Moment · Base,Photo Moments,experience,each,Base,Single floral cluster against a clean wall.,Zone: Entrance / Lobby. Tier fit: T1; T4. Upgrades: Floral archway; overhead cascade. Add-ons: Fresh-flower daily refresh. Substitutions: Neon photo moment.,Y,kind experience,Build,05 Experiential,,,,,,,5700,,Expense,CC-VENUE,,Catalog Framework · Architecture (Sight),Keyword,Proposed,SGT-37
7000.05.01-XOS-002,7000.05.01,7000 Experience,7000.05 Photo & Shareable Moments,Photo Moments,Floral or Greenery Moment · Elevated,Photo Moments,experience,each,Elevated,Floral or greenery feature wall sized for group photos.,Zone: Entrance / Lobby. Tier fit: T1; T4. Upgrades: Floral archway; overhead cascade. Add-ons: Fresh-flower daily refresh. Substitutions: Neon photo moment.,Y,kind experience,Build,05 Experiential,,,,,,,5700,,Expense,CC-VENUE,,Catalog Framework · Architecture (Sight),Keyword,Proposed,SGT-37
7000.05.01-XOS-003,7000.05.01,7000 Experience,7000.05 Photo & Shareable Moments,Photo Moments,Floral or Greenery Moment · Premium,Photo Moments,experience,each,Premium,Cascading floral installation with a sculptural arch and lighting.,Zone: Entrance / Lobby. Tier fit: T1; T4. Upgrades: Floral archway; overhead cascade. Add-ons: Fresh-flower daily refresh. Substitutions: Neon photo moment.,Y,kind experience,Build,05 Experiential,,,,,,,5700,,Expense,CC-VENUE,,Catalog Framework · Architecture (Sight),Keyword,Proposed,SGT-37
7000.05.01-XOS-004,7000.05.01,7000 Experience,7000.05 Photo & Shareable Moments,Photo Moments,Immersive Set or Room · Base,Photo Moments,experience,each,Base,Single themed corner set with a prop and lighting.,Zone: Exhibition Room. Tier fit: T2; T4. Upgrades: Multi-room immersive set. Add-ons: Attendant + content capture. Substitutions: Backdrop photo wall.,Y,kind experience,Build,05 Experiential,,,,,,,5700,,Expense,CC-VENUE,,Catalog Framework · Architecture (Sight),Keyword,Proposed,SGT-35
7000.05.01-XOS-005,7000.05.01,7000 Experience,7000.05 Photo & Shareable Moments,Photo Moments,Immersive Set or Room · Elevated,Photo Moments,experience,each,Elevated,Built themed vignette room guests step into for content.,Zone: Exhibition Room. Tier fit: T2; T4. Upgrades: Multi-room immersive set. Add-ons: Attendant + content capture. Substitutions: Backdrop photo wall.,Y,kind experience,Build,05 Experiential,,,,,,,5700,,Expense,CC-VENUE,,Catalog Framework · Architecture (Sight),Keyword,Proposed,SGT-35
7000.05.01-XOS-006,7000.05.01,7000 Experience,7000.05 Photo & Shareable Moments,Photo Moments,Immersive Set or Room · Premium,Photo Moments,experience,each,Premium,"Full immersive themed environment with scenic, lighting, and a signature hero prop.",Zone: Exhibition Room. Tier fit: T2; T4. Upgrades: Multi-room immersive set. Add-ons: Attendant + content capture. Substitutions: Backdrop photo wall.,Y,kind experience,Build,05 Experiential,,,,,,,5700,,Expense,CC-VENUE,,Catalog Framework · Architecture (Sight),Keyword,Proposed,SGT-35
7000.05.01-XPMS-003,7000.05.01,7000 Experience,7000.05 Photo & Shareable Moments,Photo Moments,Instant Print Photo Station,Instant Print Photo Station,equipment,each,Standard,"Photo station with dye-sub printing, branded templates, and digital delivery.",,X,kind equipment,Operate,05 Experiential,,,,,,,5700,,Expense,CC-VENUE,,XPMS 3.0 canon,Exact,Proposed,
7000.05.01-XOS-007,7000.05.01,7000 Experience,7000.05 Photo & Shareable Moments,Photo Moments,Interactive or 360 Booth · Base,Photo Moments,experience,each,Base,Open-air photo booth with branded print template.,Zone: All Zones. Tier fit: T1; T4. Upgrades: AI content studio; live gallery. Add-ons: Glam / GIF station. Substitutions: Roaming photographer.,Y,kind experience,Build,05 Experiential,,,,,,,5700,,Expense,CC-VENUE,,Catalog Framework · Architecture (Sight),Keyword,Proposed,SGT-36
7000.05.01-XOS-008,7000.05.01,7000 Experience,7000.05 Photo & Shareable Moments,Photo Moments,Interactive or 360 Booth · Elevated,Photo Moments,experience,each,Elevated,360 spin booth with branded overlay and instant share.,Zone: All Zones. Tier fit: T1; T4. Upgrades: AI content studio; live gallery. Add-ons: Glam / GIF station. Substitutions: Roaming photographer.,Y,kind experience,Build,05 Experiential,,,,,,,5700,,Expense,CC-VENUE,,Catalog Framework · Architecture (Sight),Keyword,Proposed,SGT-36
7000.05.01-XOS-009,7000.05.01,7000 Experience,7000.05 Photo & Shareable Moments,Photo Moments,Interactive or 360 Booth · Premium,Photo Moments,experience,each,Premium,Premium 360 / AI content studio with custom motion templates and live gallery.,Zone: All Zones. Tier fit: T1; T4. Upgrades: AI content studio; live gallery. Add-ons: Glam / GIF station. Substitutions: Roaming photographer.,Y,kind experience,Build,05 Experiential,,,,,,,5700,,Expense,CC-VENUE,,Catalog Framework · Architecture (Sight),Keyword,Proposed,SGT-36
7000.05.01-XOS-010,7000.05.01,7000 Experience,7000.05 Photo & Shareable Moments,Photo Moments,Neon or Light Moment · Base,Photo Moments,experience,each,Base,Single neon catchphrase sign on a painted wall.,Zone: Exhibition Room. Tier fit: T1; T4. Upgrades: Infinity mirror room; reactive light. Add-ons: Custom neon phrase. Substitutions: Floral moment instead.,Y,kind experience,Build,05 Experiential,,,,,,,5700,,Expense,CC-VENUE,,Catalog Framework · Architecture (Sight),Keyword,Proposed,SGT-38
7000.05.01-XOS-011,7000.05.01,7000 Experience,7000.05 Photo & Shareable Moments,Photo Moments,Neon or Light Moment · Elevated,Photo Moments,experience,each,Elevated,Neon-on-textured-wall moment with foreground styling.,Zone: Exhibition Room. Tier fit: T1; T4. Upgrades: Infinity mirror room; reactive light. Add-ons: Custom neon phrase. Substitutions: Floral moment instead.,Y,kind experience,Build,05 Experiential,,,,,,,5700,,Expense,CC-VENUE,,Catalog Framework · Architecture (Sight),Keyword,Proposed,SGT-38
7000.05.01-XOS-012,7000.05.01,7000 Experience,7000.05 Photo & Shareable Moments,Photo Moments,Neon or Light Moment · Premium,Photo Moments,experience,each,Premium,"Multi-element light room with neon, mirrors, and reactive lighting.",Zone: Exhibition Room. Tier fit: T1; T4. Upgrades: Infinity mirror room; reactive light. Add-ons: Custom neon phrase. Substitutions: Floral moment instead.,Y,kind experience,Build,05 Experiential,,,,,,,5700,,Expense,CC-VENUE,,Catalog Framework · Architecture (Sight),Keyword,Proposed,SGT-38
7000.05.01-XPMS-001,7000.05.01,7000 Experience,7000.05 Photo & Shareable Moments,Photo Moments,Photo Moment or Step-and-Repeat,,service,each,Standard,Photo moment design and build.,,Y,kind service,Operate,05 Experiential,,,,,,,5700,,Expense,CC-VENUE,,XPMS 3.0 canon,Exact,Active,
7000.05.01-XOS-013,7000.05.01,7000 Experience,7000.05 Photo & Shareable Moments,Photo Moments,Step-and-Repeat · Base,Photo Moments,experience,each,Base,8x8 printed step-and-repeat with brand logos and a carpet runner.,Zone: Entrance / Lobby. Tier fit: T1; T4. Upgrades: Backlit logo wall; styled foreground. Add-ons: Press riser; photographer. Substitutions: Branded backdrop wall.,Y,kind experience,Build,05 Experiential,,,,,,,5700,,Expense,CC-VENUE,,Catalog Framework · Architecture (Sight),Keyword,Proposed,SGT-34
7000.05.01-XOS-014,7000.05.01,7000 Experience,7000.05 Photo & Shareable Moments,Photo Moments,Step-and-Repeat · Elevated,Photo Moments,experience,each,Elevated,Tensioned-fabric step-and-repeat with lit header and floor mark.,Zone: Entrance / Lobby. Tier fit: T1; T4. Upgrades: Backlit logo wall; styled foreground. Add-ons: Press riser; photographer. Substitutions: Branded backdrop wall.,Y,kind experience,Build,05 Experiential,,,,,,,5700,,Expense,CC-VENUE,,Catalog Framework · Architecture (Sight),Keyword,Proposed,SGT-34
7000.05.01-XOS-015,7000.05.01,7000 Experience,7000.05 Photo & Shareable Moments,Photo Moments,Step-and-Repeat · Premium,Photo Moments,experience,each,Premium,Dimensional step-and-repeat with backlit logos and a styled foreground set.,Zone: Entrance / Lobby. Tier fit: T1; T4. Upgrades: Backlit logo wall; styled foreground. Add-ons: Press riser; photographer. Substitutions: Branded backdrop wall.,Y,kind experience,Build,05 Experiential,,,,,,,5700,,Expense,CC-VENUE,,Catalog Framework · Architecture (Sight),Keyword,Proposed,SGT-34
7000.06.01-XPMS-001,7000.06.01,7000 Experience,7000.06 Gifting & Premiums,Gifting,Curated Gift or Welcome Amenity,,service,each,Standard,Curated gifting and welcome amenities.,,Y,kind service,Operate,05 Experiential,,,,,,,5700,,Expense,CC-VENUE,,XPMS 3.0 canon,Exact,Active,
7000.06.02-XPMS-001,7000.06.02,7000 Experience,7000.06 Gifting & Premiums,Premiums,Branded Swag & Premiums,,service,each,Standard,Branded premiums and giveaways.,,Y,kind service,Operate,05 Experiential,,,,,,,5700,,Expense,CC-VENUE,,XPMS 3.0 canon,Exact,Active,
7000.07.01-XPMS-003,7000.07.01,7000 Experience,7000.07 Sponsorship Fulfillment,Sponsorship Fulfillment,Proof-of-Performance Report,Proof-of-Performance Report,service,each,Standard,Photo-documented audit of delivered sponsor assets with impressions and recap deck.,,Y,kind service,Amplify,02 Digital,,,,,,,5700,,Expense,CC-VENUE,,XPMS 3.0 canon,Exact,Proposed,
7000.07.01-XPMS-001,7000.07.01,7000 Experience,7000.07 Sponsorship Fulfillment,Sponsorship Fulfillment,Sponsor Asset Production Coordination,Sponsor Asset Production Coordination,service,each,Standard,"Coordinator trafficking sponsor logos, proofs, and asset production across fabrication and digital.",,Y,kind service,Advance,05 Experiential,,,,,,,5700,,Expense,CC-VENUE,,XPMS 3.0 canon,Exact,Proposed,
7000.07.01-XPMS-002,7000.07.01,7000 Experience,7000.07 Sponsorship Fulfillment,Sponsorship Fulfillment,Sponsor Booth Turnkey Package - 10x10,Sponsor Booth Turnkey Package,equipment,each,Standard,"Turnkey 10x10 sponsor footprint: structure, counter, graphics, power drop, and furniture.",,X,kind equipment,Install,05 Experiential,,,,,,,5700,,Expense,CC-VENUE,,XPMS 3.0 canon,Exact,Proposed,
7000.07.01-XPMS-004,7000.07.01,7000 Experience,7000.07 Sponsorship Fulfillment,Sponsorship Fulfillment,Sponsor Hospitality Allocation Management,Sponsor Hospitality Allocation Management,service,each,Standard,"Management of sponsor ticket banks, VIP allocations, and on-site hosting obligations.",,Y,kind service,Operate,05 Experiential,,,,,,,5700,,Expense,CC-VENUE,,XPMS 3.0 canon,Exact,Proposed,
7000.07.01-XPMS-005,7000.07.01,7000 Experience,7000.07 Sponsorship Fulfillment,Sponsorship Fulfillment,Sponsor Recap & Fulfilment Evidence,Sponsor Recap & Fulfilment Evidence,service,each,Standard,"Compilation of contracted sponsor deliverables with dated photographic and measurement evidence for each. This is where a sponsorship contract is actually satisfied or actually breached, so gate 8 blocks on it.",,Y,kind service,Amplify,05 Experiential,,,,,,,5700,,Expense,CC-VENUE,,XPMS 3.0 canon,Exact,Proposed,
7000.08.01-XPMS-006,7000.08.01,7000 Experience,7000.08 Interactive & Immersive Experiences,Interactive & Immersive Experiences,Custom Interactive Experience Development,Custom Interactive Experience Development,service,each,Standard,"Custom software build for games, configurators, or immersive interactives to brief.",,Y,kind service,Scope,03 Virtual,,,,,,,5700,,Expense,CC-VENUE,,XPMS 3.0 canon,Exact,Proposed,
7000.08.01-XPMS-008,7000.08.01,7000 Experience,7000.08 Interactive & Immersive Experiences,Interactive & Immersive Experiences,Experiential Moments or Interactive Touchpoints,Experiential Moments / Interactive Touchpoints,package,each,Standard,Interactive touchpoints.,,X,default: a nameable resource,Build,04 Physical,,,,,,,5700,,Expense,CC-VENUE,,XPMS 3.0 canon,Exact,Proposed,
7000.08.01-XPMS-005,7000.08.01,7000 Experience,7000.08 Interactive & Immersive Experiences,Interactive & Immersive Experiences,Gesture-Controlled Display Experience,Gesture-Controlled Display Experience,equipment,each,Standard,Camera-tracked gesture interface driving screen content without touch.,,X,kind equipment,Operate,05 Experiential,,,,,,,5700,,Expense,CC-VENUE,,XPMS 3.0 canon,Exact,Proposed,
7000.08.01-XPMS-004,7000.08.01,7000 Experience,7000.08 Interactive & Immersive Experiences,Interactive & Immersive Experiences,Interactive Floor Projection System,Interactive Floor Projection System,equipment,each,Standard,Downward projection with IR tracking creating reactive floor games and effects.,,X,kind equipment,Operate,05 Experiential,,,,,,,5700,,Expense,CC-VENUE,,XPMS 3.0 canon,Exact,Proposed,
7000.08.01-XPMS-001,7000.08.01,7000 Experience,7000.08 Interactive & Immersive Experiences,Interactive & Immersive Experiences,Interactive Touchscreen Kiosk - 55in,Interactive Touchscreen Kiosk,equipment,each,Standard,Freestanding 55-inch touch kiosk with custom interactive content loaded.,,X,kind equipment,Operate,05 Experiential,,,,,,,5700,,Expense,CC-VENUE,,XPMS 3.0 canon,Exact,Proposed,
7000.08.01-XPMS-007,7000.08.01,7000 Experience,7000.08 Interactive & Immersive Experiences,Interactive & Immersive Experiences,Live Photo Mosaic Wall,Live Photo Mosaic Wall,equipment,each,Standard,Guest photos print and assemble live into a large mosaic brand image.,,X,kind equipment,Operate,05 Experiential,,,,,,,5700,,Expense,CC-VENUE,,XPMS 3.0 canon,Exact,Proposed,
7000.08.01-XPMS-002,7000.08.01,7000 Experience,7000.08 Interactive & Immersive Experiences,Interactive & Immersive Experiences,Motion-Reactive Interactive Wall,Motion-Reactive Interactive Wall,equipment,each,Standard,Sensor-driven projection or LED wall reacting to guest movement; includes tech.,,X,kind equipment,Operate,05 Experiential,,,,,,,5700,,Expense,CC-VENUE,,XPMS 3.0 canon,Exact,Proposed,
7000.08.01-XPMS-003,7000.08.01,7000 Experience,7000.08 Interactive & Immersive Experiences,Interactive & Immersive Experiences,RFID Guest Engagement System,RFID Guest Engagement System,equipment,each,Standard,"Wristband-triggered experiences, photo tagging, and data capture across activation stations.",,X,kind equipment,Operate,02 Digital,,,,,,,5700,,Expense,CC-VENUE,,XPMS 3.0 canon,Exact,Proposed,
7000.50.01-XOS-001,7000.50.01,7000 Experience,7000.50 Front of House,Front of house leadership,Front of House Leadership,,service,lump sum,Standard,Representative line for front of house leadership so the category can carry cost. Replace with the specific item on award.,,Y,kind service,Procure,04 Physical,,,,,,,5700,,Expense,CC-VENUE,,XOS 4.0 gap fill,Representative,Proposed,7000.50.01-XOS-001
7000.50.02-XOS-001,7000.50.02,7000 Experience,7000.50 Front of House,Credential check,Credential Check,,service,lump sum,Standard,Representative line for credential check so the category can carry cost. Replace with the specific item on award.,,Y,kind service,Procure,04 Physical,,,,,,,5700,,Expense,CC-VENUE,,XOS 4.0 gap fill,Representative,Proposed,7000.50.02-XOS-001
7000.50.03-XOS-001,7000.50.03,7000 Experience,7000.50 Front of House,Guest services,Guest Services,,service,lump sum,Standard,Representative line for guest services so the category can carry cost. Replace with the specific item on award.,,Y,kind service,Procure,04 Physical,,,,,,,5700,,Expense,CC-VENUE,,XOS 4.0 gap fill,Representative,Proposed,7000.50.03-XOS-001
7000.50.04-XOS-001,7000.50.04,7000 Experience,7000.50 Front of House,Coat check,Coat Check,,service,lump sum,Standard,Representative line for coat check so the category can carry cost. Replace with the specific item on award.,,Y,kind service,Procure,04 Physical,,,,,,,5700,,Expense,CC-VENUE,,XOS 4.0 gap fill,Representative,Proposed,7000.50.04-XOS-001
7000.51.01-XOS-001,7000.51.01,7000 Experience,7000.51 Guest Safety,Event medical,Event Medical,,service,lump sum,Standard,Representative line for event medical so the category can carry cost. Replace with the specific item on award.,,Y,kind service,Procure,04 Physical,,,,,,,5700,,Expense,CC-VENUE,,XOS 4.0 gap fill,Representative,Proposed,7000.51.01-XOS-001
7000.60.01-XOS-001,7000.60.01,7000 Experience,7000.60 Experience Ramp-Up Program,Scope activities,Scope Activities · Experience,,service,lump sum,Standard,Representative line for scope activities so the category can carry cost. Replace with the specific item on award.,,Y,kind service,Scope,04 Physical,,,,,,,5700,,Expense,CC-E00,,XOS 4.0 gap fill,Representative,Proposed,7000.60.01-XOS-001
7000.60.02-XOS-001,7000.60.02,7000 Experience,7000.60 Experience Ramp-Up Program,Engage activities,Engage Activities · Experience,,service,lump sum,Standard,Representative line for engage activities so the category can carry cost. Replace with the specific item on award.,,Y,kind service,Engage,04 Physical,,,,,,,5700,,Expense,CC-E00,,XOS 4.0 gap fill,Representative,Proposed,7000.60.02-XOS-001
7000.60.03-XOS-001,7000.60.03,7000 Experience,7000.60 Experience Ramp-Up Program,Advance activities,Advance Activities · Experience,,service,lump sum,Standard,Representative line for advance activities so the category can carry cost. Replace with the specific item on award.,,Y,kind service,Advance,04 Physical,,,,,,,5700,,Expense,CC-E00,,XOS 4.0 gap fill,Representative,Proposed,7000.60.03-XOS-001
7000.60.04-XOS-001,7000.60.04,7000 Experience,7000.60 Experience Ramp-Up Program,Procure activities,Procure Activities · Experience,,service,lump sum,Standard,Representative line for procure activities so the category can carry cost. Replace with the specific item on award.,,Y,kind service,Procure,04 Physical,,,,,,,5700,,Expense,CC-E00,,XOS 4.0 gap fill,Representative,Proposed,7000.60.04-XOS-001
7000.60.05-XOS-001,7000.60.05,7000 Experience,7000.60 Experience Ramp-Up Program,Build activities,Build Activities · Experience,,service,lump sum,Standard,Representative line for build activities so the category can carry cost. Replace with the specific item on award.,,Y,kind service,Build,04 Physical,,,,,,,5700,,Expense,CC-E00,,XOS 4.0 gap fill,Representative,Proposed,7000.60.05-XOS-001
7000.60.06-XOS-001,7000.60.06,7000 Experience,7000.60 Experience Ramp-Up Program,Install activities,Install Activities · Experience,,service,lump sum,Standard,Representative line for install activities so the category can carry cost. Replace with the specific item on award.,,Y,kind service,Install,04 Physical,,,,,,,5700,,Expense,CC-E00,,XOS 4.0 gap fill,Representative,Proposed,7000.60.06-XOS-001
7000.60.07-XOS-001,7000.60.07,7000 Experience,7000.60 Experience Ramp-Up Program,Operate activities,Operate Activities · Experience,,service,lump sum,Standard,Representative line for operate activities so the category can carry cost. Replace with the specific item on award.,,Y,kind service,Operate,04 Physical,,,,,,,5700,,Expense,CC-E00,,XOS 4.0 gap fill,Representative,Proposed,7000.60.07-XOS-001
7000.60.08-XOS-001,7000.60.08,7000 Experience,7000.60 Experience Ramp-Up Program,Amplify activities,Amplify Activities · Experience,,service,lump sum,Standard,Representative line for amplify activities so the category can carry cost. Replace with the specific item on award.,,Y,kind service,Amplify,04 Physical,,,,,,,5700,,Expense,CC-E00,,XOS 4.0 gap fill,Representative,Proposed,7000.60.08-XOS-001
7000.60.09-XOS-001,7000.60.09,7000 Experience,7000.60 Experience Ramp-Up Program,Close activities,Close Activities · Experience,,service,lump sum,Standard,Representative line for close activities so the category can carry cost. Replace with the specific item on award.,,Y,kind service,Close,04 Physical,,,,,,,5700,,Expense,CC-E00,,XOS 4.0 gap fill,Representative,Proposed,7000.60.09-XOS-001
8000.01.01-XPMS-006,8000.01.01,8000 Hospitality,8000.01 Catering & Culinary,Guest & VIP Catering,Bar or Catering Staff,Bar / catering staff,package,each,Standard,Hospitality · Bar / catering staff.,,X,default: a nameable resource,Operate,04 Physical,,,,,,,5800,,Expense,CC-VENUE,,XPMS 3.0 canon,Exact,Proposed,
8000.01.01-XPMS-001,8000.01.01,8000 Hospitality,8000.01 Catering & Culinary,Guest & VIP Catering,Beverage Service,Beverage Service Package,catering,lot,Standard,Non-alcoholic beverage service for guests or crew.,"Water, soft drinks, juice, coffee, and tea | Coolers and ice.",Y,kind catering,Operate,04 Physical,12.0,10.0,14.0,336,1 to 4 catering staff (varies by headcount),90101700,5800,,Expense,CC-VENUE,2.x master catalog,XPMS 3.0 canon,Exact,Active,
8000.01.01-XOS-001,8000.01.01,8000 Hospitality,8000.01 Catering & Culinary,Guest & VIP Catering,Branded or Logo Ftd F&B · Base,Signature F&B,experience,each,Base,Logo cocktail napkins and pick flags.,Zone: All Zones. Tier fit: T1; T4. Upgrades: Edible logo / custom imaging. Add-ons: Custom packaging program. Substitutions: Standard service ware.,Y,kind experience,Show,04 Physical,,,,,,,5800,,Expense,CC-VENUE,,Catalog Framework · Appetizers (Taste),Department fallback,Proposed,TST-12
8000.01.01-XOS-002,8000.01.01,8000 Hospitality,8000.01 Catering & Culinary,Guest & VIP Catering,Branded or Logo Ftd F&B · Elevated,Signature F&B,experience,each,Elevated,"Branded drinkware, edible logo prints, and custom garnishes.",Zone: All Zones. Tier fit: T1; T4. Upgrades: Edible logo / custom imaging. Add-ons: Custom packaging program. Substitutions: Standard service ware.,Y,kind experience,Show,04 Physical,,,,,,,5800,,Expense,CC-VENUE,,Catalog Framework · Appetizers (Taste),Department fallback,Proposed,TST-12
8000.01.01-XOS-003,8000.01.01,8000 Hospitality,8000.01 Catering & Culinary,Guest & VIP Catering,Branded or Logo Ftd F&B · Premium,Signature F&B,experience,each,Premium,"Fully branded F&B story: custom packaging, edible imaging, and named menu items.",Zone: All Zones. Tier fit: T1; T4. Upgrades: Edible logo / custom imaging. Add-ons: Custom packaging program. Substitutions: Standard service ware.,Y,kind experience,Show,04 Physical,,,,,,,5800,,Expense,CC-VENUE,,Catalog Framework · Appetizers (Taste),Department fallback,Proposed,TST-12
8000.01.01-XPMS-002,8000.01.01,8000 Hospitality,8000.01 Catering & Culinary,Guest & VIP Catering,Catering Package - VIP,VIP Catering Package,catering,lot,Standard,Elevated food and beverage service for VIP guests.,"Passed hors d'oeuvres, stations, premium beverages, dessert.",Y,kind catering,Operate,04 Physical,100.0,85.0,115.0,336,1 to 4 catering staff (varies by headcount),90101700,5800,,Expense,CC-VENUE,2.x master catalog,XPMS 3.0 canon,Exact,Active,
8000.01.01-XOS-004,8000.01.01,8000 Hospitality,8000.01 Catering & Culinary,Guest & VIP Catering,Coffee or Café Program · Base,Signature F&B,experience,each,Base,Drip coffee and tea service.,Zone: El Patio. Tier fit: T1; T4. Upgrades: Branded café build; latte art. Add-ons: Cold brew / nitro tap. Substitutions: Self-serve coffee station.,Y,kind experience,Show,04 Physical,,,,,,,5800,,Expense,CC-VENUE,,Catalog Framework · Appetizers (Taste),Department fallback,Proposed,TST-11
8000.01.01-XOS-005,8000.01.01,8000 Hospitality,8000.01 Catering & Culinary,Guest & VIP Catering,Coffee or Café Program · Elevated,Signature F&B,experience,each,Elevated,Espresso cart with barista and a couple of signature drinks.,Zone: El Patio. Tier fit: T1; T4. Upgrades: Branded café build; latte art. Add-ons: Cold brew / nitro tap. Substitutions: Self-serve coffee station.,Y,kind experience,Show,04 Physical,,,,,,,5800,,Expense,CC-VENUE,,Catalog Framework · Appetizers (Taste),Department fallback,Proposed,TST-11
8000.01.01-XOS-006,8000.01.01,8000 Hospitality,8000.01 Catering & Culinary,Guest & VIP Catering,Coffee or Café Program · Premium,Signature F&B,experience,each,Premium,"Branded café experience with specialty drinks, latte art, and to-go cups.",Zone: El Patio. Tier fit: T1; T4. Upgrades: Branded café build; latte art. Add-ons: Cold brew / nitro tap. Substitutions: Self-serve coffee station.,Y,kind experience,Show,04 Physical,,,,,,,5800,,Expense,CC-VENUE,,Catalog Framework · Appetizers (Taste),Department fallback,Proposed,TST-11
8000.01.01-XOS-007,8000.01.01,8000 Hospitality,8000.01 Catering & Culinary,Guest & VIP Catering,Dessert or Sweets · Base,Signature F&B,experience,each,Base,Plated or passed single dessert.,Zone: El Patio. Tier fit: T1; T4. Upgrades: Live dessert action station. Add-ons: Artist-themed confection. Substitutions: No dessert course.,Y,kind experience,Show,04 Physical,,,,,,,5800,,Expense,CC-VENUE,,Catalog Framework · Appetizers (Taste),Department fallback,Proposed,TST-06
8000.01.01-XOS-008,8000.01.01,8000 Hospitality,8000.01 Catering & Culinary,Guest & VIP Catering,Dessert or Sweets · Elevated,Signature F&B,experience,each,Elevated,Dessert station with multiple sweets and a signature item.,Zone: El Patio. Tier fit: T1; T4. Upgrades: Live dessert action station. Add-ons: Artist-themed confection. Substitutions: No dessert course.,Y,kind experience,Show,04 Physical,,,,,,,5800,,Expense,CC-VENUE,,Catalog Framework · Appetizers (Taste),Department fallback,Proposed,TST-06
8000.01.01-XOS-009,8000.01.01,8000 Hospitality,8000.01 Catering & Culinary,Guest & VIP Catering,Dessert or Sweets · Premium,Signature F&B,experience,each,Premium,Dessert showpiece or live dessert action station with artist-themed sweets.,Zone: El Patio. Tier fit: T1; T4. Upgrades: Live dessert action station. Add-ons: Artist-themed confection. Substitutions: No dessert course.,Y,kind experience,Show,04 Physical,,,,,,,5800,,Expense,CC-VENUE,,Catalog Framework · Appetizers (Taste),Department fallback,Proposed,TST-06
8000.01.01-XOS-028,8000.01.01,8000 Hospitality,8000.01 Catering & Culinary,Guest & VIP Catering,F&B Aromatics (Live Cues) · Base,Scent Program,experience,each,Base,Coffee/espresso aroma from the café position.,Zone: El Patio. Tier fit: T1; T4. Upgrades: Aroma-timed to journey beats. Add-ons: Smoke / wood-fire cue. Substitutions: No live aromatics.,Y,kind experience,Show,04 Physical,,,,,,,5800,,Expense,CC-VENUE,,Catalog Framework · Aromas (Scent),Department fallback,Proposed,SCT-05
8000.01.01-XOS-029,8000.01.01,8000 Hospitality,8000.01 Catering & Culinary,Guest & VIP Catering,F&B Aromatics (Live Cues) · Elevated,Scent Program,experience,each,Elevated,"Live aromatic cues (grill, citrus, herbs) from open finishing stations.",Zone: El Patio. Tier fit: T1; T4. Upgrades: Aroma-timed to journey beats. Add-ons: Smoke / wood-fire cue. Substitutions: No live aromatics.,Y,kind experience,Show,04 Physical,,,,,,,5800,,Expense,CC-VENUE,,Catalog Framework · Aromas (Scent),Department fallback,Proposed,SCT-05
8000.01.01-XOS-030,8000.01.01,8000 Hospitality,8000.01 Catering & Culinary,Guest & VIP Catering,F&B Aromatics (Live Cues) · Premium,Scent Program,experience,each,Premium,Choreographed aroma-and-taste pairings timed to the guest journey.,Zone: El Patio. Tier fit: T1; T4. Upgrades: Aroma-timed to journey beats. Add-ons: Smoke / wood-fire cue. Substitutions: No live aromatics.,Y,kind experience,Show,04 Physical,,,,,,,5800,,Expense,CC-VENUE,,Catalog Framework · Aromas (Scent),Department fallback,Proposed,SCT-05
8000.01.01-XPMS-003,8000.01.01,8000 Hospitality,8000.01 Catering & Culinary,Guest & VIP Catering,Food Truck - Contracted,Contracted Food Truck,catering,lot,Standard,Contracted food truck vendor for guest or crew service.,"Full menu, specialty cuisine, or branded options.",Y,kind catering,Operate,04 Physical,1200.0,1025.0,1375.0,672,2 to 5 kitchen staff (vendor-provided),90101700,5800,,Expense,CC-VENUE,2.x master catalog,XPMS 3.0 canon,Exact,Active,
8000.01.01-XOS-010,8000.01.01,8000 Hospitality,8000.01 Catering & Culinary,Guest & VIP Catering,Late-Night Bites · Base,Signature F&B,experience,each,Base,"One late-night snack pass (e.g., sliders or churros).",Zone: Main Stage and Bar. Tier fit: T1; T4. Upgrades: Branded food cart build. Add-ons: To-go boxed snack. Substitutions: No late-night service.,Y,kind experience,Show,04 Physical,,,,,,,5800,,Expense,CC-VENUE,,Catalog Framework · Appetizers (Taste),Department fallback,Proposed,TST-05
8000.01.01-XOS-011,8000.01.01,8000 Hospitality,8000.01 Catering & Culinary,Guest & VIP Catering,Late-Night Bites · Elevated,Signature F&B,experience,each,Elevated,Late-night street-food cart with two to three items.,Zone: Main Stage and Bar. Tier fit: T1; T4. Upgrades: Branded food cart build. Add-ons: To-go boxed snack. Substitutions: No late-night service.,Y,kind experience,Show,04 Physical,,,,,,,5800,,Expense,CC-VENUE,,Catalog Framework · Appetizers (Taste),Department fallback,Proposed,TST-05
8000.01.01-XOS-012,8000.01.01,8000 Hospitality,8000.01 Catering & Culinary,Guest & VIP Catering,Late-Night Bites · Premium,Signature F&B,experience,each,Premium,Signature late-night moment with a branded cart and culturally rooted snacks.,Zone: Main Stage and Bar. Tier fit: T1; T4. Upgrades: Branded food cart build. Add-ons: To-go boxed snack. Substitutions: No late-night service.,Y,kind experience,Show,04 Physical,,,,,,,5800,,Expense,CC-VENUE,,Catalog Framework · Appetizers (Taste),Department fallback,Proposed,TST-05
8000.01.01-XOS-013,8000.01.01,8000 Hospitality,8000.01 Catering & Culinary,Guest & VIP Catering,Mocktail or Non-Alc Program · Base,Signature F&B,experience,each,Base,Two non-alcoholic options at the bar.,Zone: Main Stage and Bar. Tier fit: T1; T4. Upgrades: Craft non-alc spirit bar. Add-ons: Functional / wellness drinks. Substitutions: Soft drinks only.,Y,kind experience,Show,04 Physical,,,,,,,5800,,Expense,CC-VENUE,,Catalog Framework · Appetizers (Taste),Department fallback,Proposed,TST-10
8000.01.01-XOS-014,8000.01.01,8000 Hospitality,8000.01 Catering & Culinary,Guest & VIP Catering,Mocktail or Non-Alc Program · Elevated,Signature F&B,experience,each,Elevated,Dedicated mocktail menu matched to the cocktail program.,Zone: Main Stage and Bar. Tier fit: T1; T4. Upgrades: Craft non-alc spirit bar. Add-ons: Functional / wellness drinks. Substitutions: Soft drinks only.,Y,kind experience,Show,04 Physical,,,,,,,5800,,Expense,CC-VENUE,,Catalog Framework · Appetizers (Taste),Department fallback,Proposed,TST-10
8000.01.01-XOS-015,8000.01.01,8000 Hospitality,8000.01 Catering & Culinary,Guest & VIP Catering,Mocktail or Non-Alc Program · Premium,Signature F&B,experience,each,Premium,Full zero-proof bar with craft non-alc spirits and a named menu.,Zone: Main Stage and Bar. Tier fit: T1; T4. Upgrades: Craft non-alc spirit bar. Add-ons: Functional / wellness drinks. Substitutions: Soft drinks only.,Y,kind experience,Show,04 Physical,,,,,,,5800,,Expense,CC-VENUE,,Catalog Framework · Appetizers (Taste),Department fallback,Proposed,TST-10
8000.01.01-XOS-016,8000.01.01,8000 Hospitality,8000.01 Catering & Culinary,Guest & VIP Catering,Passed Canapés & Bites · Base,Signature F&B,experience,each,Base,Three passed bites on standard service for the first hour.,Zone: All Zones. Tier fit: T1; T4. Upgrades: Live finishing station; caviar bump. Add-ons: Dietary / allergen flagged set. Substitutions: Stationed grazing instead.,Y,kind experience,Show,04 Physical,,,,,,,5800,,Expense,CC-VENUE,,Catalog Framework · Appetizers (Taste),Department fallback,Proposed,TST-01
8000.01.01-XOS-017,8000.01.01,8000 Hospitality,8000.01 Catering & Culinary,Guest & VIP Catering,Passed Canapés & Bites · Elevated,Signature F&B,experience,each,Elevated,"Five chef-designed passed canapés with dietary options, full reception coverage.",Zone: All Zones. Tier fit: T1; T4. Upgrades: Live finishing station; caviar bump. Add-ons: Dietary / allergen flagged set. Substitutions: Stationed grazing instead.,Y,kind experience,Show,04 Physical,,,,,,,5800,,Expense,CC-VENUE,,Catalog Framework · Appetizers (Taste),Department fallback,Proposed,TST-01
8000.01.01-XOS-018,8000.01.01,8000 Hospitality,8000.01 Catering & Culinary,Guest & VIP Catering,Passed Canapés & Bites · Premium,Signature F&B,experience,each,Premium,Curated passed-bite progression with premium ingredients and live finishing stations.,Zone: All Zones. Tier fit: T1; T4. Upgrades: Live finishing station; caviar bump. Add-ons: Dietary / allergen flagged set. Substitutions: Stationed grazing instead.,Y,kind experience,Show,04 Physical,,,,,,,5800,,Expense,CC-VENUE,,Catalog Framework · Appetizers (Taste),Department fallback,Proposed,TST-01
8000.01.01-XOS-019,8000.01.01,8000 Hospitality,8000.01 Catering & Culinary,Guest & VIP Catering,Premium or Top-Shelf Spirits · Base,Signature F&B,experience,each,Base,Call-brand spirits at the main bar.,Zone: Main Stage and Bar. Tier fit: T2; T4. Upgrades: Reserve tasting moment; premium glass. Add-ons: Sponsor spirit integration. Substitutions: Call-brand only.,Y,kind experience,Show,04 Physical,,,,,,,5800,,Expense,CC-VENUE,,Catalog Framework · Appetizers (Taste),Department fallback,Proposed,TST-09
8000.01.01-XOS-020,8000.01.01,8000 Hospitality,8000.01 Catering & Culinary,Guest & VIP Catering,Premium or Top-Shelf Spirits · Elevated,Signature F&B,experience,each,Elevated,Top-shelf spirit selection with branded backbar display.,Zone: Main Stage and Bar. Tier fit: T2; T4. Upgrades: Reserve tasting moment; premium glass. Add-ons: Sponsor spirit integration. Substitutions: Call-brand only.,Y,kind experience,Show,04 Physical,,,,,,,5800,,Expense,CC-VENUE,,Catalog Framework · Appetizers (Taste),Department fallback,Proposed,TST-09
8000.01.01-XOS-021,8000.01.01,8000 Hospitality,8000.01 Catering & Culinary,Guest & VIP Catering,Premium or Top-Shelf Spirits · Premium,Signature F&B,experience,each,Premium,Reserve / luxury spirit program with a tasting moment and premium glassware.,Zone: Main Stage and Bar. Tier fit: T2; T4. Upgrades: Reserve tasting moment; premium glass. Add-ons: Sponsor spirit integration. Substitutions: Call-brand only.,Y,kind experience,Show,04 Physical,,,,,,,5800,,Expense,CC-VENUE,,Catalog Framework · Appetizers (Taste),Department fallback,Proposed,TST-09
8000.01.01-XOS-022,8000.01.01,8000 Hospitality,8000.01 Catering & Culinary,Guest & VIP Catering,Signature Cocktail Program · Base,Signature F&B,experience,each,Base,Two batched signature cocktails plus standard bar.,Zone: Main Stage and Bar. Tier fit: T1; T4. Upgrades: Premium spirit tier; smoke / theater garnish. Add-ons: Named after set / song titles. Substitutions: Beer-and-wine only.,Y,kind experience,Show,04 Physical,,,,,,,5800,,Expense,CC-VENUE,,Catalog Framework · Appetizers (Taste),Department fallback,Proposed,TST-07
8000.01.01-XOS-023,8000.01.01,8000 Hospitality,8000.01 Catering & Culinary,Guest & VIP Catering,Signature Cocktail Program · Elevated,Signature F&B,experience,each,Elevated,Three to four art-directed signature cocktails with garnish program.,Zone: Main Stage and Bar. Tier fit: T1; T4. Upgrades: Premium spirit tier; smoke / theater garnish. Add-ons: Named after set / song titles. Substitutions: Beer-and-wine only.,Y,kind experience,Show,04 Physical,,,,,,,5800,,Expense,CC-VENUE,,Catalog Framework · Appetizers (Taste),Department fallback,Proposed,TST-07
8000.01.01-XOS-024,8000.01.01,8000 Hospitality,8000.01 Catering & Culinary,Guest & VIP Catering,Signature Cocktail Program · Premium,Signature F&B,experience,each,Premium,"Full craft cocktail menu with named drinks, premium spirits, and theater garnishes.",Zone: Main Stage and Bar. Tier fit: T1; T4. Upgrades: Premium spirit tier; smoke / theater garnish. Add-ons: Named after set / song titles. Substitutions: Beer-and-wine only.,Y,kind experience,Show,04 Physical,,,,,,,5800,,Expense,CC-VENUE,,Catalog Framework · Appetizers (Taste),Department fallback,Proposed,TST-07
8000.01.01-XPMS-004,8000.01.01,8000 Hospitality,8000.01 Catering & Culinary,Guest & VIP Catering,Station - Dessert,Dessert Station,catering,lot,Standard,Dedicated dessert display or live dessert service station.,"Plated desserts, dessert bar, ice cream cart, or custom.",Y,kind catering,Operate,04 Physical,400.0,340.0,460.0,336,1 to 4 catering staff (varies by headcount),90101700,5800,,Expense,CC-VENUE,2.x master catalog,XPMS 3.0 canon,Exact,Active,
8000.01.01-XOS-025,8000.01.01,8000 Hospitality,8000.01 Catering & Culinary,Guest & VIP Catering,Stationed or Grazing Tables · Base,Signature F&B,experience,each,Base,"Single grazing table with cheese, charcuterie, and crudité.",Zone: El Patio. Tier fit: T1; T4. Upgrades: Sculptural grazing build. Add-ons: Regional / artist-themed station. Substitutions: Passed bites instead.,Y,kind experience,Show,04 Physical,,,,,,,5800,,Expense,CC-VENUE,,Catalog Framework · Appetizers (Taste),Department fallback,Proposed,TST-02
8000.01.01-XOS-026,8000.01.01,8000 Hospitality,8000.01 Catering & Culinary,Guest & VIP Catering,Stationed or Grazing Tables · Elevated,Signature F&B,experience,each,Elevated,Multiple themed grazing stations with attendant carving and dips.,Zone: El Patio. Tier fit: T1; T4. Upgrades: Sculptural grazing build. Add-ons: Regional / artist-themed station. Substitutions: Passed bites instead.,Y,kind experience,Show,04 Physical,,,,,,,5800,,Expense,CC-VENUE,,Catalog Framework · Appetizers (Taste),Department fallback,Proposed,TST-02
8000.01.01-XOS-027,8000.01.01,8000 Hospitality,8000.01 Catering & Culinary,Guest & VIP Catering,Stationed or Grazing Tables · Premium,Signature F&B,experience,each,Premium,Designed grazing landscape with sculptural display and premium selections.,Zone: El Patio. Tier fit: T1; T4. Upgrades: Sculptural grazing build. Add-ons: Regional / artist-themed station. Substitutions: Passed bites instead.,Y,kind experience,Show,04 Physical,,,,,,,5800,,Expense,CC-VENUE,,Catalog Framework · Appetizers (Taste),Department fallback,Proposed,TST-02
8000.01.01-XPMS-005,8000.01.01,8000 Hospitality,8000.01 Catering & Culinary,Guest & VIP Catering,Supplies & Consumables (base),Supplies & Consumables,opex,each,Standard,Hospitality · Supplies and Consumables (base).,,X,default: a nameable resource,Operate,04 Physical,,,,,,,5800,,Expense,CC-VENUE,,XPMS 3.0 canon,Exact,Proposed,
8000.01.02-XOS-001,8000.01.02,8000 Hospitality,8000.01 Catering & Culinary,Artist & Crew Catering,Artist-Rooted Cultural Menu · Base,Signature F&B,experience,each,Base,"One signature dish referencing the artist's culture (e.g., Argentine empanadas).",Zone: El Patio. Tier fit: T1; T4. Upgrades: Guest-chef collaboration. Add-ons: Bilingual menu storytelling. Substitutions: Standard reception menu.,Y,kind experience,Show,04 Physical,,,,,,,5800,,Expense,CC-VENUE,,Catalog Framework · Appetizers (Taste),Keyword,Proposed,TST-03
8000.01.02-XOS-002,8000.01.02,8000 Hospitality,8000.01 Catering & Culinary,Artist & Crew Catering,Artist-Rooted Cultural Menu · Elevated,Signature F&B,experience,each,Elevated,Multi-course menu rooted in the artist's heritage with regional ingredients.,Zone: El Patio. Tier fit: T1; T4. Upgrades: Guest-chef collaboration. Add-ons: Bilingual menu storytelling. Substitutions: Standard reception menu.,Y,kind experience,Show,04 Physical,,,,,,,5800,,Expense,CC-VENUE,,Catalog Framework · Appetizers (Taste),Keyword,Proposed,TST-03
8000.01.02-XOS-003,8000.01.02,8000 Hospitality,8000.01 Catering & Culinary,Artist & Crew Catering,Artist-Rooted Cultural Menu · Premium,Signature F&B,experience,each,Premium,Chef-collaboration tasting menu authentically rooted in the artist's culture and region.,Zone: El Patio. Tier fit: T1; T4. Upgrades: Guest-chef collaboration. Add-ons: Bilingual menu storytelling. Substitutions: Standard reception menu.,Y,kind experience,Show,04 Physical,,,,,,,5800,,Expense,CC-VENUE,,Catalog Framework · Appetizers (Taste),Keyword,Proposed,TST-03
8000.01.02-XPMS-007,8000.01.02,8000 Hospitality,8000.01 Catering & Culinary,Artist & Crew Catering,Build-Phase Crew Meals & Hydration,Build-Phase Crew Meals & Hydration,service,each,Standard,Crew meals during build.,,Y,kind service,Build,04 Physical,,,,,,,5800,,Expense,CC-VENUE,,XPMS 3.0 canon,Exact,Proposed,
8000.01.02-XPMS-001,8000.01.02,8000 Hospitality,8000.01 Catering & Culinary,Artist & Crew Catering,Coffee Service,Coffee and Espresso Service,catering,lot,Standard,Dedicated coffee and espresso bar for crew or VIP.,"Drip coffee, espresso machine, cold brew, or pour-over.",Y,kind catering,Operate,04 Physical,200.0,170.0,230.0,336,1 to 4 catering staff (varies by headcount),90101600,5800,,Expense,CC-VENUE,2.x master catalog,XPMS 3.0 canon,Exact,Active,
8000.01.02-XPMS-002,8000.01.02,8000 Hospitality,8000.01 Catering & Culinary,Artist & Crew Catering,Craft Services,Craft Services Table,catering,lot,Standard,All-day snack and beverage station for crew and production.,"Snacks, fruit, coffee, water, sodas, energy drinks, candy.",Y,kind catering,Operate,04 Physical,350.0,300.0,400.0,336,1 to 4 catering staff (varies by headcount),90101600,5800,,Expense,CC-VENUE,2.x master catalog,XPMS 3.0 canon,Exact,Active,
8000.01.02-XPMS-003,8000.01.02,8000 Hospitality,8000.01 Catering & Culinary,Artist & Crew Catering,EDC LV · Mainstage Crew Catering Pack,,catering,lot,Standard,Auto-created during 0063 backfill from deliverables.07a084d4-45be-4c7b-8a73-161ad6345aef.,,Y,kind catering,Operate,04 Physical,,,,,,,5800,,Expense,CC-VENUE,,XPMS 3.0 canon,Exact,Active,
8000.01.02-XPMS-004,8000.01.02,8000 Hospitality,8000.01 Catering & Culinary,Artist & Crew Catering,Meal Service - Artist,Artist Meal Service,catering,lot,Standard,Hot meal service for artists and talent per rider specifications.,"Entree plus 2 sides, salad, dessert, and beverages | Dietary accommodations.",Y,kind catering,Operate,04 Physical,44.0,38.0,50.0,336,1 to 4 catering staff (varies by headcount),90101600,5800,,Expense,CC-VENUE,2.x master catalog,XPMS 3.0 canon,Exact,Active,
8000.01.02-XPMS-005,8000.01.02,8000 Hospitality,8000.01 Catering & Culinary,Artist & Crew Catering,Meal Service - Crew,Crew Meal Service,catering,lot,Standard,Hot meal service for production crew and staff.,"Entree plus 2 sides, salad, and beverage | Buffet style.",Y,kind catering,Operate,04 Physical,25.0,21.0,29.0,336,1 to 4 catering staff (varies by headcount),90101600,5800,,Expense,CC-VENUE,2.x master catalog,XPMS 3.0 canon,Exact,Active,
8000.01.02-XPMS-006,8000.01.02,8000 Hospitality,8000.01 Catering & Culinary,Artist & Crew Catering,Water and Ice Service,Bulk Water and Ice Service,catering,lot,Standard,Bulk water and ice delivery for crew hydration.,"5-gallon jugs, coolers, bulk ice, and dispensers.",Y,kind catering,Operate,04 Physical,125.0,105.0,145.0,336,1 to 4 catering staff (varies by headcount),90101600,5800,,Expense,CC-VENUE,2.x master catalog,XPMS 3.0 canon,Exact,Active,
8000.01.03-XOS-001,8000.01.03,8000 Hospitality,8000.01 Catering & Culinary,Service Equipment,Beer & Wine Service · Base,Signature F&B,experience,each,Base,House beer and wine selection.,Zone: Main Stage and Bar. Tier fit: T1; T4. Upgrades: Sommelier-curated list. Add-ons: Local-brewery feature. Substitutions: Cocktail program instead.,Y,kind experience,Show,04 Physical,,,,,,,5800,,Expense,CC-VENUE,,Catalog Framework · Appetizers (Taste),Keyword,Proposed,TST-08
8000.01.03-XOS-002,8000.01.03,8000 Hospitality,8000.01 Catering & Culinary,Service Equipment,Beer & Wine Service · Elevated,Signature F&B,experience,each,Elevated,Curated regional beer and wine list in palette with the menu.,Zone: Main Stage and Bar. Tier fit: T1; T4. Upgrades: Sommelier-curated list. Add-ons: Local-brewery feature. Substitutions: Cocktail program instead.,Y,kind experience,Show,04 Physical,,,,,,,5800,,Expense,CC-VENUE,,Catalog Framework · Appetizers (Taste),Keyword,Proposed,TST-08
8000.01.03-XOS-003,8000.01.03,8000 Hospitality,8000.01 Catering & Culinary,Service Equipment,Beer & Wine Service · Premium,Signature F&B,experience,each,Premium,Premium and artist-region wine/beer program with sommelier guidance.,Zone: Main Stage and Bar. Tier fit: T1; T4. Upgrades: Sommelier-curated list. Add-ons: Local-brewery feature. Substitutions: Cocktail program instead.,Y,kind experience,Show,04 Physical,,,,,,,5800,,Expense,CC-VENUE,,Catalog Framework · Appetizers (Taste),Keyword,Proposed,TST-08
8000.01.03-XPMS-001,8000.01.03,8000 Hospitality,8000.01 Catering & Culinary,Service Equipment,Chafing Dish,Chafing Dish,catering,lot,Standard,Stainless steel chafer for buffet hot food service.,"Full-size, half-size, or round | With fuel cans.",Y,kind catering,Operate,04 Physical,20.0,17.0,23.0,48,1 to 2 catering staff,48101700,5800,,Expense,CC-VENUE,2.x master catalog,XPMS 3.0 canon,Exact,Active,
8000.01.03-XPMS-002,8000.01.03,8000 Hospitality,8000.01 Catering & Culinary,Service Equipment,Dispenser - Beverage,Beverage Dispenser,catering,lot,Standard,Large beverage dispenser for self-serve stations.,3 gallon or 5 gallon | Insulated and glass options.,Y,kind catering,Operate,04 Physical,15.0,13.0,17.0,48,1 to 2 catering staff,48101700,5800,,Expense,CC-VENUE,2.x master catalog,XPMS 3.0 canon,Exact,Active,
8000.01.03-XPMS-003,8000.01.03,8000 Hospitality,8000.01 Catering & Culinary,Service Equipment,Flatware and China - Rental,China and Flatware Rental,catering,lot,Standard,Rental place settings for plated service.,"Dinner plate, salad plate, bread plate, full flatware, and charger.",Y,kind catering,Operate,04 Physical,8.0,7.0,9.0,48,1 to 2 catering staff,48101700,5800,,Expense,CC-VENUE,2.x master catalog,XPMS 3.0 canon,Exact,Active,
8000.01.03-XPMS-004,8000.01.03,8000 Hospitality,8000.01 Catering & Culinary,Service Equipment,Linen - Table,Table Linen,catering,lot,Standard,Table linen rental with sizing and color options.,90x90 through 120in round | Runners and napkins.,Y,kind catering,Operate,04 Physical,12.0,10.0,14.0,48,1 to 2 catering staff,48101700,5800,,Expense,CC-VENUE,2.x master catalog,XPMS 3.0 canon,Exact,Active,
8000.01.03-XOS-004,8000.01.03,8000 Hospitality,8000.01 Catering & Culinary,Service Equipment,Plated Dinner Service · Base,Signature F&B,experience,each,Base,Two-course plated dinner with one entrée choice.,Zone: El Patio. Tier fit: T2; T4. Upgrades: Sommelier pairing; tableside finish. Add-ons: Chef's-table seating. Substitutions: Family-style service.,Y,kind experience,Show,04 Physical,,,,,,,5800,,Expense,CC-VENUE,,Catalog Framework · Appetizers (Taste),Keyword,Proposed,TST-04
8000.01.03-XOS-005,8000.01.03,8000 Hospitality,8000.01 Catering & Culinary,Service Equipment,Plated Dinner Service · Elevated,Signature F&B,experience,each,Elevated,Three-course plated dinner with protein/vegetarian choice and wine pairing.,Zone: El Patio. Tier fit: T2; T4. Upgrades: Sommelier pairing; tableside finish. Add-ons: Chef's-table seating. Substitutions: Family-style service.,Y,kind experience,Show,04 Physical,,,,,,,5800,,Expense,CC-VENUE,,Catalog Framework · Appetizers (Taste),Keyword,Proposed,TST-04
8000.01.03-XOS-006,8000.01.03,8000 Hospitality,8000.01 Catering & Culinary,Service Equipment,Plated Dinner Service · Premium,Signature F&B,experience,each,Premium,Multi-course tasting with sommelier pairing and tableside finishing.,Zone: El Patio. Tier fit: T2; T4. Upgrades: Sommelier pairing; tableside finish. Add-ons: Chef's-table seating. Substitutions: Family-style service.,Y,kind experience,Show,04 Physical,,,,,,,5800,,Expense,CC-VENUE,,Catalog Framework · Appetizers (Taste),Keyword,Proposed,TST-04
8000.01.03-XPMS-005,8000.01.03,8000 Hospitality,8000.01 Catering & Culinary,Service Equipment,Utensils and Trays,Serving Utensils and Trays,catering,lot,Standard,"Serving spoons, tongs, trays, and platters for catering.",Various types and materials.,Y,kind catering,Operate,04 Physical,30.0,26.0,34.0,48,1 to 2 catering staff,48101700,5800,,Expense,CC-VENUE,2.x master catalog,XPMS 3.0 canon,Exact,Active,
8000.01.04-XPMS-001,8000.01.04,8000 Hospitality,8000.01 Catering & Culinary,Kitchen Equipment,Grill - Portable,Portable Commercial Grill,catering,lot,Standard,Freestanding commercial-grade grill for outdoor events.,24in through 48in | Multiple fuel types.,Y,kind catering,Operate,04 Physical,125.0,105.0,145.0,168,1 to 2 kitchen staff,48101800,5800,,Expense,CC-VENUE,2.x master catalog,XPMS 3.0 canon,Exact,Active,
8000.01.04-XPMS-002,8000.01.04,8000 Hospitality,8000.01 Catering & Culinary,Kitchen Equipment,Ice Machine - Portable,Portable Ice Machine,catering,lot,Standard,Temporary ice-making machine for high-volume events.,"250, 500, or 1,000 lb per day | With bin.",Y,kind catering,Operate,04 Physical,150.0,130.0,170.0,168,1 to 2 kitchen staff,48101800,5800,,Expense,CC-VENUE,2.x master catalog,XPMS 3.0 canon,Exact,Active,
8000.01.04-XPMS-003,8000.01.04,8000 Hospitality,8000.01 Catering & Culinary,Kitchen Equipment,Kitchen Trailer - Mobile,Mobile Kitchen Trailer,catering,lot,Standard,Fully equipped mobile kitchen trailer for on-site cooking.,"16ft through 36ft | With hood, cooktop, oven, fridge, and handwash.",Y,kind catering,Operate,04 Physical,1500.0,1275.0,1725.0,672,"CDL driver, electrician, plumber, kitchen staff",48101800,5800,,Expense,CC-VENUE,2.x master catalog,XPMS 3.0 canon,Exact,Active,
8000.01.04-XPMS-004,8000.01.04,8000 Hospitality,8000.01 Catering & Culinary,Kitchen Equipment,Prep Table - Stainless,Stainless Prep Table,catering,lot,Standard,Stainless steel prep table for food preparation.,24x48 through 30x72 | With undershelf and backsplash options.,Y,kind catering,Operate,04 Physical,30.0,26.0,34.0,168,1 to 2 kitchen staff,48101800,5800,,Expense,CC-VENUE,2.x master catalog,XPMS 3.0 canon,Exact,Active,
8000.01.04-XPMS-005,8000.01.04,8000 Hospitality,8000.01 Catering & Culinary,Kitchen Equipment,Refrigerator - Portable,Portable Refrigerator,catering,lot,Standard,Temporary refrigeration for food and beverage storage.,Reach-in 1-door through walk-in 8x20 | Freezer options.,Y,kind catering,Operate,04 Physical,200.0,170.0,230.0,168,1 to 2 kitchen staff,48101800,5800,,Expense,CC-VENUE,2.x master catalog,XPMS 3.0 canon,Exact,Active,
8000.01.04-XPMS-007,8000.01.04,8000 Hospitality,8000.01 Catering & Culinary,Kitchen Equipment,Supplemental Kitchen or Staff Kitchen Fit,Supplemental Kitchen / Staff Kitchen Fit,package,each,Standard,Staff kitchenette + minor adaptations only.,,X,default: a nameable resource,Build,04 Physical,,,,,,,5800,,Expense,CC-VENUE,,XPMS 3.0 canon,Exact,Proposed,
8000.01.04-XPMS-006,8000.01.04,8000 Hospitality,8000.01 Catering & Culinary,Kitchen Equipment,Warmer - Food Holding,Food Warming Cabinet,catering,lot,Standard,Portable food warming cabinet or steam table for hot holding.,"Half-size, full-size, or steam table | Heat lamp options.",Y,kind catering,Operate,04 Physical,60.0,50.0,70.0,168,1 to 2 kitchen staff,48101800,5800,,Expense,CC-VENUE,2.x master catalog,XPMS 3.0 canon,Exact,Active,
8000.02.01-XPMS-001,8000.02.01,8000 Hospitality,8000.02 Bar & Beverage,Bar Equipment,Bar - Portable,Portable Bar Unit,catering,lot,Standard,Freestanding portable bar with speed rail and ice well.,6ft or 8ft | Custom available | With sink | LED-lit options.,Y,kind catering,Operate,04 Physical,350.0,300.0,400.0,168,1 to 2 bar staff plus bartender(s),48101500,5800,,Expense,CC-VENUE,2.x master catalog,XPMS 3.0 canon,Exact,Active,
8000.02.01-XPMS-008,8000.02.01,8000 Hospitality,8000.02 Bar & Beverage,Bar Equipment,Bar Equipment Package,Bar Equipment Package,package,each,Standard,"Ice, refrigeration, espresso, juice.",,X,default: a nameable resource,Build,04 Physical,,,,,,,5800,,Expense,CC-VENUE,,XPMS 3.0 canon,Exact,Proposed,
8000.02.01-XPMS-002,8000.02.01,8000 Hospitality,8000.02 Bar & Beverage,Bar Equipment,Beer System - Draft,Draft Beer System,catering,lot,Standard,Mobile draft beer dispensing system with jockey box or glycol.,2-tap through 8-tap | Glycol long-draw available.,Y,kind catering,Operate,04 Physical,250.0,210.0,290.0,168,1 to 2 bar staff plus bartender(s),48101500,5800,,Expense,CC-VENUE,2.x master catalog,XPMS 3.0 canon,Exact,Active,
8000.02.01-XPMS-003,8000.02.01,8000 Hospitality,8000.02 Bar & Beverage,Bar Equipment,Display - Back Bar,Back Bar Display,catering,lot,Standard,Illuminated back bar shelving for bottle display.,3-tier or 4-tier | LED-lit and mirrored options.,Y,kind catering,Operate,04 Physical,75.0,65.0,85.0,168,1 to 2 bar staff plus bartender(s),48101500,5800,,Expense,CC-VENUE,2.x master catalog,XPMS 3.0 canon,Exact,Active,
8000.02.01-XPMS-006,8000.02.01,8000 Hospitality,8000.02 Bar & Beverage,Bar Equipment,Frozen Drink Machine - Dual Bowl,Frozen Drink Machine,equipment,each,Standard,Dual-bowl frozen beverage machine with NSF certification.,,X,kind equipment,Operate,05 Experiential,,,,,,,5800,,Expense,CC-VENUE,,XPMS 3.0 canon,Exact,Proposed,
8000.02.01-XPMS-004,8000.02.01,8000 Hospitality,8000.02 Bar & Beverage,Bar Equipment,Ice Bin - Portable,Portable Ice Bin,catering,lot,Standard,Portable ice maker or insulated ice storage bin.,100 lb through 500 lb | Ice maker option.,Y,kind catering,Operate,04 Physical,75.0,65.0,85.0,168,1 to 2 bar staff plus bartender(s),48101500,5800,,Expense,CC-VENUE,2.x master catalog,XPMS 3.0 canon,Exact,Active,
8000.02.01-XPMS-007,8000.02.01,8000 Hospitality,8000.02 Bar & Beverage,Bar Equipment,Kegerator - Dual Tap,Kegerator,equipment,each,Standard,Dual-tap refrigerated keg dispenser with CO2 system.,,X,kind equipment,Operate,05 Experiential,,,,,,,5800,,Expense,CC-VENUE,,XPMS 3.0 canon,Exact,Proposed,
8000.02.01-XPMS-005,8000.02.01,8000 Hospitality,8000.02 Bar & Beverage,Bar Equipment,Kit - Bar Tools,Bar Tools Kit,catering,lot,Standard,"Complete bartender tool kit with speed rail, shakers, and pourers.","Speed rail, shaker set, jiggers, strainers, muddler, pourers, bar mats.",Y,kind catering,Operate,04 Physical,48.5,42.0,55.0,168,1 to 2 bar staff plus bartender(s),48101500,5800,,Expense,CC-VENUE,2.x master catalog,XPMS 3.0 canon,Exact,Active,
8000.02.01-XPMS-009,8000.02.01,8000 Hospitality,8000.02 Bar & Beverage,Bar Equipment,Smallwares + Bar Service Kit,Smallwares + Bar Service Kit,package,each,Standard,"Glassware, tools, service kit.",,Y,name signals process or service,Build,04 Physical,,,,,,,5800,,Expense,CC-VENUE,,XPMS 3.0 canon,Exact,Proposed,
8000.02.02-XPMS-001,8000.02.02,8000 Hospitality,8000.02 Bar & Beverage,Bar Consumables,Drinkware - Disposable,Disposable Drinkware,catering,lot,Standard,Single-use cups and drinkware for high-volume events.,"16oz through 24oz | Plastic, compostable, or aluminum.",Y,kind catering,Operate,04 Physical,60.0,50.0,70.0,24,None,48101600,5800,,Expense,CC-VENUE,2.x master catalog,XPMS 3.0 canon,Exact,Active,
8000.02.02-XPMS-002,8000.02.02,8000 Hospitality,8000.02 Bar & Beverage,Bar Consumables,Glassware - Rental,Rental Glassware,catering,lot,Standard,Rental glassware for bar service.,"Rocks, highball, wine, champagne, pint, shot, or martini.",Y,kind catering,Operate,04 Physical,2.0,1.7,2.3,24,None,48101600,5800,,Expense,CC-VENUE,2.x master catalog,XPMS 3.0 canon,Exact,Active,
8000.02.02-XPMS-003,8000.02.02,8000 Hospitality,8000.02 Bar & Beverage,Bar Consumables,Kit - Garnish and Mixers,Cocktail Garnish and Mixers Kit,catering,lot,Standard,Pre-portioned garnish and mixer kit for craft cocktails.,"Citrus, herbs, simple syrup, tonic, bitters, and specialty items.",Y,kind catering,Operate,04 Physical,60.0,50.0,70.0,24,None,48101600,5800,,Expense,CC-VENUE,2.x master catalog,XPMS 3.0 canon,Exact,Active,
8000.03.01-XPMS-001,8000.03.01,8000 Hospitality,8000.03 Concessions & Vending,Concessions & Carts,Cart - Beverage,Mobile Beverage Cart,catering,lot,Standard,Rolling beverage cart for roaming drink service.,"Iced beverages, pre-mixed cocktails, beer and wine, or non-alcoholic.",Y,kind catering,Operate,04 Physical,125.0,105.0,145.0,168,1 to 2 kitchen staff,48101900,5800,,Expense,CC-VENUE,2.x master catalog,XPMS 3.0 canon,Exact,Active,
8000.03.01-XPMS-002,8000.03.01,8000 Hospitality,8000.03 Concessions & Vending,Concessions & Carts,Cart - Specialty Food,Specialty Food Cart,catering,lot,Standard,Specialty mobile cart for single-product food service.,"Coffee, gelato, popcorn, cotton candy, or pretzel.",Y,kind catering,Operate,04 Physical,350.0,300.0,400.0,168,1 to 2 kitchen staff,48101900,5800,,Expense,CC-VENUE,2.x master catalog,XPMS 3.0 canon,Exact,Active,
8000.03.01-XPMS-003,8000.03.01,8000 Hospitality,8000.03 Concessions & Vending,Concessions & Carts,Concession Stand,Concession Stand,catering,lot,Standard,Pop-up or built concession stand for food sales.,8ft through 12ft window | With equipment or shell only.,Y,kind catering,Operate,04 Physical,500.0,425.0,575.0,168,1 to 2 kitchen staff,48101900,5800,,Expense,CC-VENUE,2.x master catalog,XPMS 3.0 canon,Exact,Active,
8000.04.01-XPMS-001,8000.04.01,8000 Hospitality,8000.04 VIP & Hospitality Services,Amenities & Services,Booth - Guest Services,Guest Services Booth,catering,lot,Standard,Staffed information booth for guest assistance and wayfinding.,Table or kiosk | Signage | Staff | FAQ materials.,Y,kind catering,Operate,04 Physical,175.0,150.0,200.0,48,1 to 2 staff per station,90102000,5800,,Expense,CC-VENUE,2.x master catalog,XPMS 3.0 canon,Exact,Active,
8000.04.01-XPMS-002,8000.04.01,8000 Hospitality,8000.04 VIP & Hospitality Services,Amenities & Services,Charging Station - Phone,Phone Charging Station,catering,lot,Standard,Shared phone charging station for guests or crew.,"8-port, 16-port, locker-style, or wireless.",Y,kind catering,Operate,04 Physical,125.0,105.0,145.0,48,1 to 2 staff per station,90102000,5800,,Expense,CC-VENUE,2.x master catalog,XPMS 3.0 canon,Exact,Active,
8000.04.01-XPMS-003,8000.04.01,8000 Hospitality,8000.04 VIP & Hospitality Services,Amenities & Services,Coat Check,Coat Check Service,catering,lot,Standard,Staffed coat check or bag storage service.,"Racks, tickets, staff, and secure area.",Y,kind catering,Operate,04 Physical,250.0,210.0,290.0,48,1 to 2 staff per station,90102000,5800,,Expense,CC-VENUE,2.x master catalog,XPMS 3.0 canon,Exact,Active,
8000.04.01-XPMS-005,8000.04.01,8000 Hospitality,8000.04 VIP & Hospitality Services,Amenities & Services,El Balcón or Mezzanine VIP Lounge Fit-Out,El Balcón / Mezzanine VIP Lounge Fit-Out,package,each,Standard,"Lounge furniture, finishes, rail + accent lighting for mezzanine VIP.",,X,default: a nameable resource,Build,04 Physical,,,,,,,5800,,Expense,CC-VENUE,,XPMS 3.0 canon,Exact,Proposed,
8000.04.01-XPMS-004,8000.04.01,8000 Hospitality,8000.04 VIP & Hospitality Services,Amenities & Services,Station - Lost and Found,Lost and Found Station,catering,lot,Standard,Organized lost and found collection and return station.,"Bins, log book or app, signage, and staff.",Y,kind catering,Operate,04 Physical,75.0,65.0,85.0,48,1 to 2 staff per station,90102000,5800,,Expense,CC-VENUE,2.x master catalog,XPMS 3.0 canon,Exact,Active,
8000.04.02-XPMS-001,8000.04.02,8000 Hospitality,8000.04 VIP & Hospitality Services,VIP & Lounge,Bottle Service - VIP,Bottle Service Setup,catering,lot,Standard,"VIP table and bottle service with sparklers, mixers, and ice.","Table, bucket, sparklers, mixers, ice, and server.",Y,kind catering,Operate,04 Physical,350.0,300.0,400.0,168,1 to 2 setup crew,90101900,5800,,Expense,CC-VENUE,2.x master catalog,XPMS 3.0 canon,Exact,Active,
8000.04.02-XPMS-002,8000.04.02,8000 Hospitality,8000.04 VIP & Hospitality Services,VIP & Lounge,Hookah Lounge,Hookah Lounge Setup,catering,lot,Standard,"Hookah lounge setup with hookahs, coals, flavors, and seating.",2 to 4 hookahs | Coals | Flavors | Low seating | Tent or canopy.,Y,kind catering,Operate,04 Physical,400.0,340.0,460.0,336,"2 to 4 setup crew, staffing for service",90101900,5800,,Expense,CC-VENUE,2.x master catalog,XPMS 3.0 canon,Exact,Active,
8000.04.02-XPMS-003,8000.04.02,8000 Hospitality,8000.04 VIP & Hospitality Services,VIP & Lounge,Lounge - VIP,VIP Lounge Setup,catering,lot,Standard,"Complete VIP lounge area with furniture, decor, and service.","Lounge seating, tables, decor, lighting, and rope or stanchion.",Y,kind catering,Operate,04 Physical,1500.0,1275.0,1725.0,336,"2 to 4 setup crew, staffing for service",90101900,5800,,Expense,CC-VENUE,2.x master catalog,XPMS 3.0 canon,Exact,Active,
8000.04.02-XPMS-004,8000.04.02,8000 Hospitality,8000.04 VIP & Hospitality Services,VIP & Lounge,Roaming Champagne & Beverage Cart,Roaming Champagne & Beverage Cart,equipment,each,Standard,Styled roaming cart for champagne or specialty beverage service in VIP zones.,,X,kind equipment,Operate,05 Experiential,,,,,,,5800,,Expense,CC-VENUE,,XPMS 3.0 canon,Exact,Proposed,
8000.04.03-XPMS-001,8000.04.03,8000 Hospitality,8000.04 VIP & Hospitality Services,Artist Hospitality,Dressing Room,Dressing Room Setup,catering,lot,Standard,"Private dressing and changing room with mirror, lighting, and rack.","Mirror, lighting, garment rack, steamer, and seating.",Y,kind catering,Operate,04 Physical,250.0,210.0,290.0,168,1 to 2 setup crew,90101800,5800,,Expense,CC-VENUE,2.x master catalog,XPMS 3.0 canon,Exact,Active,
8000.04.03-XPMS-002,8000.04.03,8000 Hospitality,8000.04 VIP & Hospitality Services,Artist Hospitality,Green Room,Green Room Setup,catering,lot,Standard,Artist green room hospitality package per rider.,"Furniture, refreshments, towels, mirror, garment rack, and snacks per rider.",Y,kind catering,Operate,04 Physical,500.0,425.0,575.0,168,1 to 2 setup crew,90101800,5800,,Expense,CC-VENUE,2.x master catalog,XPMS 3.0 canon,Exact,Active,
8000.04.03-XPMS-003,8000.04.03,8000 Hospitality,8000.04 VIP & Hospitality Services,Artist Hospitality,Per Diem - Artist,Artist Per Diem,catering,lot,Standard,Cash per diem or meal buyout in lieu of provided catering.,Per rider specification | Cash or prepaid card.,Y,kind catering,Operate,04 Physical,75.0,65.0,85.0,168,1 to 2 setup crew,90101800,5800,,Expense,CC-VENUE,2.x master catalog,XPMS 3.0 canon,Exact,Active,
8000.04.03-XPMS-004,8000.04.03,8000 Hospitality,8000.04 VIP & Hospitality Services,Artist Hospitality,Rider Fulfillment,Rider Fulfillment Package,catering,lot,Standard,"Miscellaneous rider items including specific brands, towels, and candles.",Per artist or talent rider | Itemized procurement.,Y,kind catering,Operate,04 Physical,200.0,170.0,230.0,168,1 to 2 setup crew,90101800,5800,,Expense,CC-VENUE,2.x master catalog,XPMS 3.0 canon,Exact,Active,
8000.04.04-XPMS-001,8000.04.04,8000 Hospitality,8000.04 VIP & Hospitality Services,Lounge & VIP,Furniture Set - Lounge,Lounge Furniture Set,equipment,each,Standard,"Styled lounge seating group with sofa, chairs, and coffee table.",,X,kind equipment,Procure,04 Physical,,,,,,56101600,5800,,Expense,CC-VENUE,,XPMS 3.0 canon,Exact,Active,
8000.04.04-XPMS-002,8000.04.04,8000 Hospitality,8000.04 VIP & Hospitality Services,Lounge & VIP,Ottoman,Ottoman,equipment,each,Standard,Accent seating ottoman or pouf for lounge areas.,,X,kind equipment,Procure,04 Physical,,,,,,56101600,5800,,Expense,CC-VENUE,,XPMS 3.0 canon,Exact,Active,
8000.04.04-XPMS-003,8000.04.04,8000 Hospitality,8000.04 VIP & Hospitality Services,Lounge & VIP,Stool - Bar,Bar Stool,equipment,each,Standard,Tall seating for bars and high-top tables.,,X,kind equipment,Procure,04 Physical,,,,,,56101600,5800,,Expense,CC-VENUE,,XPMS 3.0 canon,Exact,Active,
8000.05.01-XPMS-001,8000.05.01,8000 Hospitality,8000.05 Lodging & Accommodation,Hotels,Hotel Block - Group Rate,Hotel Room Block,lodging,each,Standard,Negotiated group rate hotel block for production team.,,X,kind lodging,Advance,04 Physical,,,,,,90111500,5800,,Expense,CC-VENUE,,XPMS 3.0 canon,Exact,Active,
8000.05.01-XPMS-002,8000.05.01,8000 Hospitality,8000.05 Lodging & Accommodation,Hotels,Hotel Room - Standard,Standard Hotel Room,lodging,each,Standard,Standard hotel room for crew and production staff.,,X,kind lodging,Advance,04 Physical,,,,,,90111500,5800,,Expense,CC-VENUE,,XPMS 3.0 canon,Exact,Active,
8000.05.01-XPMS-003,8000.05.01,8000 Hospitality,8000.05 Lodging & Accommodation,Hotels,Hotel Suite - Premium,Hotel Suite,lodging,each,Standard,Suite or premium room for talent and senior production.,,X,kind lodging,Advance,04 Physical,,,,,,90111500,5800,,Expense,CC-VENUE,,XPMS 3.0 canon,Exact,Active,
8000.05.02-XPMS-002,8000.05.02,8000 Hospitality,8000.05 Lodging & Accommodation,Alternative Lodging,RV - Motorhome,RV or Motorhome,lodging,each,Standard,RV or motorhome for mobile talent or crew accommodation.,,X,kind lodging,Advance,04 Physical,,,,,,90111600,5800,,Expense,CC-VENUE,,XPMS 3.0 canon,Exact,Active,
8000.05.02-XPMS-001,8000.05.02,8000 Hospitality,8000.05 Lodging & Accommodation,Alternative Lodging,Rental - Vacation,Vacation Rental,lodging,each,Standard,Short-term rental house or apartment for crew or talent.,,X,kind lodging,Advance,04 Physical,,,,,,90111600,5800,,Expense,CC-VENUE,,XPMS 3.0 canon,Exact,Active,
8000.06.01-XPMS-003,8000.06.01,8000 Hospitality,8000.06 Front of House & Guest Services,Front of House & Guest Services,Box Office Staff,Box Office Staff,labor,each,Standard,"Will-call and box-office attendant handling lists, comps, and on-site sales.",,Y,kind labor,Operate,05 Experiential,,,,,,,5800,,Expense,CC-VENUE,,XPMS 3.0 canon,Exact,Proposed,
8000.06.01-XPMS-001,8000.06.01,8000 Hospitality,8000.06 Front of House & Guest Services,Front of House & Guest Services,FOH Manager,FOH Manager,labor,each,Standard,"Front-of-house manager owning doors, ingress flow, and guest-facing staff.",,Y,kind labor,Operate,05 Experiential,,,,,,,5800,,Expense,CC-VENUE,,XPMS 3.0 canon,Exact,Proposed,
8000.06.01-XPMS-002,8000.06.01,8000 Hospitality,8000.06 Front of House & Guest Services,Front of House & Guest Services,Usher or Guest Services Staff,Usher / Guest Services Staff,labor,each,Standard,"Trained usher for seating, directions, and guest assistance; 10-hr day.",,Y,kind labor,Operate,05 Experiential,,,,,,,5800,,Expense,CC-VENUE,,XPMS 3.0 canon,Exact,Proposed,
8000.50.01-XOS-001,8000.50.01,8000 Hospitality,8000.50 Beverage Service,Bartending,Bartending,,service,lump sum,Standard,Representative line for bartending so the category can carry cost. Replace with the specific item on award.,,Y,kind service,Procure,04 Physical,,,,,,,5800,,Expense,CC-VENUE,,XOS 4.0 gap fill,Representative,Proposed,8000.50.01-XOS-001
8000.50.02-XOS-001,8000.50.02,8000 Hospitality,8000.50 Beverage Service,Bar support,Bar Support,,service,lump sum,Standard,Representative line for bar support so the category can carry cost. Replace with the specific item on award.,,Y,kind service,Procure,04 Physical,,,,,,,5800,,Expense,CC-VENUE,,XOS 4.0 gap fill,Representative,Proposed,8000.50.02-XOS-001
8000.51.01-XOS-001,8000.51.01,8000 Hospitality,8000.51 Catering Service,Catering supervision,Catering Supervision,,service,lump sum,Standard,Representative line for catering supervision so the category can carry cost. Replace with the specific item on award.,,Y,kind service,Procure,04 Physical,,,,,,,5800,,Expense,CC-VENUE,,XOS 4.0 gap fill,Representative,Proposed,8000.51.01-XOS-001
8000.51.02-XOS-001,8000.51.02,8000 Hospitality,8000.51 Catering Service,Catering service,Catering Service,,service,lump sum,Standard,Representative line for catering service so the category can carry cost. Replace with the specific item on award.,,Y,kind service,Procure,04 Physical,,,,,,,5800,,Expense,CC-VENUE,,XOS 4.0 gap fill,Representative,Proposed,8000.51.02-XOS-001
8000.51.03-XOS-001,8000.51.03,8000 Hospitality,8000.51 Catering Service,Food and beverage provision,Food and Beverage Provision,,service,lump sum,Standard,Representative line for food and beverage provision so the category can carry cost. Replace with the specific item on award.,,Y,kind service,Procure,04 Physical,,,,,,,5800,,Expense,CC-VENUE,,XOS 4.0 gap fill,Representative,Proposed,8000.51.03-XOS-001
8000.52.01-XOS-001,8000.52.01,8000 Hospitality,8000.52 Event Rentals,Linen and furniture rental,Linen and Furniture Rental,,service,lump sum,Standard,Representative line for linen and furniture rental so the category can carry cost. Replace with the specific item on award.,,Y,kind service,Procure,04 Physical,,,,,,,5800,,Expense,CC-VENUE,,XOS 4.0 gap fill,Representative,Proposed,8000.52.01-XOS-001
8000.60.01-XOS-001,8000.60.01,8000 Hospitality,8000.60 Hospitality Ramp-Up Program,Scope activities,Scope Activities · Hospitality,,service,lump sum,Standard,Representative line for scope activities so the category can carry cost. Replace with the specific item on award.,,Y,kind service,Scope,04 Physical,,,,,,,5800,,Expense,CC-E00,,XOS 4.0 gap fill,Representative,Proposed,8000.60.01-XOS-001
8000.60.02-XOS-001,8000.60.02,8000 Hospitality,8000.60 Hospitality Ramp-Up Program,Engage activities,Engage Activities · Hospitality,,service,lump sum,Standard,Representative line for engage activities so the category can carry cost. Replace with the specific item on award.,,Y,kind service,Engage,04 Physical,,,,,,,5800,,Expense,CC-E00,,XOS 4.0 gap fill,Representative,Proposed,8000.60.02-XOS-001
8000.60.03-XOS-001,8000.60.03,8000 Hospitality,8000.60 Hospitality Ramp-Up Program,Advance activities,Advance Activities · Hospitality,,service,lump sum,Standard,Representative line for advance activities so the category can carry cost. Replace with the specific item on award.,,Y,kind service,Advance,04 Physical,,,,,,,5800,,Expense,CC-E00,,XOS 4.0 gap fill,Representative,Proposed,8000.60.03-XOS-001
8000.60.04-XOS-001,8000.60.04,8000 Hospitality,8000.60 Hospitality Ramp-Up Program,Procure activities,Procure Activities · Hospitality,,service,lump sum,Standard,Representative line for procure activities so the category can carry cost. Replace with the specific item on award.,,Y,kind service,Procure,04 Physical,,,,,,,5800,,Expense,CC-E00,,XOS 4.0 gap fill,Representative,Proposed,8000.60.04-XOS-001
8000.60.05-XOS-001,8000.60.05,8000 Hospitality,8000.60 Hospitality Ramp-Up Program,Build activities,Build Activities · Hospitality,,service,lump sum,Standard,Representative line for build activities so the category can carry cost. Replace with the specific item on award.,,Y,kind service,Build,04 Physical,,,,,,,5800,,Expense,CC-E00,,XOS 4.0 gap fill,Representative,Proposed,8000.60.05-XOS-001
8000.60.06-XOS-001,8000.60.06,8000 Hospitality,8000.60 Hospitality Ramp-Up Program,Install activities,Install Activities · Hospitality,,service,lump sum,Standard,Representative line for install activities so the category can carry cost. Replace with the specific item on award.,,Y,kind service,Install,04 Physical,,,,,,,5800,,Expense,CC-E00,,XOS 4.0 gap fill,Representative,Proposed,8000.60.06-XOS-001
8000.60.07-XOS-001,8000.60.07,8000 Hospitality,8000.60 Hospitality Ramp-Up Program,Operate activities,Operate Activities · Hospitality,,service,lump sum,Standard,Representative line for operate activities so the category can carry cost. Replace with the specific item on award.,,Y,kind service,Operate,04 Physical,,,,,,,5800,,Expense,CC-E00,,XOS 4.0 gap fill,Representative,Proposed,8000.60.07-XOS-001
8000.60.08-XOS-001,8000.60.08,8000 Hospitality,8000.60 Hospitality Ramp-Up Program,Amplify activities,Amplify Activities · Hospitality,,service,lump sum,Standard,Representative line for amplify activities so the category can carry cost. Replace with the specific item on award.,,Y,kind service,Amplify,04 Physical,,,,,,,5800,,Expense,CC-E00,,XOS 4.0 gap fill,Representative,Proposed,8000.60.08-XOS-001
8000.60.09-XOS-001,8000.60.09,8000 Hospitality,8000.60 Hospitality Ramp-Up Program,Close activities,Close Activities · Hospitality,,service,lump sum,Standard,Representative line for close activities so the category can carry cost. Replace with the specific item on award.,,Y,kind service,Close,04 Physical,,,,,,,5800,,Expense,CC-E00,,XOS 4.0 gap fill,Representative,Proposed,8000.60.09-XOS-001
9000.01.01-XPMS-004,9000.01.01,9000 Technology,9000.01 IT & Networking,IT & Networking,Cat6 Cable Run Package,Cat6 Cable Run Package,equipment,each,Standard,Terminated Cat6 runs with protective covering between network nodes.,,X,kind equipment,Install,02 Digital,,,,,,,5900,,Expense,CC-VENUE,,XPMS 3.0 canon,Exact,Proposed,
9000.01.01-XPMS-002,9000.01.01,9000 Technology,9000.01 IT & Networking,IT & Networking,Enterprise Wireless Access Point,Enterprise Wireless Access Point,equipment,each,Standard,Enterprise AP node extending managed WiFi coverage.,,X,kind equipment,Operate,02 Digital,,,,,,,5900,,Expense,CC-VENUE,,XPMS 3.0 canon,Exact,Proposed,
9000.01.01-XPMS-005,9000.01.01,9000 Technology,9000.01 IT & Networking,IT & Networking,Event Core Router or Firewall,Event Core Router / Firewall,equipment,each,Standard,"Core routing and firewall appliance segmenting production, vendor, and guest networks.",,X,kind equipment,Operate,02 Digital,,,,,,,5900,,Expense,CC-VENUE,,XPMS 3.0 canon,Exact,Proposed,
9000.01.01-XPMS-006,9000.01.01,9000 Technology,9000.01 IT & Networking,IT & Networking,IT Helpdesk Technician,IT Helpdesk Technician,labor,each,Standard,"On-site tech supporting printers, laptops, credentials systems, and AV-adjacent IT.",,Y,kind labor,Operate,02 Digital,,,,,,,5900,,Expense,CC-VENUE,,XPMS 3.0 canon,Exact,Proposed,
9000.01.01-XPMS-008,9000.01.01,9000 Technology,9000.01 IT & Networking,IT & Networking,"IT Room Build: Rack, Server, UPS","IT Room Build: Rack, Server, UPS",service,each,Standard,Core IT room.,,Y,kind service,Build,04 Physical,,,,,,,5900,,Expense,CC-VENUE,,XPMS 3.0 canon,Exact,Proposed,
9000.01.01-XOS-001,9000.01.01,9000 Technology,9000.01 IT & Networking,IT & Networking,Interactive or Kinetic Installation · Base,Art Installations,experience,each,Base,Simple touch or motion-triggered light piece.,Zone: Exhibition Room. Tier fit: T3; T4. Upgrades: Gesture / app control; data capture. Add-ons: Custom content design. Substitutions: Static art piece.,Y,kind experience,Build,05 Experiential,,,,,,,5900,,Expense,CC-VENUE,,Catalog Framework · Architecture (Sight),Department fallback,Proposed,SGT-31
9000.01.01-XOS-002,9000.01.01,9000 Technology,9000.01 IT & Networking,IT & Networking,Interactive or Kinetic Installation · Elevated,Art Installations,experience,each,Elevated,Sensor-driven interactive installation guests can influence.,Zone: Exhibition Room. Tier fit: T3; T4. Upgrades: Gesture / app control; data capture. Add-ons: Custom content design. Substitutions: Static art piece.,Y,kind experience,Build,05 Experiential,,,,,,,5900,,Expense,CC-VENUE,,Catalog Framework · Architecture (Sight),Department fallback,Proposed,SGT-31
9000.01.01-XOS-003,9000.01.01,9000 Technology,9000.01 IT & Networking,IT & Networking,Interactive or Kinetic Installation · Premium,Art Installations,experience,each,Premium,Bespoke interactive artwork with app or gesture control and data capture.,Zone: Exhibition Room. Tier fit: T3; T4. Upgrades: Gesture / app control; data capture. Add-ons: Custom content design. Substitutions: Static art piece.,Y,kind experience,Build,05 Experiential,,,,,,,5900,,Expense,CC-VENUE,,Catalog Framework · Architecture (Sight),Department fallback,Proposed,SGT-31
9000.01.01-XPMS-001,9000.01.01,9000 Technology,9000.01 IT & Networking,IT & Networking,Managed Network Switch - 24 or 48 Port,Managed Network Switch,equipment,each,Standard,Managed gigabit switch with VLAN config for production networks.,,X,kind equipment,Operate,02 Digital,,,,,,,5900,,Expense,CC-VENUE,,XPMS 3.0 canon,Exact,Proposed,
9000.01.01-XPMS-003,9000.01.01,9000 Technology,9000.01 IT & Networking,IT & Networking,Network Engineer or NOC Tech,Network Engineer / NOC Tech,labor,each,Standard,Engineer building and monitoring the production network through show.,,Y,kind labor,Operate,02 Digital,,,,,,,5900,,Expense,CC-VENUE,,XPMS 3.0 canon,Exact,Proposed,
9000.01.01-XPMS-010,9000.01.01,9000 Technology,9000.01 IT & Networking,IT & Networking,Podcast Production Tech,Podcast Production Tech,service,each,Standard,"Interfaces, recorders, storage.",,Y,kind service,Build,04 Physical,,,,,,,5900,,Expense,CC-VENUE,,XPMS 3.0 canon,Exact,Proposed,
9000.01.01-XPMS-007,9000.01.01,9000 Technology,9000.01 IT & Networking,IT & Networking,Rack UPS Battery Backup,Rack UPS Battery Backup,equipment,each,Standard,Rack-mount UPS protecting network core and show-critical compute.,,X,kind equipment,Operate,02 Digital,,,,,,,5900,,Expense,CC-VENUE,,XPMS 3.0 canon,Exact,Proposed,
9000.01.01-XPMS-009,9000.01.01,9000 Technology,9000.01 IT & Networking,IT & Networking,"Venue Network: Switches, WAPs, Cabling","Venue Network: Switches, WAPs, Cabling",service,each,Standard,Structured cabling + WiFi.,,Y,kind service,Build,04 Physical,,,,,,,5900,,Expense,CC-VENUE,,XPMS 3.0 canon,Exact,Proposed,
9000.02.01-XPMS-001,9000.02.01,9000 Technology,9000.02 Connectivity & Internet,Internet & Connectivity,Network - Ethernet - Temp,Temporary Ethernet Network,equipment,each,Standard,Temporary ethernet infrastructure for production and POS.,,X,kind equipment,Install,04 Physical,,,,,,43222600,5900,,Expense,CC-VENUE,,XPMS 3.0 canon,Exact,Active,
9000.02.01-XPMS-004,9000.02.01,9000 Technology,9000.02 Connectivity & Internet,Internet & Connectivity,Satellite Internet Kit - LEO,Satellite Internet Kit,equipment,each,Standard,Low-earth-orbit satellite internet terminal for venues without terrestrial service.,,X,kind equipment,Operate,02 Digital,,,,,,,5900,,Expense,CC-VENUE,,XPMS 3.0 canon,Exact,Proposed,
9000.02.01-XPMS-002,9000.02.01,9000 Technology,9000.02 Connectivity & Internet,Internet & Connectivity,Signal Booster - Cellular,Cellular Signal Booster,equipment,each,Standard,Temporary distributed antenna system or cellular booster.,,X,kind equipment,Install,04 Physical,,,,,,43222600,5900,,Expense,CC-VENUE,,XPMS 3.0 canon,Exact,Active,
9000.02.01-XPMS-003,9000.02.01,9000 Technology,9000.02 Connectivity & Internet,Internet & Connectivity,WiFi Network - Temporary,Temporary WiFi Network,equipment,each,Standard,Managed WiFi network for event operations and guest access.,,X,kind equipment,Install,04 Physical,,,,,,43222600,5900,,Expense,CC-VENUE,,XPMS 3.0 canon,Exact,Active,
9000.03.01-XPMS-001,9000.03.01,9000 Technology,9000.03 RF & Communications,Two-Way Radios,Charger - Radio - Multi-Bay,Multi-Bay Radio Charger,radio,each,Standard,6-unit or 12-unit charging station for radios.,,X,kind radio,Procure,04 Physical,,,,,,43191500,5900,,Expense,CC-VENUE,,XPMS 3.0 canon,Exact,Active,
9000.03.01-XPMS-002,9000.03.01,9000 Technology,9000.03 RF & Communications,Two-Way Radios,Motorola XPR7550 Two-Way Radio,,radio,each,Standard,"UHF digital radio, 5W, 1000 channels.",,X,kind radio,Procure,04 Physical,,,,,,,5900,,Expense,CC-VENUE,,XPMS 3.0 canon,Exact,Active,
9000.03.01-XPMS-003,9000.03.01,9000 Technology,9000.03 RF & Communications,Two-Way Radios,Radio - Two-Way - Digital,Digital Trunked Radio,radio,each,Standard,Advanced digital radio for large-scale operations.,Motorola SL300 | XPR 7550e | Hytera PD682.,X,kind radio,Procure,04 Physical,30.0,26.0,34.0,168,"1 comms tech for programming, users self-distribute",43191500,5900,,Expense,CC-VENUE,2.x master catalog,XPMS 3.0 canon,Exact,Active,
9000.03.01-XPMS-004,9000.03.01,9000 Technology,9000.03 RF & Communications,Two-Way Radios,Radio - Two-Way - Standard,Standard Two-Way Radio,radio,each,Standard,UHF or VHF handheld two-way radio for event operations.,,X,kind radio,Procure,04 Physical,,,,,,43191500,5900,,Expense,CC-VENUE,,XPMS 3.0 canon,Exact,Active,
9000.03.01-XPMS-005,9000.03.01,9000 Technology,9000.03 RF & Communications,Two-Way Radios,Repeater - Radio,Radio Repeater,radio,each,Standard,Signal repeater to extend radio coverage across large sites.,,X,kind radio,Procure,04 Physical,,,,,,43191500,5900,,Expense,CC-VENUE,,XPMS 3.0 canon,Exact,Active,
9000.03.02-XPMS-001,9000.03.02,9000 Technology,9000.03 RF & Communications,Intercoms,Intercom - Wired,Wired Intercom Station,radio,each,Standard,Hard-wired intercom for stage management and production.,,X,kind radio,Procure,04 Physical,,,,,,43191600,5900,,Expense,CC-VENUE,,XPMS 3.0 canon,Exact,Active,
9000.03.02-XPMS-002,9000.03.02,9000 Technology,9000.03 RF & Communications,Intercoms,Intercom - Wireless,Wireless Intercom Beltpack,radio,each,Standard,Digital wireless intercom for mobile production staff.,,X,kind radio,Procure,04 Physical,,,,,,43191600,5900,,Expense,CC-VENUE,,XPMS 3.0 canon,Exact,Active,
9000.04.01-XPMS-005,9000.04.01,9000 Technology,9000.04 Ticketing & Access Technology,Access Control,Guest Check-In or Invite-List Tech,Guest Check-In / Invite-List Tech,package,each,Standard,Tablets + software.,,X,default: a nameable resource,Build,04 Physical,,,,,,,5900,,Expense,CC-VENUE,,XPMS 3.0 canon,Exact,Proposed,
9000.04.01-XPMS-001,9000.04.01,9000 Technology,9000.04 Ticketing & Access Technology,Access Control,Metal Detector - Handheld,Handheld Metal Detector,credential,each,Standard,Portable wand metal detector for secondary screening.,,X,kind credential,Advance,04 Physical,,,,,,46171600,5900,,Expense,CC-VENUE,,XPMS 3.0 canon,Exact,Active,
9000.04.01-XPMS-002,9000.04.01,9000 Technology,9000.04 Ticketing & Access Technology,Access Control,Metal Detector - Walk-Through,Walk-Through Metal Detector,credential,each,Standard,Walk-through metal detector for venue entry screening.,,X,kind credential,Advance,04 Physical,,,,,,46171600,5900,,Expense,CC-VENUE,,XPMS 3.0 canon,Exact,Active,
9000.04.01-XPMS-003,9000.04.01,9000 Technology,9000.04 Ticketing & Access Technology,Access Control,Scanner - RFID Access,RFID Access Scanner,credential,each,Standard,Automated access control scanning for credentialed entry.,,X,kind credential,Advance,04 Physical,,,,,,46171600,5900,,Expense,CC-VENUE,,XPMS 3.0 canon,Exact,Active,
9000.04.01-XPMS-004,9000.04.01,9000 Technology,9000.04 Ticketing & Access Technology,Access Control,Scanner Station - Ticket,Ticket Scanner Station,credential,each,Standard,Ticket scanning hardware and box office setup.,,X,kind credential,Advance,04 Physical,,,,,,46171600,5900,,Expense,CC-VENUE,,XPMS 3.0 canon,Exact,Active,
9000.05.01-XPMS-001,9000.05.01,9000 Technology,9000.05 Point of Sale & Payments,POS & Technology,ATM - Portable,Portable ATM,equipment,each,Standard,Portable ATM for cash access at events.,,X,kind equipment,Procure,04 Physical,,,,,,52161600,5900,,Expense,CC-VENUE,,XPMS 3.0 canon,Exact,Active,
9000.05.01-XPMS-004,9000.05.01,9000 Technology,9000.05 Point of Sale & Payments,POS & Technology,Digital Asset Archive & Handover,Digital Asset Archive & Handover,service,each,Standard,"Ingest, catalogue and handover of master assets to the archive of record with retention terms and access rights stated. The creative record; Close hands over the commercial one.",,Y,kind service,Amplify,05 Experiential,,,,,,,5900,,Expense,CC-VENUE,,XPMS 3.0 canon,Exact,Proposed,
9000.05.01-XPMS-002,9000.05.01,9000 Technology,9000.05 Point of Sale & Payments,POS & Technology,POS System - Mobile,Mobile POS System,equipment,each,Standard,Mobile point-of-sale system for merch and concession sales.,,X,kind equipment,Procure,04 Physical,,,,,,52161600,5900,,Expense,CC-VENUE,,XPMS 3.0 canon,Exact,Active,
9000.05.01-XPMS-003,9000.05.01,9000 Technology,9000.05 Point of Sale & Payments,POS & Technology,Supplies - Cash Handling,Cash Handling Supplies,equipment,each,Standard,"Cash drawer, coin changer, counterfeit detector, and money bags.",,X,kind equipment,Procure,04 Physical,,,,,,52161600,5900,,Expense,CC-VENUE,,XPMS 3.0 canon,Exact,Active,
9000.06.01-XPMS-010,9000.06.01,9000 Technology,9000.06 Data & Analytics,Data & Analytics,Attendance & Engagement Analysis,Attendance & Engagement Analysis,service,each,Standard,"Analysis of attendance, dwell, throughput and engagement from access control, network and sensor data against the objectives set at Discover.",,Y,kind service,Amplify,05 Experiential,,,,,,,5900,,Expense,CC-VENUE,,XPMS 3.0 canon,Exact,Proposed,
9000.06.01-XPMS-001,9000.06.01,9000 Technology,9000.06 Data & Analytics,Data & Analytics,Attendance Analytics Platform,Attendance Analytics Platform,service,each,Standard,Scan- and sensor-based attendance counting with live dashboard.,,Y,kind service,Operate,02 Digital,,,,,,,5900,,Expense,CC-VENUE,,XPMS 3.0 canon,Exact,Proposed,
9000.06.01-XPMS-006,9000.06.01,9000 Technology,9000.06 Data & Analytics,Data & Analytics,Content Storage or NAS,Content Storage / NAS,package,each,Standard,Capture pipeline storage.,,X,default: a nameable resource,Build,04 Physical,,,,,,,5900,,Expense,CC-VENUE,,XPMS 3.0 canon,Exact,Proposed,
9000.06.01-XPMS-002,9000.06.01,9000 Technology,9000.06 Data & Analytics,Data & Analytics,Footfall & Heatmap Sensor Kit,Footfall & Heatmap Sensor Kit,equipment,each,Standard,"Sensor array measuring dwell, flow, and zone heatmaps across the footprint.",,X,kind equipment,Operate,02 Digital,,,,,,,5900,,Expense,CC-VENUE,,XPMS 3.0 canon,Exact,Proposed,
9000.06.01-XPMS-007,9000.06.01,9000 Technology,9000.06 Data & Analytics,Data & Analytics,"Internet, Data & Telecom","Internet, Data & Telecom",opex,each,Standard,"Technology · Internet, Data and Telecom.",,X,default: a nameable resource,Operate,04 Physical,,,,,,,5900,,Expense,CC-VENUE,,XPMS 3.0 canon,Exact,Proposed,
9000.06.01-XPMS-004,9000.06.01,9000 Technology,9000.06 Data & Analytics,Data & Analytics,Live Data Dashboard Setup,Live Data Dashboard Setup,service,each,Standard,"Configuration of live event dashboard aggregating ticketing, POS, and access feeds.",,Y,kind service,Advance,02 Digital,,,,,,,5900,,Expense,CC-VENUE,,XPMS 3.0 canon,Exact,Proposed,
9000.06.01-XPMS-009,9000.06.01,9000 Technology,9000.06 Data & Analytics,Data & Analytics,Livestream or Broadcast Tech,Livestream / broadcast tech,package,each,Standard,Technology · Livestream / broadcast tech.,,X,default: a nameable resource,Operate,04 Physical,,,,,,,5900,,Expense,CC-VENUE,,XPMS 3.0 canon,Exact,Proposed,
9000.06.01-XPMS-003,9000.06.01,9000 Technology,9000.06 Data & Analytics,Data & Analytics,Post-Event Data & Insights Report,Post-Event Data & Insights Report,service,each,Standard,"Synthesis of scans, sales, social, and survey data into an insights and ROI report.",,Y,kind service,Amplify,02 Digital,,,,,,,5900,,Expense,CC-VENUE,,XPMS 3.0 canon,Exact,Proposed,
9000.06.01-XPMS-011,9000.06.01,9000 Technology,9000.06 Data & Analytics,Data & Analytics,ROI & Objectives Measurement Report,ROI & Objectives Measurement Report,service,each,Standard,"Measurement of outcomes against the objectives recorded at gate 1. Where no objectives were recorded, this report states that outcomes cannot be measured rather than substituting activity metrics for them.",,Y,kind service,Amplify,05 Experiential,,,,,,,5900,,Expense,CC-VENUE,,XPMS 3.0 canon,Exact,Proposed,
9000.06.01-XPMS-005,9000.06.01,9000 Technology,9000.06 Data & Analytics,Data & Analytics,Social Listening & Sentiment Report,Social Listening & Sentiment Report,service,each,Standard,"Hashtag, mention, and sentiment analysis quantifying earned reach of the activation.",,Y,kind service,Amplify,02 Digital,,,,,,,5900,,Expense,CC-VENUE,,XPMS 3.0 canon,Exact,Proposed,
9000.06.01-XPMS-008,9000.06.01,9000 Technology,9000.06 Data & Analytics,Data & Analytics,"Software & Platform (ATLVS, POS, Ticketing)",Software & Platform,opex,each,Standard,"Technology · Software and Platform (ATLVS, POS, Ticketing).",,X,default: a nameable resource,Operate,04 Physical,,,,,,,5900,,Expense,CC-VENUE,,XPMS 3.0 canon,Exact,Proposed,
9000.07.01-XPMS-003,9000.07.01,9000 Technology,9000.07 AR / VR / XR & Immersive Tech,AR / VR / XR & Immersive Tech,360 Video Capture Rig,360 Video Capture Rig,equipment,each,Standard,360-degree camera rig with operator for immersive capture and recap content.,,X,kind equipment,Operate,03 Virtual,,,,,,,5900,,Expense,CC-VENUE,,XPMS 3.0 canon,Exact,Proposed,
9000.07.01-XPMS-004,9000.07.01,9000 Technology,9000.07 AR / VR / XR & Immersive Tech,AR / VR / XR & Immersive Tech,Holographic Fan Display - 65cm,Holographic Fan Display,equipment,each,Standard,LED fan-array hologram unit displaying floating 3D brand content.,,X,kind equipment,Operate,05 Experiential,,,,,,,5900,,Expense,CC-VENUE,,XPMS 3.0 canon,Exact,Proposed,
9000.07.01-XPMS-001,9000.07.01,9000 Technology,9000.07 AR / VR / XR & Immersive Tech,AR / VR / XR & Immersive Tech,VR Headset Station - Managed,VR Headset Station,equipment,each,Standard,"Single VR station with headset, sanitation, attendant, and loaded experience.",,X,kind equipment,Operate,03 Virtual,,,,,,,5900,,Expense,CC-VENUE,,XPMS 3.0 canon,Exact,Proposed,
9000.07.01-XPMS-002,9000.07.01,9000 Technology,9000.07 AR / VR / XR & Immersive Tech,AR / VR / XR & Immersive Tech,WebAR Photo Experience Build,WebAR Photo Experience Build,service,each,Standard,"Browser-based AR experience: face/world effects, branded capture, share flow.",,Y,kind service,Scope,03 Virtual,,,,,,,5900,,Expense,CC-VENUE,,XPMS 3.0 canon,Exact,Proposed,
9000.07.01-XPMS-005,9000.07.01,9000 Technology,9000.07 AR / VR / XR & Immersive Tech,AR / VR / XR & Immersive Tech,XR Stage Calibration Service,XR Stage Calibration Service,service,each,Standard,Camera-tracking and LED-volume calibration for XR / virtual-production capture.,,Y,kind service,Install,03 Virtual,,,,,,,5900,,Expense,CC-VENUE,,XPMS 3.0 canon,Exact,Proposed,
9000.07.01-XPMS-006,9000.07.01,9000 Technology,9000.07 AR / VR / XR & Immersive Tech,AR / VR / XR & Immersive Tech,XR or Innovation Layer (Placeholder),XR / Innovation Layer,package,each,Standard,Future-proof placeholder.,,X,default: a nameable resource,Build,04 Physical,,,,,,,5900,,Expense,CC-VENUE,,XPMS 3.0 canon,Exact,Proposed,
9000.08.01-XPMS-001,9000.08.01,9000 Technology,9000.08 Cybersecurity & Systems,Security Systems,Camera - Security - Temp,Temporary Security Camera,equipment,each,Standard,Temporary security camera system for site monitoring.,,X,kind equipment,Procure,04 Physical,,,,,,46171500,5900,,Expense,CC-VENUE,,XPMS 3.0 canon,Exact,Active,
9000.08.01-XPMS-003,9000.08.01,9000 Technology,9000.08 Cybersecurity & Systems,Security Systems,Guest-Data Privacy + Network Security,Guest-Data Privacy + Network Security,package,each,Standard,Privacy + network hardening.,,X,default: a nameable resource,Build,04 Physical,,,,,,,5900,,Expense,CC-VENUE,,XPMS 3.0 canon,Exact,Proposed,
9000.08.01-XPMS-002,9000.08.01,9000 Technology,9000.08 Cybersecurity & Systems,Security Systems,Lighting - Security,Temporary Security Lighting,equipment,each,Standard,Temporary high-intensity security lighting.,,X,kind equipment,Procure,04 Physical,,,,,,46171500,5900,,Expense,CC-VENUE,,XPMS 3.0 canon,Exact,Active,
9000.09.01-XPMS-003,9000.09.01,9000 Technology,9000.09 Digital Signage & CMS,Digital Signage,Battery Digital Poster Totem - 55in,Battery Digital Poster Totem,equipment,each,Standard,Battery-powered 55-inch digital poster on wheels with content loop.,,X,kind equipment,Operate,02 Digital,,,,,,,5900,,Expense,CC-VENUE,,XPMS 3.0 canon,Exact,Proposed,
9000.09.01-XOS-001,9000.09.01,9000 Technology,9000.09 Digital Signage & CMS,Digital Signage,Digital or Projection Art · Base,Art Installations,experience,each,Base,Looping generative content on a single surface.,Zone: Exhibition Room. Tier fit: T2; T4. Upgrades: Generative live-reactive system. Add-ons: Artist content commission. Substitutions: Physical mural instead.,Y,kind experience,Build,02 Digital,,,,,,,5900,,Expense,CC-VENUE,,Catalog Framework · Architecture (Sight),Keyword,Proposed,SGT-32
9000.09.01-XOS-002,9000.09.01,9000 Technology,9000.09 Digital Signage & CMS,Digital Signage,Digital or Projection Art · Elevated,Art Installations,experience,each,Elevated,Multi-surface digital art with curated motion content.,Zone: Exhibition Room. Tier fit: T2; T4. Upgrades: Generative live-reactive system. Add-ons: Artist content commission. Substitutions: Physical mural instead.,Y,kind experience,Build,02 Digital,,,,,,,5900,,Expense,CC-VENUE,,Catalog Framework · Architecture (Sight),Keyword,Proposed,SGT-32
9000.09.01-XOS-003,9000.09.01,9000 Technology,9000.09 Digital Signage & CMS,Digital Signage,Digital or Projection Art · Premium,Art Installations,experience,each,Premium,"Full generative art environment, custom-commissioned and live-reactive.",Zone: Exhibition Room. Tier fit: T2; T4. Upgrades: Generative live-reactive system. Add-ons: Artist content commission. Substitutions: Physical mural instead.,Y,kind experience,Build,02 Digital,,,,,,,5900,,Expense,CC-VENUE,,Catalog Framework · Architecture (Sight),Keyword,Proposed,SGT-32
9000.09.01-XOS-004,9000.09.01,9000 Technology,9000.09 Digital Signage & CMS,Digital Signage,Digital or VMS Screens · Base,Venue Signage,experience,each,Base,Single portable screen looping a holding slide.,Zone: All Zones. Tier fit: T2; T4. Upgrades: Live content control + matrix. Add-ons: Outdoor-rated patio screen. Substitutions: Printed static signage.,Y,kind experience,Build,02 Digital,,,,,,,5900,,Expense,CC-VENUE,,Catalog Framework · Architecture (Sight),Keyword,Proposed,SGT-21
9000.09.01-XOS-005,9000.09.01,9000 Technology,9000.09 Digital Signage & CMS,Digital Signage,Digital or VMS Screens · Elevated,Venue Signage,experience,each,Elevated,Two to three networked screens with scheduled content per zone.,Zone: All Zones. Tier fit: T2; T4. Upgrades: Live content control + matrix. Add-ons: Outdoor-rated patio screen. Substitutions: Printed static signage.,Y,kind experience,Build,02 Digital,,,,,,,5900,,Expense,CC-VENUE,,Catalog Framework · Architecture (Sight),Keyword,Proposed,SGT-21
9000.09.01-XOS-006,9000.09.01,9000 Technology,9000.09 Digital Signage & CMS,Digital Signage,Digital or VMS Screens · Premium,Venue Signage,experience,each,Premium,Integrated digital signage network with live content control and a message matrix.,Zone: All Zones. Tier fit: T2; T4. Upgrades: Live content control + matrix. Add-ons: Outdoor-rated patio screen. Substitutions: Printed static signage.,Y,kind experience,Build,02 Digital,,,,,,,5900,,Expense,CC-VENUE,,Catalog Framework · Architecture (Sight),Keyword,Proposed,SGT-21
9000.09.01-XPMS-001,9000.09.01,9000 Technology,9000.09 Digital Signage & CMS,Digital Signage,Kiosk - Digital,Digital Kiosk,equipment,each,Standard,Freestanding digital display kiosk for wayfinding or information.,,X,kind equipment,Install,04 Physical,,,,,,43211700,5900,,Expense,CC-VENUE,,XPMS 3.0 canon,Exact,Active,
9000.09.01-XPMS-002,9000.09.01,9000 Technology,9000.09 Digital Signage & CMS,Digital Signage,Message Board - LED,LED Message Board,equipment,each,Standard,Programmable LED message display for announcements.,,X,kind equipment,Install,04 Physical,,,,,,43211700,5900,,Expense,CC-VENUE,,XPMS 3.0 canon,Exact,Active,
9000.09.01-XPMS-004,9000.09.01,9000 Technology,9000.09 Digital Signage & CMS,Digital Signage,Signage CMS License & Scheduling,Signage CMS License & Scheduling,service,each,Standard,Content-management licensing and dayparted scheduling across digital signage endpoints.,,Y,kind service,Operate,02 Digital,,,,,,,5900,,Expense,CC-VENUE,,XPMS 3.0 canon,Exact,Proposed,
9000.50.01-XOS-001,9000.50.01,9000 Technology,9000.50 Audio Systems,Audio system design,Audio System Design,,service,lump sum,Standard,Representative line for audio system design so the category can carry cost. Replace with the specific item on award.,,Y,kind service,Procure,04 Physical,,,,,,,5900,,Expense,CC-VENUE,,XOS 4.0 gap fill,Representative,Proposed,9000.50.01-XOS-001
9000.50.02-XOS-001,9000.50.02,9000 Technology,9000.50 Audio Systems,Front of house audio,Front of House Audio,,service,lump sum,Standard,Representative line for front of house audio so the category can carry cost. Replace with the specific item on award.,,Y,kind service,Procure,04 Physical,,,,,,,5900,,Expense,CC-VENUE,,XOS 4.0 gap fill,Representative,Proposed,9000.50.02-XOS-001
9000.50.03-XOS-001,9000.50.03,9000 Technology,9000.50 Audio Systems,Stage audio,Stage Audio,,service,lump sum,Standard,Representative line for stage audio so the category can carry cost. Replace with the specific item on award.,,Y,kind service,Procure,04 Physical,,,,,,,5900,,Expense,CC-VENUE,,XOS 4.0 gap fill,Representative,Proposed,9000.50.03-XOS-001
9000.50.04-XOS-001,9000.50.04,9000 Technology,9000.50 Audio Systems,Loudspeaker supply,Loudspeaker Supply,,service,lump sum,Standard,Representative line for loudspeaker supply so the category can carry cost. Replace with the specific item on award.,,Y,kind service,Procure,04 Physical,,,,,,,5900,,Expense,CC-VENUE,,XOS 4.0 gap fill,Representative,Proposed,9000.50.04-XOS-001
9000.51.01-XOS-001,9000.51.01,9000 Technology,9000.51 Lighting and Video,Lighting operation,Lighting Operation,,service,lump sum,Standard,Representative line for lighting operation so the category can carry cost. Replace with the specific item on award.,,Y,kind service,Procure,04 Physical,,,,,,,5900,,Expense,CC-VENUE,,XOS 4.0 gap fill,Representative,Proposed,9000.51.01-XOS-001
9000.51.02-XOS-001,9000.51.02,9000 Technology,9000.51 Lighting and Video,Video operation,Video Operation,,service,lump sum,Standard,Representative line for video operation so the category can carry cost. Replace with the specific item on award.,,Y,kind service,Procure,04 Physical,,,,,,,5900,,Expense,CC-VENUE,,XOS 4.0 gap fill,Representative,Proposed,9000.51.02-XOS-001
9000.52.01-XOS-001,9000.52.01,9000 Technology,9000.52 Venue IT,Network provision,Network Provision,,service,lump sum,Standard,Representative line for network provision so the category can carry cost. Replace with the specific item on award.,,Y,kind service,Procure,04 Physical,,,,,,,5900,,Expense,CC-VENUE,,XOS 4.0 gap fill,Representative,Proposed,9000.52.01-XOS-001
9000.52.02-XOS-001,9000.52.02,9000 Technology,9000.52 Venue IT,Access control and CCTV,Access Control and CCTV,,service,lump sum,Standard,Representative line for access control and cctv so the category can carry cost. Replace with the specific item on award.,,Y,kind service,Procure,04 Physical,,,,,,,5900,,Expense,CC-VENUE,,XOS 4.0 gap fill,Representative,Proposed,9000.52.02-XOS-001
9000.52.03-XOS-001,9000.52.03,9000 Technology,9000.52 Venue IT,Point of sale,Point of Sale,,service,lump sum,Standard,Representative line for point of sale so the category can carry cost. Replace with the specific item on award.,,Y,kind service,Procure,04 Physical,,,,,,,5900,,Expense,CC-VENUE,,XOS 4.0 gap fill,Representative,Proposed,9000.52.03-XOS-001
9000.53.01-XOS-001,9000.53.01,9000 Technology,9000.53 Systems Integration,Audiovisual integration,Audiovisual Integration,,service,lump sum,Standard,Representative line for audiovisual integration so the category can carry cost. Replace with the specific item on award.,,Y,kind service,Procure,04 Physical,,,,,,,5900,,Expense,CC-VENUE,,XOS 4.0 gap fill,Representative,Proposed,9000.53.01-XOS-001
9000.60.01-XOS-001,9000.60.01,9000 Technology,9000.60 Technology Ramp-Up Program,Scope activities,Scope Activities · Technology,,service,lump sum,Standard,Representative line for scope activities so the category can carry cost. Replace with the specific item on award.,,Y,kind service,Scope,04 Physical,,,,,,,5900,,Expense,CC-E00,,XOS 4.0 gap fill,Representative,Proposed,9000.60.01-XOS-001
9000.60.02-XOS-001,9000.60.02,9000 Technology,9000.60 Technology Ramp-Up Program,Engage activities,Engage Activities · Technology,,service,lump sum,Standard,Representative line for engage activities so the category can carry cost. Replace with the specific item on award.,,Y,kind service,Engage,04 Physical,,,,,,,5900,,Expense,CC-E00,,XOS 4.0 gap fill,Representative,Proposed,9000.60.02-XOS-001
9000.60.03-XOS-001,9000.60.03,9000 Technology,9000.60 Technology Ramp-Up Program,Advance activities,Advance Activities · Technology,,service,lump sum,Standard,Representative line for advance activities so the category can carry cost. Replace with the specific item on award.,,Y,kind service,Advance,04 Physical,,,,,,,5900,,Expense,CC-E00,,XOS 4.0 gap fill,Representative,Proposed,9000.60.03-XOS-001
9000.60.04-XOS-001,9000.60.04,9000 Technology,9000.60 Technology Ramp-Up Program,Procure activities,Procure Activities · Technology,,service,lump sum,Standard,Representative line for procure activities so the category can carry cost. Replace with the specific item on award.,,Y,kind service,Procure,04 Physical,,,,,,,5900,,Expense,CC-E00,,XOS 4.0 gap fill,Representative,Proposed,9000.60.04-XOS-001
9000.60.05-XOS-001,9000.60.05,9000 Technology,9000.60 Technology Ramp-Up Program,Build activities,Build Activities · Technology,,service,lump sum,Standard,Representative line for build activities so the category can carry cost. Replace with the specific item on award.,,Y,kind service,Build,04 Physical,,,,,,,5900,,Expense,CC-E00,,XOS 4.0 gap fill,Representative,Proposed,9000.60.05-XOS-001
9000.60.06-XOS-001,9000.60.06,9000 Technology,9000.60 Technology Ramp-Up Program,Install activities,Install Activities · Technology,,service,lump sum,Standard,Representative line for install activities so the category can carry cost. Replace with the specific item on award.,,Y,kind service,Install,04 Physical,,,,,,,5900,,Expense,CC-E00,,XOS 4.0 gap fill,Representative,Proposed,9000.60.06-XOS-001
9000.60.07-XOS-001,9000.60.07,9000 Technology,9000.60 Technology Ramp-Up Program,Operate activities,Operate Activities · Technology,,service,lump sum,Standard,Representative line for operate activities so the category can carry cost. Replace with the specific item on award.,,Y,kind service,Operate,04 Physical,,,,,,,5900,,Expense,CC-E00,,XOS 4.0 gap fill,Representative,Proposed,9000.60.07-XOS-001
9000.60.08-XOS-001,9000.60.08,9000 Technology,9000.60 Technology Ramp-Up Program,Amplify activities,Amplify Activities · Technology,,service,lump sum,Standard,Representative line for amplify activities so the category can carry cost. Replace with the specific item on award.,,Y,kind service,Amplify,04 Physical,,,,,,,5900,,Expense,CC-E00,,XOS 4.0 gap fill,Representative,Proposed,9000.60.08-XOS-001
9000.60.09-XOS-001,9000.60.09,9000 Technology,9000.60 Technology Ramp-Up Program,Close activities,Close Activities · Technology,,service,lump sum,Standard,Representative line for close activities so the category can carry cost. Replace with the specific item on award.,,Y,kind service,Close,04 Physical,,,,,,,5900,,Expense,CC-E00,,XOS 4.0 gap fill,Representative,Proposed,9000.60.09-XOS-001
